project_name,country,common_region,region_group,status,sector,capture_type,transport_type,storage_type,utilization_type,start_year,announced_year,capacity_tpa,capacity_mtpa,latitude,longitude,raw_status,raw_sector,source_file,status_standardized
3D DMX ArcelorMittal and IFPEN Dunkirk (full-scale),France,Europe,Europe,Cancelled,Industry,Capture,,,,2025,2019,700000.0,0.7,,,Cancelled,Industry,IEA-CCUS-2026.xlsx,cancelled_or_suspended
8Rivers H2 (8RH2) (WY),United States,United States,North America,Planned,Fuel transformation,Capture,,Dedicated storage,,,2022,,,,,Planned,Fuel transformation,IEA-CCUS-2026.xlsx,planned
Emirates Steel Industries,United Arab Emirates,Middle East,Middle East,Operational,Industry,Full chain,,EOR,,2016,2007,800000.0,0.8,,,Operational,Industry,IEA-CCUS-2026.xlsx,operational
Habshan-Bab gas plant,United Arab Emirates,Middle East,Middle East,Under construction,Fuel transformation,Full chain,,EOR,,2026,2020,1500000.0,1.5,,,Under construction,Fuel transformation,IEA-CCUS-2026.xlsx,under_construction
Shah gas plant (Abu Dhabi CCS Phase 2),United Arab Emirates,Middle East,Middle East,Planned,Fuel transformation,Full chain,,EOR,,2030,2020,2300000.0,2.3,,,Planned,Fuel transformation,IEA-CCUS-2026.xlsx,planned
Acorn CCS phase 1-Capture at St Fergus,United Kingdom,Europe,Europe,Planned,Fuel transformation,Capture,,Dedicated storage,,,2016,300000.0,0.3,,,Planned,Fuel transformation,IEA-CCUS-2026.xlsx,planned
Acorn CCS phase 1-T&S,United Kingdom,Europe,Europe,Planned,CO2 T&S,T&S,,Dedicated storage,,2028,2016,800000.0,0.8,,,Planned,CO2 T&S,IEA-CCUS-2026.xlsx,planned
Acorn CCS phase 2,United Kingdom,Europe,Europe,Planned,CO2 T&S,T&S,,Dedicated storage,,,2017,5000000.0,5.0,,,Planned,CO2 T&S,IEA-CCUS-2026.xlsx,planned
Acorn H2,United Kingdom,Europe,Europe,Planned,Fuel transformation,Capture,,Dedicated storage,,,2018,400000.0,0.4,,,Planned,Fuel transformation,IEA-CCUS-2026.xlsx,planned
Adbri Project,Australia,Australia,Australia and New Zealand,Cancelled,Industry,Capture,,Dedicated storage,,,2021,,,,,Cancelled,Industry,IEA-CCUS-2026.xlsx,cancelled_or_suspended
Mt Simon Hub CCS Pipeline (IA),United States,United States,North America,Cancelled,CO2 T&S,Transport,,Dedicated storage,,2028,2022,12000000.0,12.0,,,Cancelled,CO2 T&S,IEA-CCUS-2026.xlsx,cancelled_or_suspended
ADM Cedar rapids bioethanol (IA),United States,United States,North America,Planned,Fuel transformation,Capture,,Dedicated storage,,2028,2022,,,,,Planned,Fuel transformation,IEA-CCUS-2026.xlsx,planned
ADM Clinton bioethanol (IA),United States,United States,North America,Planned,Fuel transformation,Capture,,Dedicated storage,,2028,2022,,,,,Planned,Fuel transformation,IEA-CCUS-2026.xlsx,planned
Aemetis CCS Keyes facility (CA),United States,United States,North America,Planned,Fuel transformation,Capture,,Dedicated storage,,2028,2021,200000.0,0.2,,,Planned,Fuel transformation,IEA-CCUS-2026.xlsx,planned
Aemetis CCS Riverbank facility (CA),United States,United States,North America,Planned,Fuel transformation,Capture,,Dedicated storage,,2028,2021,200000.0,0.2,,,Planned,Fuel transformation,IEA-CCUS-2026.xlsx,planned
Air Liquide hydrogen facility Rotterdam (Porthos),Netherlands,Europe,Europe,Under construction,Fuel transformation,Capture,,Dedicated storage,,2026,2012,500000.0,0.5,,,Under construction,Fuel transformation,IEA-CCUS-2026.xlsx,under_construction
Aramis CCS transport phase 1,Netherlands,Europe,Europe,Planned,CO2 T&S,Transport,,Dedicated storage,,2030,2019,12900000.0,12.9,,,Planned,CO2 T&S,IEA-CCUS-2026.xlsx,planned
Net-zero Hydrogen Energy Complex (ALB),Canada,Canada,North America,Under construction,Fuel transformation,Capture,,,,2028,2021,3000000.0,3.0,,,Under construction,Fuel transformation,IEA-CCUS-2026.xlsx,under_construction
AirCapture DACU at Nutrien Kennewick Fertilizer (WA),United States,United States,North America,Planned,DAC,CCU,,,,,2022,,,,,Planned,DAC,IEA-CCUS-2026.xlsx,planned
AirCapture Nuclear DAC at JM Farley Nuclear (AL),United States,United States,North America,Planned,DAC,Capture,,Dedicated storage,,,2022,,,,,Planned,DAC,IEA-CCUS-2026.xlsx,planned
Merritt Electrofuels Project DAC (BC),Canada,Canada,North America,Planned,DAC,CCU,,,,,2021,250000.0,0.25,,,Planned,DAC,IEA-CCUS-2026.xlsx,planned
Alberta Carbon Grid (ALB) phase 1 (Industrial heartland),Canada,Canada,North America,Planned,CO2 T&S,T&S,,Dedicated storage,,2028,2021,10000000.0,10.0,,,Planned,CO2 T&S,IEA-CCUS-2026.xlsx,planned
Alberta Carbon Trunk Line (ACTL) (ALB),Canada,Canada,North America,Operational,CO2 T&S,Transport,,EOR,,2020,2011,14600000.0,14.6,,,Operational,CO2 T&S,IEA-CCUS-2026.xlsx,operational
Altera Stella Maris CCS Project Phase 2,Norway,Europe,Europe,Planned,CO2 T&S,T&S,,Dedicated storage,,,2020,3000000.0,3.0,,,Planned,CO2 T&S,IEA-CCUS-2026.xlsx,planned
Antwerp@ C CO2 Export Hub phase 1,Belgium,Europe,Europe,Planned,CO2 T&S,Transport,,Dedicated storage,,2030,2019,2500000.0,2.5,,,Planned,CO2 T&S,IEA-CCUS-2026.xlsx,planned
Aramis CCS storage phase 1,Netherlands,Europe,Europe,Planned,CO2 T&S,Storage,,Dedicated storage,,2030,2019,7500000.0,7.5,,,Planned,CO2 T&S,IEA-CCUS-2026.xlsx,planned
Aramis CCS storage phase 2,Netherlands,Europe,Europe,Planned,CO2 T&S,Storage,,Dedicated storage,,2033,2019,3100000.0,3.1,,,Planned,CO2 T&S,IEA-CCUS-2026.xlsx,planned
Arcelor LanzaTech Carbalyst (Steelanol) Ghent,Belgium,Europe,Europe,Operational,Industry,CCU,,,,2022,2011,125000.0,0.125,,,Operational,Industry,IEA-CCUS-2026.xlsx,operational
Arkalon CO2 Compression Facility (KS),United States,United States,North America,Operational,Fuel transformation,Full chain,,EOR,,2009,,310000.0,0.31,,,Operational,Fuel transformation,IEA-CCUS-2026.xlsx,operational
Arthit offshore gas field CCS,Thailand,Thailand,Other Asia Pacific,Planned,Fuel transformation,Full chain,,Dedicated storage,,2028,2021,1000000.0,1.0,,,Planned,Fuel transformation,IEA-CCUS-2026.xlsx,planned
Arun CCS,Indonesia,Indonesia,Other Asia Pacific,Planned,CO2 T&S,Storage,,Dedicated storage,,2029,2022,,,,,Planned,CO2 T&S,IEA-CCUS-2026.xlsx,planned
Eastern Louisiana Clean Energy Complex (LA) ,United States,United States,North America,Planned,Fuel transformation,Full chain,,Dedicated storage,,2029,2021,5000000.0,5.0,,,Planned,Fuel transformation,IEA-CCUS-2026.xlsx,planned
Atlas Carbon Sequestration Hub Phase 1 (ALB),Canada,Canada,North America,Under construction,CO2 T&S,T&S,,Dedicated storage,,2028,2021,650000.0,0.65,,,Under construction,CO2 T&S,IEA-CCUS-2026.xlsx,under_construction
Atlas Carbon Sequestration Hub Phase 2 (ALB),Canada,Canada,North America,Planned,CO2 T&S,T&S,,Dedicated storage,,2028,2022,9250000.0,9.25,,,Planned,CO2 T&S,IEA-CCUS-2026.xlsx,planned
Aukra Hydrogen Hub,Norway,Europe,Europe,Cancelled,Fuel transformation,Full chain,,,,2030,2021,,,,,Cancelled,Fuel transformation,IEA-CCUS-2026.xlsx,cancelled_or_suspended
Avedøre Power Station CCS,Denmark,Europe,Europe,Under construction,Power and heat,Capture,,Dedicated storage,,2026,2021,150000.0,0.15,,,Under construction,Power and heat,IEA-CCUS-2026.xlsx,under_construction
Balikpapan Refinery,Indonesia,Indonesia,Other Asia Pacific,Planned,Fuel transformation,Full chain,,,,2030,2022,,,,,Planned,Fuel transformation,IEA-CCUS-2026.xlsx,planned
Barents Blue ammonia project Train 1,Norway,Europe,Europe,Planned,Fuel transformation,Capture,,Dedicated storage,,2031,2021,2000000.0,2.0,,,Planned,Fuel transformation,IEA-CCUS-2026.xlsx,planned
Barents Blue ammonia project Train 2,Norway,Europe,Europe,Planned,Fuel transformation,Capture,,Dedicated storage,,,2021,2000000.0,2.0,,,Planned,Fuel transformation,IEA-CCUS-2026.xlsx,planned
Barents Blue ammonia project Train 3,Norway,Europe,Europe,Planned,Fuel transformation,Capture,,Dedicated storage,,,2021,2000000.0,2.0,,,Planned,Fuel transformation,IEA-CCUS-2026.xlsx,planned
Barossa and Darwin liquefied natural gas (DLNG) CCUS,Australia,Australia,Australia and New Zealand,Planned,Fuel transformation,Capture,,Dedicated storage,,2028,2021,2300000.0,2.3,,,Planned,Fuel transformation,IEA-CCUS-2026.xlsx,planned
Bayou Bend East offshore (TX),United States,United States,North America,Planned,CO2 T&S,T&S,,Dedicated storage,,,2021,,,,,Planned,CO2 T&S,IEA-CCUS-2026.xlsx,planned
Bayu-Undan field storage hub Timor-Leste phase 1,Australia-Timor Leste,Australia-Timor Leste,Australia and New Zealand,Planned,CO2 T&S,T&S,,Dedicated storage,,2028,2021,2300000.0,2.3,,,Planned,CO2 T&S,IEA-CCUS-2026.xlsx,planned
Soderenergi Igelsta plant,Sweden,Europe,Europe,Cancelled,Power and heat,Capture,,Dedicated storage,,,2020,500000.0,0.5,,,Cancelled,Power and heat,IEA-CCUS-2026.xlsx,cancelled_or_suspended
Bonanza BioEnergy CCUS EOR (KS),United States,United States,North America,Operational,Fuel transformation,Full chain,,EOR,,2012,2010,160000.0,0.16,,,Operational,Fuel transformation,IEA-CCUS-2026.xlsx,operational
Berrima cement plant (NSW),Australia,Australia,Australia and New Zealand,Cancelled,Industry,CCU,,,,,2022,100000.0,0.1,,,Cancelled,Industry,IEA-CCUS-2026.xlsx,cancelled_or_suspended
Borealis Antwerp CCS,Belgium,Europe,Europe,Planned,Industry,Capture,,,,2030,2021,,,,,Planned,Industry,IEA-CCUS-2026.xlsx,planned
Borregaard / SAE (Borg CO2) (2 facilities),Norway,Europe,Europe,Planned,Power and heat,Capture,,Dedicated storage,,2035,2019,150000.0,0.15,,,Planned,Power and heat,IEA-CCUS-2026.xlsx,planned
Boryeong Blue hydrogen,South Korea,South Korea,Other Asia Pacific,Planned,Fuel transformation,Capture,,Dedicated storage,,,2021,2000000.0,2.0,,,Planned,Fuel transformation,IEA-CCUS-2026.xlsx,planned
Boundary Dam CCS (SASK),Canada,Canada,North America,Operational,Power and heat,Capture,,EOR,,2014,2008,1000000.0,1.0,,,Operational,Power and heat,IEA-CCUS-2026.xlsx,operational
Bridgeport Energy Moonie CCUS Project,Australia,Australia,Australia and New Zealand,Cancelled,CO2 T&S,T&S,,EOR,,2025,2018,120000.0,0.12,,,Cancelled,CO2 T&S,IEA-CCUS-2026.xlsx,cancelled_or_suspended
Broadwing Clean Energy Complex (IL),United States,United States,North America,Planned,Power and heat,Capture,,Dedicated storage,,2030,2021,2000000.0,2.0,,,Planned,Power and heat,IEA-CCUS-2026.xlsx,planned
Bushmills Ethanol Atwater (MN),United States,United States,North America,Planned,Fuel transformation,Capture,,Dedicated storage,,2028,2022,230000.0,0.23,,,Planned,Fuel transformation,IEA-CCUS-2026.xlsx,planned
CalCapture CCPP (Elk Hills) (CA) ,United States,United States,North America,Planned,Power and heat,Capture,,Dedicated storage,,2028,2019,1400000.0,1.4,,,Planned,Power and heat,IEA-CCUS-2026.xlsx,planned
Caledonia Clean Energy (previously Captain Clean Energy),United Kingdom,Europe,Europe,Planned,Power and heat,Full chain,,Dedicated storage,,2028,2012,3000000.0,3.0,,,Planned,Power and heat,IEA-CCUS-2026.xlsx,planned
Carbon America Sterling ethanol (CO),United States,United States,North America,Planned,Fuel transformation,Full chain,,Dedicated storage,,2029,2022,350000.0,0.35,,,Planned,Fuel transformation,IEA-CCUS-2026.xlsx,planned
Carbon America Yuma ethanol (CO),United States,United States,North America,Planned,Fuel transformation,Full chain,,Dedicated storage,,2029,2022,,,,,Planned,Fuel transformation,IEA-CCUS-2026.xlsx,planned
Carbon Capture at Ince Fertiliser Site,United Kingdom,Europe,Europe,Cancelled,Industry,Capture,,Dedicated storage,,,2018,400000.0,0.4,,,Cancelled,Industry,IEA-CCUS-2026.xlsx,cancelled_or_suspended
Carbon2ProductAustria (C2PAT) - Lafarge Mannersdorf,Austria,Austria,Europe,Planned,Industry,CCU,,,,2030,2020,750000.0,0.75,,,Planned,Industry,IEA-CCUS-2026.xlsx,planned
CarbonCapture DACU Carbon Cure at Gary Works (IN),United States,United States,North America,Planned,DAC,CCU,,,,,2022,5000.0,0.005,,,Planned,DAC,IEA-CCUS-2026.xlsx,planned
CarbonNet,Australia,Australia,Australia and New Zealand,Planned,CO2 T&S,T&S,,Dedicated storage,,2030,2010,6000000.0,6.0,,,Planned,CO2 T&S,IEA-CCUS-2026.xlsx,planned
CCUS at Red Hills natural gas processing complex (NM) EOR Phase 2,United States,United States,North America,Under construction,Fuel transformation,Full chain,,EOR,,,2022,360000.0,0.36,,,Under construction,Fuel transformation,IEA-CCUS-2026.xlsx,under_construction
CCUS at Red Hills natural gas processing complex (NM) EOR Phase 3,United States,United States,North America,Planned,Fuel transformation,Full chain,,EOR,,2028,2022,260000.0,0.26,,,Planned,Fuel transformation,IEA-CCUS-2026.xlsx,planned
Cementa Slite plant,Sweden,Europe,Europe,Planned,Industry,Capture,,Dedicated storage,,2032,2021,1800000.0,1.8,,,Planned,Industry,IEA-CCUS-2026.xlsx,planned
Century plant (TX),United States,United States,North America,Operational,Fuel transformation,Full chain,,EOR,,2010,2008,4320000.0,4.32,,,Operational,Fuel transformation,IEA-CCUS-2026.xlsx,operational
Cerilon gas-to-liquids complex (ND),United States,United States,North America,Planned,Industry,Full chain,,Dedicated storage,,2029,2021,2000000.0,2.0,,,Planned,Industry,IEA-CCUS-2026.xlsx,planned
Blue Point Number One Ammonia Complex (LA),United States,United States,North America,Under construction,Fuel transformation,Full chain,,Dedicated storage,,2029,2022,2300000.0,2.3,,,Under construction,Fuel transformation,IEA-CCUS-2026.xlsx,under_construction
Changling Gas plant /Jilin Oil Field CO2-EOR Full-scale (Jilin),People's Republic of China,People's Republic of China,Other Asia Pacific,Operational,Fuel transformation,Full chain,,EOR,,2018,2006,600000.0,0.6,,,Operational,Fuel transformation,IEA-CCUS-2026.xlsx,operational
China Energy Taizhou power (Jiangsu),People's Republic of China,People's Republic of China,Other Asia Pacific,Operational,Power and heat,Full chain,,,,2023,2021,500000.0,0.5,,,Operational,Power and heat,IEA-CCUS-2026.xlsx,operational
China Energy Guohua Jinjie Power (Shaanxi),People's Republic of China,People's Republic of China,Other Asia Pacific,Operational,Power and heat,Full chain,,,,2021,2018,150000.0,0.15,,,Operational,Power and heat,IEA-CCUS-2026.xlsx,operational
CinfraCap (Carbon Infrastructure Capture) - Port of Gothenburg,Sweden,Europe,Europe,Planned,CO2 T&S,Transport,,Dedicated storage,,,2020,4000000.0,4.0,,,Planned,CO2 T&S,IEA-CCUS-2026.xlsx,planned
Amager Bakke/Amager Resource Centre (ARC),Denmark,Europe,Europe,Cancelled,Power and heat,Capture,,Dedicated storage,,2026,2020,500000.0,0.5,,,Cancelled,Power and heat,IEA-CCUS-2026.xlsx,cancelled_or_suspended
Climeworks DAC at Brawley Geothermal (CA),United States,United States,North America,Planned,DAC,Full chain,,Dedicated storage,,,2022,5000.0,0.005,,,Planned,DAC,IEA-CCUS-2026.xlsx,planned
Climeworks Norsk e fuel phase 1,Norway,Europe,Europe,Planned,DAC,CCU,,,,,2020,39000.0,0.039,,,Planned,DAC,IEA-CCUS-2026.xlsx,planned
Climeworks Norsk e fuel phase 2,Norway,Europe,Europe,Planned,DAC,CCU,,,,2028,2020,35000.0,0.035,,,Planned,DAC,IEA-CCUS-2026.xlsx,planned
Climeworks Norsk e fuel phase 3,Norway,Europe,Europe,Planned,DAC,CCU,,,,2030,2020,184000.0,0.184,,,Planned,DAC,IEA-CCUS-2026.xlsx,planned
Enhance Clive Sequestration Facility (ALB),Canada,Canada,North America,Operational,CO2 T&S,Storage,,EOR,,2020,2011,1500000.0,1.5,,,Operational,CO2 T&S,IEA-CCUS-2026.xlsx,operational
Enping 15-1 offshore CCS (Hong Kong),People's Republic of China,People's Republic of China,Other Asia Pacific,Operational,Fuel transformation,Full chain,,Dedicated storage,,2023,2021,300000.0,0.3,,,Operational,Fuel transformation,IEA-CCUS-2026.xlsx,operational
Junggar Basin Hub - Northwest phase 1 (Xinjiang),People's Republic of China,People's Republic of China,Other Asia Pacific,Planned,CO2 T&S,T&S,,EOR,,2028,2019,1000000.0,1.0,,,Planned,CO2 T&S,IEA-CCUS-2026.xlsx,planned
Junggar Basin Hub - Northwest phase 2 (Xinjiang),People's Republic of China,People's Republic of China,Other Asia Pacific,Planned,CO2 T&S,T&S,,EOR,,2030,2019,2000000.0,2.0,,,Planned,CO2 T&S,IEA-CCUS-2026.xlsx,planned
Junggar Basin Hub - Refinery Hydrogen (Xinjiang) ,People's Republic of China,People's Republic of China,Other Asia Pacific,Planned,Fuel transformation,Capture,,EOR,,2028,2019,1000000.0,1.0,,,Planned,Fuel transformation,IEA-CCUS-2026.xlsx,planned
CO2 capture at Coal Creek (ND),United States,United States,North America,Planned,Power and heat,Capture,,Dedicated storage,,,2021,,,,,Planned,Power and heat,IEA-CCUS-2026.xlsx,planned
CO2 TO METHANOL Finnfjord Ferrosilicon,Norway,Europe,Europe,Planned,Industry,CCU,,,,,2017,300000.0,0.3,,,Planned,Industry,IEA-CCUS-2026.xlsx,planned
Coda terminal Phase 1,Island,Island,Europe,Planned,CO2 T&S,T&S,,Dedicated storage,,2029,2021,700000.0,0.7,,,Planned,CO2 T&S,IEA-CCUS-2026.xlsx,planned
Coda terminal Phase 2,Island,Island,Europe,Planned,CO2 T&S,T&S,,Dedicated storage,,2030,2021,700000.0,0.7,,,Planned,CO2 T&S,IEA-CCUS-2026.xlsx,planned
Coda terminal phase 3,Island,Island,Europe,Planned,CO2 T&S,T&S,,Dedicated storage,,2032,2021,1600000.0,1.6,,,Planned,CO2 T&S,IEA-CCUS-2026.xlsx,planned
Coffeyville fertiliser Plant (KS),United States,United States,North America,Operational,Industry,Full chain,,EOR,,2013,2011,900000.0,0.9,,,Operational,Industry,IEA-CCUS-2026.xlsx,operational
Core Energy CO2-EOR South Chester plant (MI),United States,United States,North America,Operational,Fuel transformation,Full chain,,EOR,,2003,,350000.0,0.35,,,Operational,Fuel transformation,IEA-CCUS-2026.xlsx,operational
Corn LP Goldfield biorefinery (IA),United States,United States,North America,Planned,Fuel transformation,Capture,,Dedicated storage,,2028,2021,215000.0,0.215,,,Planned,Fuel transformation,IEA-CCUS-2026.xlsx,planned
CORY EfW plant Belvedere,United Kingdom,Europe,Europe,Planned,Power and heat,Full chain,,Dedicated storage,,2030,2021,1300000.0,1.3,,,Planned,Power and heat,IEA-CCUS-2026.xlsx,planned
Coyote Clean Power Project (CO),United States,United States,North America,Planned,Power and heat,Full chain,,,,,2021,865000.0,0.865,,,Planned,Power and heat,IEA-CCUS-2026.xlsx,planned
CRP Haifeng Project (Guangdong),People's Republic of China,People's Republic of China,Other Asia Pacific,Planned,Power and heat,Capture,,,,2030,2013,1000000.0,1.0,,,Planned,Power and heat,IEA-CCUS-2026.xlsx,planned
CTSCo Project,Australia,Australia,Australia and New Zealand,Cancelled,Power and heat,Full chain,,Dedicated storage,,2026,2010,110000.0,0.11,,,Cancelled,Power and heat,IEA-CCUS-2026.xlsx,cancelled_or_suspended
STRATOS (TX) - phase 1,United States,United States,North America,Under construction,DAC,Full chain,,,,2026,2019,250000.0,0.25,,,Under construction,DAC,IEA-CCUS-2026.xlsx,under_construction
STRATOS (TX) - phase 2,United States,United States,North America,Under construction,DAC,Full chain,,,,2026,2019,250000.0,0.25,,,Under construction,DAC,IEA-CCUS-2026.xlsx,under_construction
Dakota Ethanol Wentworth biorefinery (SD),United States,United States,North America,Planned,Fuel transformation,Capture,,Dedicated storage,,2028,2021,257000.0,0.257,,,Planned,Fuel transformation,IEA-CCUS-2026.xlsx,planned
Dakota H2 Hub (ND),United States,United States,North America,Planned,Fuel transformation,Full chain,,Dedicated storage,,2027,2021,2712000.0,2.712,,,Planned,Fuel transformation,IEA-CCUS-2026.xlsx,planned
Dalmia Cement (Bharat) Tamil Nadu,India,India,Other Asia Pacific,Planned,Industry,CCU,,,,2040,2019,500000.0,0.5,,,Planned,Industry,IEA-CCUS-2026.xlsx,planned
Dalstur Energy Coal India coal hydrogen,India,India,Other Asia Pacific,Planned,Fuel transformation,Capture,,,,,2022,,,,,Planned,Fuel transformation,IEA-CCUS-2026.xlsx,planned
D'Artagnan Dunkirk CO2 Hub Phase 1,France,Europe,Europe,Planned,CO2 T&S,Transport,,Dedicated storage,,2027,2021,1500000.0,1.5,,,Planned,CO2 T&S,IEA-CCUS-2026.xlsx,planned
D'Artagnan Dunkirk CO2 Hub Phase 2,France,Europe,Europe,Planned,CO2 T&S,Transport,,Dedicated storage,,2031,2021,1400000.0,1.4,,,Planned,CO2 T&S,IEA-CCUS-2026.xlsx,planned
D'Artagnan Dunkirk CO2 Hub Phase 3,France,Europe,Europe,Planned,CO2 T&S,Transport,,Dedicated storage,,2035,2021,5600000.0,5.6,,,Planned,CO2 T&S,IEA-CCUS-2026.xlsx,planned
Illinois Basin Decatur Project (IL),United States,United States,North America,Decommissioned,Fuel transformation,Full chain,,Dedicated storage,,2011,2009,330000.0,0.33,,,Decommissioned,Fuel transformation,IEA-CCUS-2026.xlsx,cancelled_or_suspended
DelpHYnus hydrogen production Theddlethorpe,United Kingdom,Europe,Europe,Cancelled,Fuel transformation,Capture,,Dedicated storage,,2027,2021,5000000.0,5.0,,,Cancelled,Fuel transformation,IEA-CCUS-2026.xlsx,cancelled_or_suspended
Delta Rhyne Corridor ,Germany-Netherlands,Germany-Netherlands,Europe,Planned,CO2 T&S,Transport,,Dedicated storage,,2032,2021,22000000.0,22.0,,,Planned,CO2 T&S,IEA-CCUS-2026.xlsx,planned
Denbury / Mitsubishi Gulf Coast ammonia project (TBD),United States,United States,North America,Planned,CO2 T&S,T&S,,Dedicated storage,,,2021,1800000.0,1.8,,,Planned,CO2 T&S,IEA-CCUS-2026.xlsx,planned
Linde hydrogen to Dow Fort Saskatchewan Path2Zero (ALB),Canada,Canada,North America,Under construction,Industry,Capture,,,,2029,2021,2000000.0,2.0,,,Under construction,Industry,IEA-CCUS-2026.xlsx,under_construction
Drax BECCS Project (Phase 1),United Kingdom,Europe,Europe,Planned,Power and heat,Capture,,Dedicated storage,,2028,2019,4300000.0,4.3,,,Planned,Power and heat,IEA-CCUS-2026.xlsx,planned
Drax BECCS Project (Phase 2),United Kingdom,Europe,Europe,Planned,Power and heat,Capture,,Dedicated storage,,2030,2019,3700000.0,3.7,,,Planned,Power and heat,IEA-CCUS-2026.xlsx,planned
Dry Fork Integrated Commercial CCS/Wyoming CarbonSafe (WY),United States,United States,North America,Planned,Power and heat,Full chain,,Dedicated storage,,2028,2016,3000000.0,3.0,,,Planned,Power and heat,IEA-CCUS-2026.xlsx,planned
Eastern Wyoming Sequestration Hub (WY) (Juniper I-1),United States,United States,North America,Operational,CO2 T&S,Storage,,Dedicated storage,,2025,2022,1500000.0,1.5,,,Operational,CO2 T&S,IEA-CCUS-2026.xlsx,operational
Edmonton Blue Hydrogen plant (ALB),Canada,Canada,North America,Planned,Fuel transformation,Capture,,Dedicated storage,,,2021,1443000.0,1.443,,,Planned,Fuel transformation,IEA-CCUS-2026.xlsx,planned
Enbridge Ingleside Energy Center Low carbon ammonia (TX),United States,United States,North America,Planned,Fuel transformation,Capture,,Dedicated storage,,2028,2022,1890000.0,1.89,,,Planned,Fuel transformation,IEA-CCUS-2026.xlsx,planned
 Offshore Western Kyushu CCS - J-Power power plant,Japan,Japan,Other Asia Pacific,Planned,Power and heat,Capture,,Dedicated storage,,2030,2022,,,,,Planned,Power and heat,IEA-CCUS-2026.xlsx,planned
Energean hydrogen plant,Greece,Greece,Europe,Planned,Fuel transformation,Capture,,Dedicated storage,,2030,2021,2500000.0,2.5,,,Planned,Fuel transformation,IEA-CCUS-2026.xlsx,planned
ENI Ravenna power plant ,Italy,Europe,Europe,Planned,Power and heat,Capture,,Dedicated storage,,2030,2020,800000.0,0.8,,,Planned,Power and heat,IEA-CCUS-2026.xlsx,planned
ENI Venice bio-refinery Porto Marghera,Italy,Europe,Europe,Planned,Fuel transformation,Capture,,Dedicated storage,,2030,2020,200000.0,0.2,,,Planned,Fuel transformation,IEA-CCUS-2026.xlsx,planned
Enid fertiliser (OK),United States,United States,North America,Operational,Industry,Full chain,,EOR,,1982,,680000.0,0.68,,,Operational,Industry,IEA-CCUS-2026.xlsx,operational
Ervia Cork CCS -  Aghada CCGT,Ireland,Ireland,Europe,Planned,Power and heat,Capture,,,,2030,2018,,,,,Planned,Power and heat,IEA-CCUS-2026.xlsx,planned
Ervia Cork CCS - Irving refinery,Ireland,Ireland,Europe,Planned,Fuel transformation,Capture,,Dedicated storage,,2030,2018,2500000.0,2.5,,,Planned,Fuel transformation,IEA-CCUS-2026.xlsx,planned
Ervia Cork CCS - Whitegate CCGT,Ireland,Ireland,Europe,Planned,Power and heat,Capture,,,,2030,2018,,,,,Planned,Power and heat,IEA-CCUS-2026.xlsx,planned
ExxonMobil Baytown petrochemical site (TX),United States,United States,North America,Planned,Fuel transformation,Capture,,Dedicated storage,,,2022,7000000.0,7.0,,,Planned,Fuel transformation,IEA-CCUS-2026.xlsx,planned
Exxonmobil Antwerp Refinery CCS,Belgium,Europe,Europe,Planned,Fuel transformation,Capture,,,,2030,2021,,,,,Planned,Fuel transformation,IEA-CCUS-2026.xlsx,planned
Air Products for Exxonmobil Botlek Rotterdam refinery,Netherlands,Europe,Europe,Under construction,Fuel transformation,Capture,,Dedicated storage,,2026,2019,958000.0,0.958,,,Under construction,Fuel transformation,IEA-CCUS-2026.xlsx,under_construction
Fidelis Project Cyclus Baton Rouge (LA) AtmosClear BECCS,United States,United States,North America,Planned,Power and heat,Full chain,,Dedicated storage,,2029,2022,680000.0,0.68,,,Planned,Power and heat,IEA-CCUS-2026.xlsx,planned
Freeport LNG CCS (TX),United States,United States,North America,Planned,Fuel transformation,Full chain,,Dedicated storage,,2028,2021,500000.0,0.5,,,Planned,Fuel transformation,IEA-CCUS-2026.xlsx,planned
Frevar KF / Kvitebjorn BIO-EL (Borg CO2) (2 facilities),Norway,Europe,Europe,Planned,Power and heat,Capture,,Dedicated storage,,2035,2019,120000.0,0.12,,,Planned,Power and heat,IEA-CCUS-2026.xlsx,planned
Frog Lake Power Plant (ALB),Canada,Canada,North America,Cancelled,Power and heat,Capture,,Dedicated storage,,2025,2021,800000.0,0.8,,,Cancelled,Power and heat,IEA-CCUS-2026.xlsx,cancelled_or_suspended
FS Lucas do Rio Verde ethanol biorefinery complex,Brazil,Brazil,Central and South America,Planned,Fuel transformation,Full chain,,Dedicated storage,,2030,2021,423000.0,0.423,,,Planned,Fuel transformation,IEA-CCUS-2026.xlsx,planned
Future Biogas plants phase 1,United Kingdom,Europe,Europe,Planned,Fuel transformation,Capture,,Dedicated storage,,,2021,200000.0,0.2,,,Planned,Fuel transformation,IEA-CCUS-2026.xlsx,planned
Future Biogas plants phase 2,United Kingdom,Europe,Europe,Planned,Fuel transformation,Capture,,Dedicated storage,,2028,2021,345000.0,0.345,,,Planned,Fuel transformation,IEA-CCUS-2026.xlsx,planned
G2 Net-Zero (LA),United States,United States,North America,Planned,Fuel transformation,Capture,,,,2027,2020,4000000.0,4.0,,,Planned,Fuel transformation,IEA-CCUS-2026.xlsx,planned
Hail and Gasha CO2 Management,United Arab Emirates,Middle East,Middle East,Under construction,Fuel transformation,Full chain,,Dedicated storage,,2028,2021,1500000.0,1.5,,,Under construction,Fuel transformation,IEA-CCUS-2026.xlsx,under_construction
Genesee CCS (ALB),Canada,Canada,North America,Cancelled,Power and heat,Capture,,Dedicated storage,,2027,2021,3000000.0,3.0,,,Cancelled,Power and heat,IEA-CCUS-2026.xlsx,cancelled_or_suspended
Gerald Gentleman Station Carbon Capture (NE),United States,United States,North America,Planned,Power and heat,Capture,,EOR,,,2013,3800000.0,3.8,,,Planned,Power and heat,IEA-CCUS-2026.xlsx,planned
Glacial Lakes Energy Aberdeen biorefinery (SD),United States,United States,North America,Planned,Fuel transformation,Capture,,Dedicated storage,,2028,2021,140000.0,0.14,,,Planned,Fuel transformation,IEA-CCUS-2026.xlsx,planned
Glacial Lakes Energy Mina biorefinery (SD),United States,United States,North America,Planned,Fuel transformation,Capture,,Dedicated storage,,2028,2021,400000.0,0.4,,,Planned,Fuel transformation,IEA-CCUS-2026.xlsx,planned
Glacial Lakes Energy Watertown biorefinery (SD),United States,United States,North America,Planned,Fuel transformation,Capture,,Dedicated storage,,2028,2021,372000.0,0.372,,,Planned,Fuel transformation,IEA-CCUS-2026.xlsx,planned
Glacier CCS (ALB) phase 2,Canada,Canada,North America,Under construction,Power and heat,Full chain,,Dedicated storage,,2026,2021,230000.0,0.23,,,Under construction,Power and heat,IEA-CCUS-2026.xlsx,under_construction
Golden Grain Energy Mason City biorefinery (IA),United States,United States,North America,Planned,Fuel transformation,Capture,,Dedicated storage,,2028,2021,343000.0,0.343,,,Planned,Fuel transformation,IEA-CCUS-2026.xlsx,planned
Gorgon CCS,Australia,Australia,Australia and New Zealand,Operational,Fuel transformation,Full chain,,Dedicated storage,,2019,2009,1600000.0,1.6,,,Operational,Fuel transformation,IEA-CCUS-2026.xlsx,operational
Granite Falls biorefinery (MN),United States,United States,North America,Planned,Fuel transformation,Capture,,Dedicated storage,,2028,2021,180000.0,0.18,,,Planned,Fuel transformation,IEA-CCUS-2026.xlsx,planned
Great Plains Synfuel Plant (ND) Weyburn-Midale (SK),United States-Canada,United States-Canada,North America,Operational,Fuel transformation,Full chain,,EOR,,2000,1997,3000000.0,3.0,,,Operational,Fuel transformation,IEA-CCUS-2026.xlsx,operational
Green Plains Atkinson biorefinery (NE),United States,United States,North America,Planned,Fuel transformation,Capture,,Dedicated storage,,2028,2021,157000.0,0.157,,,Planned,Fuel transformation,IEA-CCUS-2026.xlsx,planned
Green Plains Advantage Nebraska - Central City biorefinery (NE),United States,United States,North America,Operational,Fuel transformation,Capture,,Dedicated storage,,2025,2021,332000.0,0.332,,,Operational,Fuel transformation,IEA-CCUS-2026.xlsx,operational
Green Plains Fairmont biorefinery (MN),United States,United States,North America,Planned,Fuel transformation,Capture,,Dedicated storage,,2028,2021,343000.0,0.343,,,Planned,Fuel transformation,IEA-CCUS-2026.xlsx,planned
Green Plains Otter Tail (Fergus Falls) biorefinery (MN),United States,United States,North America,Planned,Fuel transformation,Capture,,Dedicated storage,,2028,2021,172000.0,0.172,,,Planned,Fuel transformation,IEA-CCUS-2026.xlsx,planned
Green Plains Shenandoah biorefinery (MN),United States,United States,North America,Planned,Fuel transformation,Capture,,Dedicated storage,,2028,2021,235000.0,0.235,,,Planned,Fuel transformation,IEA-CCUS-2026.xlsx,planned
Green Plains Superior biorefinery (IA),United States,United States,North America,Planned,Fuel transformation,Capture,,Dedicated storage,,2028,2021,172000.0,0.172,,,Planned,Fuel transformation,IEA-CCUS-2026.xlsx,planned
Green Plains Advantage Nebraska - Wood River biorefinery (NE),United States,United States,North America,Operational,Fuel transformation,Capture,,Dedicated storage,,2025,2021,346000.0,0.346,,,Operational,Fuel transformation,IEA-CCUS-2026.xlsx,operational
Green Plains Advantage Nebraska - York biorefinery (NE),United States,United States,North America,Operational,Fuel transformation,Capture,,Dedicated storage,,2025,2021,143000.0,0.143,,,Operational,Fuel transformation,IEA-CCUS-2026.xlsx,operational
GreenGen Huaneng IGCC Project Phase III (Tianjin),People's Republic of China,People's Republic of China,Other Asia Pacific,Planned,Power and heat,Full chain,,,,2030,2011,2000000.0,2.0,,,Planned,Power and heat,IEA-CCUS-2026.xlsx,planned
Gundih CCUS EGR,Indonesia,Indonesia,Other Asia Pacific,Planned,Fuel transformation,Full chain,,EOR,,2030,2020,300000.0,0.3,,,Planned,Fuel transformation,IEA-CCUS-2026.xlsx,planned
H21 Leeds City Gate - Teesside hydrogen,United Kingdom,Europe,Europe,Planned,Fuel transformation,Capture,,Dedicated storage,,2035,2014,1500000.0,1.5,,,Planned,Fuel transformation,IEA-CCUS-2026.xlsx,planned
H2BE,Belgium,Europe,Europe,Planned,Fuel transformation,Capture,,Dedicated storage,,2031,2021,1700000.0,1.7,,,Planned,Fuel transformation,IEA-CCUS-2026.xlsx,planned
H2NorthEast Phase 1,United Kingdom,Europe,Europe,Planned,Fuel transformation,Capture,,Dedicated storage,,2028,2021,823000.0,0.823,,,Planned,Fuel transformation,IEA-CCUS-2026.xlsx,planned
H2NorthEast Phase 2,United Kingdom,Europe,Europe,Planned,Fuel transformation,Capture,,Dedicated storage,,2030,2021,1495000.0,1.495,,,Planned,Fuel transformation,IEA-CCUS-2026.xlsx,planned
H2Perth Woodside,Australia,Australia,Australia and New Zealand,Planned,Fuel transformation,Capture,,,,2029,2021,,,,,Planned,Fuel transformation,IEA-CCUS-2026.xlsx,planned
BP H2Teesside Phase 1,United Kingdom,Europe,Europe,Cancelled,Fuel transformation,Capture,,Dedicated storage,,2027,2021,1000000.0,1.0,,,Cancelled,Fuel transformation,IEA-CCUS-2026.xlsx,cancelled_or_suspended
BP H2Teesside Phase 2,United Kingdom,Europe,Europe,Cancelled,Fuel transformation,Capture,,Dedicated storage,,2030,2021,1000000.0,1.0,,,Cancelled,Fuel transformation,IEA-CCUS-2026.xlsx,cancelled_or_suspended
Hackberry Carbon Sequestration (HCS) project at Cameron LNG (LA),United States,United States,North America,Planned,Fuel transformation,Full chain,,Dedicated storage,,,2022,2000000.0,2.0,,,Planned,Fuel transformation,IEA-CCUS-2026.xlsx,planned
"Heartland Greenway (IA, IL, MN, NE, SD) ",United States,United States,North America,Cancelled,CO2 T&S,Transport,,,,2025,2021,15000000.0,15.0,,,Cancelled,CO2 T&S,IEA-CCUS-2026.xlsx,cancelled_or_suspended
HeidelbergMaterials Brevik,Norway,Europe,Europe,Operational,Industry,Capture,,Dedicated storage,,2025,2016,400000.0,0.4,,,Operational,Industry,IEA-CCUS-2026.xlsx,operational
Heidelberg Materials LEILAC 2,Germany,Europe,Europe,Under construction,Industry,Capture,,,,2026,2021,100000.0,0.1,,,Under construction,Industry,IEA-CCUS-2026.xlsx,under_construction
Heron Lake biorefinery (MN),United States,United States,North America,Planned,Fuel transformation,Capture,,Dedicated storage,,2028,2021,186000.0,0.186,,,Planned,Fuel transformation,IEA-CCUS-2026.xlsx,planned
HIF USA eFuels Matagorda County (TX),United States,United States,North America,Planned,DAC,CCU,,,,2027,2021,2000000.0,2.0,,,Planned,DAC,IEA-CCUS-2026.xlsx,planned
Highwater Ethanol Lamberton biorefinery (MN),United States,United States,North America,Planned,Fuel transformation,Capture,,Dedicated storage,,2028,2021,157000.0,0.157,,,Planned,Fuel transformation,IEA-CCUS-2026.xlsx,planned
Carbon2Business Laegerdorf,Germany,Europe,Europe,Planned,Industry,CCU,,Use and storage,,2030,2020,1200000.0,1.2,,,Planned,Industry,IEA-CCUS-2026.xlsx,planned
Homeland Energy Solutions Lawler biorefinery (IA),United States,United States,North America,Planned,Fuel transformation,Capture,,Dedicated storage,,2028,2021,572000.0,0.572,,,Planned,Fuel transformation,IEA-CCUS-2026.xlsx,planned
Horizon Oil Sands (ALB),Canada,Canada,North America,Operational,Fuel transformation,CCU,,,,2017,,400000.0,0.4,,,Operational,Fuel transformation,IEA-CCUS-2026.xlsx,operational
FlagshipONE eMethanol (Hörneborgsverket CHP Örnsköldsvik),Sweden,Europe,Europe,Planned,Power and heat,CCU,,,,,2021,150000.0,0.15,,,Planned,Power and heat,IEA-CCUS-2026.xlsx,planned
Husker Ag Plainview biorefinery (NE),United States,United States,North America,Planned,Fuel transformation,Capture,,Dedicated storage,,2028,2021,315000.0,0.315,,,Planned,Fuel transformation,IEA-CCUS-2026.xlsx,planned
H-vision plant 1,Netherlands,Europe,Europe,Planned,Fuel transformation,Capture,,Dedicated storage,,2030,2018,1300000.0,1.3,,,Planned,Fuel transformation,IEA-CCUS-2026.xlsx,planned
H-vision plant 2,Netherlands,Europe,Europe,Cancelled,Fuel transformation,Capture,,Dedicated storage,,,2018,,,,,Cancelled,Fuel transformation,IEA-CCUS-2026.xlsx,cancelled_or_suspended
Hydrogen 2 Magnum (H2M),Netherlands,Europe,Europe,Cancelled,Fuel transformation,Capture,,Dedicated storage,,2029,2017,1300000.0,1.3,,,Cancelled,Fuel transformation,IEA-CCUS-2026.xlsx,cancelled_or_suspended
Hydrogen Energy Supply Chain (HESC) Project Full scale (CarbonNET),Australia,Australia,Australia and New Zealand,Cancelled,Fuel transformation,Capture,,Dedicated storage,,2030,2018,1800000.0,1.8,,,Cancelled,Fuel transformation,IEA-CCUS-2026.xlsx,cancelled_or_suspended
Hydrogen to Humber (H2H) Saltend phase 1,United Kingdom,Europe,Europe,Planned,Fuel transformation,Capture,,Dedicated storage,,2032,2020,890000.0,0.89,,,Planned,Fuel transformation,IEA-CCUS-2026.xlsx,planned
Illinois Clean Fuels Project (IL),United States,United States,North America,Planned,Fuel transformation,Capture,,Dedicated storage,,2029,2013,9700000.0,9.7,,,Planned,Fuel transformation,IEA-CCUS-2026.xlsx,planned
Illinois Industrial Carbon Capture and Storage (IL),United States,United States,North America,Operational,Fuel transformation,Full chain,,Dedicated storage,,2017,2009,500000.0,0.5,,,Operational,Fuel transformation,IEA-CCUS-2026.xlsx,operational
Indian Oil Corporation Koyali refinery,India,India,Other Asia Pacific,Planned,Fuel transformation,Full chain,,,,2030,2021,700000.0,0.7,,,Planned,Fuel transformation,IEA-CCUS-2026.xlsx,planned
Ineos Antwerp CCS,Belgium,Europe,Europe,Planned,Industry,Capture,,,,2030,2021,,,,,Planned,Industry,IEA-CCUS-2026.xlsx,planned
INEOS Grangemouth refinery and hydrogen production,United Kingdom,Europe,Europe,Planned,Industry,Capture,,Dedicated storage,,2030,2021,1000000.0,1.0,,,Planned,Industry,IEA-CCUS-2026.xlsx,planned
Abadi LNG CCS/CCUS,Indonesia,Indonesia,Other Asia Pacific,Planned,Fuel transformation,Full chain,,,,2027,2018,2410000.0,2.41,,,Planned,Fuel transformation,IEA-CCUS-2026.xlsx,planned
"Integrated Mid-Continent Stacked Carbon Storage Hub CarbonSAFE (NB, KS)",United States,United States,North America,Cancelled,CO2 T&S,T&S,,Dedicated storage,,,2017,1900000.0,1.9,,,Cancelled,CO2 T&S,IEA-CCUS-2026.xlsx,cancelled_or_suspended
Itochu/Petronas ammonia project (ALB),Canada,Canada,North America,Cancelled,Fuel transformation,Full chain,,Dedicated storage,,2027,2021,,,,,Cancelled,Fuel transformation,IEA-CCUS-2026.xlsx,cancelled_or_suspended
Sukowati CO2-EOR (Jambaran Tiung Biru gas processing),Indonesia,Indonesia,Other Asia Pacific,Planned,Fuel transformation,Full chain,,EOR,,2028,2020,930000.0,0.93,,,Planned,Fuel transformation,IEA-CCUS-2026.xlsx,planned
James M Barry Electric Generating Plant CCUS (AL),United States,United States,North America,Planned,Power and heat,Capture,,,,2030,2022,500000.0,0.5,,,Planned,Power and heat,IEA-CCUS-2026.xlsx,planned
Javelina Refinery CCS (TX),United States,United States,North America,Planned,Fuel transformation,Capture,,,,,2021,,,,,Planned,Fuel transformation,IEA-CCUS-2026.xlsx,planned
Sailboat Green Methanol plant Shengong petrochemical (Jiangsu),People's Republic of China,People's Republic of China,Other Asia Pacific,Operational,Industry,CCU,,,,2023,2021,160000.0,0.16,,,Operational,Industry,IEA-CCUS-2026.xlsx,operational
K6 Program- Lumbres cement plant,France,Europe,Europe,Planned,Industry,Capture,,Dedicated storage,,2028,2021,810000.0,0.81,,,Planned,Industry,IEA-CCUS-2026.xlsx,planned
Kairos@C,Belgium,Europe,Europe,Planned,Industry,Capture,,Dedicated storage,,2027,2021,1420000.0,1.42,,,Planned,Industry,IEA-CCUS-2026.xlsx,planned
Karamay Dunhua methanol plant (Xinjiang),People's Republic of China,People's Republic of China,Other Asia Pacific,Operational,Industry,Full chain,,EOR,,2015,,100000.0,0.1,,,Operational,Industry,IEA-CCUS-2026.xlsx,operational
Keadby 3 Carbon Capture Power Station,United Kingdom,Europe,Europe,Planned,Power and heat,Capture,,Dedicated storage,,2033,2020,1500000.0,1.5,,,Planned,Power and heat,IEA-CCUS-2026.xlsx,planned
Kemper county CCUS (MS),United States,United States,North America,Decommissioned,Power and heat,Full chain,,EOR,,2017,,3000000.0,3.0,,,Decommissioned,Power and heat,IEA-CCUS-2026.xlsx,cancelled_or_suspended
Kern River Eastridge cogeneration plant San Joaquin Valley (CA),United States,United States,North America,Planned,Power and heat,Capture,,Dedicated storage,,,2022,,,,,Planned,Power and heat,IEA-CCUS-2026.xlsx,planned
KeyState Natural Gas Synthesis (ARCH2) (PA),United States,United States,North America,Planned,Industry,Full chain,,Dedicated storage,,2028,2021,500000.0,0.5,,,Planned,Industry,IEA-CCUS-2026.xlsx,planned
Kollsnes DAC facility,Norway,Europe,Europe,Cancelled,DAC,Capture,,Dedicated storage,,2027,2021,500000.0,0.5,,,Cancelled,DAC,IEA-CCUS-2026.xlsx,cancelled_or_suspended
Korea CCS 1 & 2,South Korea,South Korea,Other Asia Pacific,Cancelled,Power and heat,Capture,,,,,2010,1000000.0,1.0,,,Cancelled,Power and heat,IEA-CCUS-2026.xlsx,cancelled_or_suspended
Porthos onshore transport,Netherlands,Europe,Europe,Under construction,CO2 T&S,Transport,,Dedicated storage,,2026,2018,10000000.0,10.0,,,Under construction,CO2 T&S,IEA-CCUS-2026.xlsx,under_construction
Labarge Shute Creek Gas Processing Plant 1.2 Mtpa expansion (WY),United States,United States,North America,Under construction,Fuel transformation,Full chain,,,,2026,2021,1000000.0,1.0,,,Under construction,Fuel transformation,IEA-CCUS-2026.xlsx,under_construction
Labarge Shute Creek Gas Processing Plant 2010 expansion (WY),United States,United States,North America,Operational,Fuel transformation,Full chain,,EOR,,2010,2008,3500000.0,3.5,,,Operational,Fuel transformation,IEA-CCUS-2026.xlsx,operational
Labarge Shute Creek Gas Processing Plant original (WY),United States,United States,North America,Operational,Fuel transformation,Full chain,,EOR,,1986,,3500000.0,3.5,,,Operational,Fuel transformation,IEA-CCUS-2026.xlsx,operational
LafargeHolcim Portland (CO),United States,United States,North America,Planned,Industry,Capture,,Dedicated storage,,2032,2020,1300000.0,1.3,,,Planned,Industry,IEA-CCUS-2026.xlsx,planned
LafargeHolcim Ste Genevieve (MO),United States,United States,North America,Planned,Industry,Capture,,Dedicated storage,,2029,2021,2750000.0,2.75,,,Planned,Industry,IEA-CCUS-2026.xlsx,planned
Lake Charles Methanol II (LA),United States,United States,North America,Planned,Industry,Capture,,Use and storage,,2027,2009,4200000.0,4.2,,,Planned,Industry,IEA-CCUS-2026.xlsx,planned
Project Blue - El Dorado (AR),United States,United States,North America,Planned,Fuel transformation,Full chain,,Dedicated storage,,2027,2022,400000.0,0.4,,,Planned,Fuel transformation,IEA-CCUS-2026.xlsx,planned
HeidelbergMaterials Edmonton Cement (ALB),Canada,Canada,North America,Planned,Industry,Capture,,Dedicated storage,,2028,2019,1000000.0,1.0,,,Planned,Industry,IEA-CCUS-2026.xlsx,planned
CalCC Lhoist Air Liquide Lime plant Réty,France,Europe,Europe,Planned,Industry,Capture,,Dedicated storage,,2028,2022,700000.0,0.7,,,Planned,Industry,IEA-CCUS-2026.xlsx,planned
Lincolnway Energy Nevada biorefinery (IA),United States,United States,North America,Planned,Fuel transformation,Capture,,Dedicated storage,,2028,2021,257000.0,0.257,,,Planned,Fuel transformation,IEA-CCUS-2026.xlsx,planned
Svante capture Linde SMR plant (TX) ,United States,United States,North America,Planned,Fuel transformation,Capture,,Dedicated storage,,2027,2021,1435000.0,1.435,,,Planned,Fuel transformation,IEA-CCUS-2026.xlsx,planned
Lone Star Storage Hub Project (Jasper) (TX),United States,United States,North America,Planned,CO2 T&S,T&S,,Dedicated storage,,2028,2022,15000000.0,15.0,,,Planned,CO2 T&S,IEA-CCUS-2026.xlsx,planned
LIPOR Maia Energy Recovery Plant PtL facility,Portugal,Portugal,Europe,Planned,Power and heat,CCU,,,,,2022,100000.0,0.1,,,Planned,Power and heat,IEA-CCUS-2026.xlsx,planned
Little Sioux Corn Processors Marcus biorefinery (IA),United States,United States,North America,Planned,Fuel transformation,Capture,,Dedicated storage,,2028,2021,458000.0,0.458,,,Planned,Fuel transformation,IEA-CCUS-2026.xlsx,planned
Liverpool Bay CCS project phase 1,United Kingdom,Europe,Europe,Under construction,CO2 T&S,T&S,,Dedicated storage,,2028,2020,4500000.0,4.5,,,Under construction,CO2 T&S,IEA-CCUS-2026.xlsx,under_construction
Liverpool Bay CCS expansion project (phase 2),United Kingdom,Europe,Europe,Planned,CO2 T&S,T&S,,Dedicated storage,,2035,2020,5500000.0,5.5,,,Planned,CO2 T&S,IEA-CCUS-2026.xlsx,planned
Lost Cabin Gas Plant (WY),United States,United States,North America,Operational,Fuel transformation,Full chain,,EOR,,2013,2010,900000.0,0.9,,,Operational,Fuel transformation,IEA-CCUS-2026.xlsx,operational
Louis Dreyfus Grand Junction biorefinery (IA),United States,United States,North America,Planned,Fuel transformation,Capture,,Dedicated storage,,2028,2021,343000.0,0.343,,,Planned,Fuel transformation,IEA-CCUS-2026.xlsx,planned
Louis Dreyfus Norfolk biorefinery (IA),United States,United States,North America,Planned,Fuel transformation,Capture,,Dedicated storage,,2028,2021,152000.0,0.152,,,Planned,Fuel transformation,IEA-CCUS-2026.xlsx,planned
Louisiana Green Fuels Project  (LA),United States,United States,North America,Planned,Fuel transformation,Full chain,,Dedicated storage,,2028,2021,1360000.0,1.36,,,Planned,Fuel transformation,IEA-CCUS-2026.xlsx,planned
Lyse Forus Energigjenvinning Stavanger ,Norway,Europe,Europe,Planned,Power and heat,Capture,,Dedicated storage,,2030,2021,100000.0,0.1,,,Planned,Power and heat,IEA-CCUS-2026.xlsx,planned
Meadowbrook Carbon Storage Hub (MCSH) (ALB) initial start-up,Canada,Canada,North America,Operational,CO2 T&S,T&S,,Dedicated storage,,2025,2022,2000.0,0.002,,,Operational,CO2 T&S,IEA-CCUS-2026.xlsx,operational
Mendota BECCS power project (Clean Energy Systems Carbon Negative Energy Plant - Central Valley) (CA),United States,United States,North America,Cancelled,Power and heat,Full chain,,Dedicated storage,,2025,2021,300000.0,0.3,,,Cancelled,Power and heat,IEA-CCUS-2026.xlsx,cancelled_or_suspended
MEPAU Mid West CCUS hub,Australia,Australia,Australia and New Zealand,Planned,Fuel transformation,Capture,,Dedicated storage,,2028,2021,,,,,Planned,Fuel transformation,IEA-CCUS-2026.xlsx,planned
Mid West Clean Energy Project,Australia,Australia,Australia and New Zealand,Planned,Fuel transformation,Capture,,Dedicated storage,,2028,2021,1000000.0,1.0,,,Planned,Fuel transformation,IEA-CCUS-2026.xlsx,planned
Midwest AgEnergy Blue Flint ethanol (ND),United States,United States,North America,Operational,Fuel transformation,Full chain,,Dedicated storage,,2023,2020,200000.0,0.2,,,Operational,Fuel transformation,IEA-CCUS-2026.xlsx,operational
"Midwest Carbon Express (NE, SD, ND, MI, IA)",United States,United States,North America,Planned,CO2 T&S,T&S,,Dedicated storage,,2028,2021,12000000.0,12.0,,,Planned,CO2 T&S,IEA-CCUS-2026.xlsx,planned
Mikawa Power Plant BECCS Fukuoka Prefecture,Japan,Japan,Other Asia Pacific,Operational,Power and heat,Capture,,Use and storage,,2020,2016,180000.0,0.18,,,Operational,Power and heat,IEA-CCUS-2026.xlsx,operational
Mote biomass-to-hydrogen plant Kern County (CA),United States,United States,North America,Planned,Fuel transformation,Capture,,,,2028,2021,140000.0,0.14,,,Planned,Fuel transformation,IEA-CCUS-2026.xlsx,planned
Angel CCS,Australia,Australia,Australia and New Zealand,Planned,CO2 T&S,T&S,,Dedicated storage,,,2022,5000000.0,5.0,,,Planned,CO2 T&S,IEA-CCUS-2026.xlsx,planned
Mustang Station Carbon Capture (TX),United States,United States,North America,Planned,Power and heat,Full chain,,Dedicated storage,,,2019,1500000.0,1.5,,,Planned,Power and heat,IEA-CCUS-2026.xlsx,planned
Nauticol and Enhance Energy blue methanol project (ALB),Canada,Canada,North America,Cancelled,Industry,Capture,,Dedicated storage,,2025,2021,900000.0,0.9,,,Cancelled,Industry,IEA-CCUS-2026.xlsx,cancelled_or_suspended
L10 CCS,Netherlands,Europe,Europe,Planned,CO2 T&S,T&S,,Dedicated storage,,2030,2020,5000000.0,5.0,,,Planned,CO2 T&S,IEA-CCUS-2026.xlsx,planned
L10 CCS phase 2,Netherlands,Europe,Europe,Cancelled,CO2 T&S,Storage,,Dedicated storage,,,2021,3000000.0,3.0,,,Cancelled,CO2 T&S,IEA-CCUS-2026.xlsx,cancelled_or_suspended
Net Zero Teesside Power,United Kingdom,Europe,Europe,Under construction,Power and heat,Capture,,Dedicated storage,,2028,2018,2400000.0,2.4,,,Under construction,Power and heat,IEA-CCUS-2026.xlsx,under_construction
NextDecade Rio Grande LNG (TX),United States,United States,North America,Cancelled,Fuel transformation,Capture,,,,2026,2021,5000000.0,5.0,,,Cancelled,Fuel transformation,IEA-CCUS-2026.xlsx,cancelled_or_suspended
East Niigata area CCS (capture sources under evaluation),Japan,Japan,Other Asia Pacific,Planned,CO2 T&S,T&S,,Dedicated storage,,2030,2023,1500000.0,1.5,,,Planned,CO2 T&S,IEA-CCUS-2026.xlsx,planned
Norske Skog Saugbrugs (Borg CO2),Norway,Europe,Europe,Planned,Industry,Capture,,Dedicated storage,,2035,2019,150000.0,0.15,,,Planned,Industry,IEA-CCUS-2026.xlsx,planned
NWR Sturgeon Refinery (ALB),Canada,Canada,North America,Operational,Fuel transformation,Capture,,EOR,,2020,2011,1300000.0,1.3,,,Operational,Fuel transformation,IEA-CCUS-2026.xlsx,operational
Northern Endurance Partnership phase 1,United Kingdom,Europe,Europe,Under construction,CO2 T&S,T&S,,Dedicated storage,,2028,2018,4000000.0,4.0,,,Under construction,CO2 T&S,IEA-CCUS-2026.xlsx,under_construction
Northern Lights Phase 1,Norway,Europe,Europe,Operational,CO2 T&S,T&S,,Dedicated storage,,2025,2017,1500000.0,1.5,,,Operational,CO2 T&S,IEA-CCUS-2026.xlsx,operational
Northern Lights Phase 2,Norway,Europe,Europe,Under construction,CO2 T&S,T&S,,Dedicated storage,,2028,2017,3700000.0,3.7,,,Under construction,CO2 T&S,IEA-CCUS-2026.xlsx,under_construction
Northern Plains Nitrogen Blue ammonia (ND),United States,United States,North America,Planned,Industry,Capture,,Dedicated storage,,,2013,500000.0,0.5,,,Planned,Industry,IEA-CCUS-2026.xlsx,planned
One Earth Energy ethanol CCS (IL),United States,United States,North America,Planned,Fuel transformation,Capture,,Dedicated storage,,2028,2020,450000.0,0.45,,,Planned,Fuel transformation,IEA-CCUS-2026.xlsx,planned
Open Access Wabamun Carbon Hub (ALB),Canada,Canada,North America,Planned,CO2 T&S,T&S,,Dedicated storage,,2027,2022,4000000.0,4.0,,,Planned,CO2 T&S,IEA-CCUS-2026.xlsx,planned
Origins project (ALB),Canada,Canada,North America,Planned,CO2 T&S,T&S,,Dedicated storage,,2030,2022,20000000.0,20.0,,,Planned,CO2 T&S,IEA-CCUS-2026.xlsx,planned
Hafslund Oslo Celsio,Norway,Europe,Europe,Under construction,Power and heat,Capture,,Dedicated storage,,2029,2016,350000.0,0.35,,,Under construction,Power and heat,IEA-CCUS-2026.xlsx,under_construction
Hanson Padeswood Cement Works CCS,United Kingdom,Europe,Europe,Under construction,Industry,Capture,,Dedicated storage,,2029,2021,800000.0,0.8,,,Under construction,Industry,IEA-CCUS-2026.xlsx,under_construction
PCS Nitrogen Geismar Ammonia plant (LA),United States,United States,North America,Cancelled,Fuel transformation,Capture,,Dedicated storage,,2027,2022,1800000.0,1.8,,,Cancelled,Fuel transformation,IEA-CCUS-2026.xlsx,cancelled_or_suspended
PCS Nitrogen-Geismar plant (LA),United States,United States,North America,Operational,Industry,Full chain,,EOR,,2013,2011,300000.0,0.3,,,Operational,Industry,IEA-CCUS-2026.xlsx,operational
Peterhead Carbon Capture Power Station,United Kingdom,Europe,Europe,Planned,Power and heat,Capture,,Dedicated storage,,2033,2021,1500000.0,1.5,,,Planned,Power and heat,IEA-CCUS-2026.xlsx,planned
Peterhead Power Station CCS (2011 version),United Kingdom,Europe,Europe,Cancelled,Power and heat,Full chain,,Dedicated storage,,2020,2011,1500000.0,1.5,,,Cancelled,Power and heat,IEA-CCUS-2026.xlsx,cancelled_or_suspended
Petra Nova Carbon Capture (TX),United States,United States,North America,Operational,Power and heat,Full chain,,EOR,,2016,2009,1400000.0,1.4,,,Operational,Power and heat,IEA-CCUS-2026.xlsx,operational
Petrobras Santos Basin pre-salt oilfield CCS (ES),Brazil,Brazil,Central and South America,Operational,Fuel transformation,Full chain,,EOR,,2013,2011,14200000.0,14.2,,,Operational,Fuel transformation,IEA-CCUS-2026.xlsx,operational
Petronas Kasawari gas field CCS project (Kasawari Phase 2 project),Malaysia,Malaysia,Other Asia Pacific,Under construction,Fuel transformation,Full chain,,Dedicated storage,,2030,2020,3300000.0,3.3,,,Under construction,Fuel transformation,IEA-CCUS-2026.xlsx,under_construction
Phillips 66 Humber refinery,United Kingdom,Europe,Europe,Planned,Fuel transformation,Capture,,Dedicated storage,,2028,2021,500000.0,0.5,,,Planned,Fuel transformation,IEA-CCUS-2026.xlsx,planned
Pieridae Caroline Carbon Capture Power Complex Phase 1 (ALB),Canada,Canada,North America,Planned,Power and heat,Full chain,,Dedicated storage,,,2021,1000000.0,1.0,,,Planned,Power and heat,IEA-CCUS-2026.xlsx,planned
Pieridae Caroline Carbon Capture Power Complex Phase 2 (ALB),Canada,Canada,North America,Planned,Power and heat,Full chain,,Dedicated storage,,,2021,2000000.0,2.0,,,Planned,Power and heat,IEA-CCUS-2026.xlsx,planned
Pine Lake Corn Processors Steamboat Rock biorefinery (IA),United States,United States,North America,Planned,Fuel transformation,Capture,,Dedicated storage,,2028,2021,229000.0,0.229,,,Planned,Fuel transformation,IEA-CCUS-2026.xlsx,planned
Plant Daniel Carbon Capture (MS) ,United States,United States,North America,Planned,Power and heat,Capture,,Dedicated storage,,,2019,1800000.0,1.8,,,Planned,Power and heat,IEA-CCUS-2026.xlsx,planned
Plymouth Energy Merrill biorefinery (IA),United States,United States,North America,Planned,Fuel transformation,Capture,,Dedicated storage,,2028,2021,157000.0,0.157,,,Planned,Fuel transformation,IEA-CCUS-2026.xlsx,planned
"POET 17 bioprocessing plants (IA, NE, SD)",United States,United States,North America,Planned,Fuel transformation,Capture,,Dedicated storage,,2027,2021,4700000.0,4.7,,,Planned,Fuel transformation,IEA-CCUS-2026.xlsx,planned
ECO2CEE (Poland EU CCS Interconnector) phase 1,"Poland, Latvia, Lithuania","Poland, Latvia, Lithuania",Europe,Planned,CO2 T&S,Transport,,Dedicated storage,,2027,2021,3000000.0,3.0,,,Planned,CO2 T&S,IEA-CCUS-2026.xlsx,planned
ECO2CEE (previously Poland EU CCS Interconnector) phase 2,"Poland, Latvia, Lithuania","Poland, Latvia, Lithuania",Europe,Planned,CO2 T&S,Transport,,Dedicated storage,,2031,2021,6000000.0,6.0,,,Planned,CO2 T&S,IEA-CCUS-2026.xlsx,planned
Polaris CCS capture (ALB),Canada,Canada,North America,Under construction,Fuel transformation,Capture,,Dedicated storage,,2028,2021,650000.0,0.65,,,Under construction,Fuel transformation,IEA-CCUS-2026.xlsx,under_construction
Polaris offshore storage facility,Norway,Europe,Europe,Planned,CO2 T&S,Storage,,Dedicated storage,,2028,2021,8000000.0,8.0,,,Planned,CO2 T&S,IEA-CCUS-2026.xlsx,planned
Valero Port Arthur Refinery (TX),United States,United States,North America,Operational,Fuel transformation,Full chain,,EOR,,2013,2009,900000.0,0.9,,,Operational,Fuel transformation,IEA-CCUS-2026.xlsx,operational
Porthos offshore transport and storage,Netherlands,Europe,Europe,Under construction,CO2 T&S,T&S,,Dedicated storage,,2026,2018,2500000.0,2.5,,,Under construction,CO2 T&S,IEA-CCUS-2026.xlsx,under_construction
Prairie State Generating Station Carbon Capture (IL),United States,United States,North America,Planned,Power and heat,Capture,,Dedicated storage,,,2019,6050000.0,6.05,,,Planned,Power and heat,IEA-CCUS-2026.xlsx,planned
Prax Lindsey Oil Refinery Phase 1,United Kingdom,Europe,Europe,Cancelled,Fuel transformation,Capture,,Dedicated storage,,2028,2021,550000.0,0.55,,,Cancelled,Fuel transformation,IEA-CCUS-2026.xlsx,cancelled_or_suspended
Prax Lindsey Oil Refinery Phase 2,United Kingdom,Europe,Europe,Cancelled,Fuel transformation,Capture,,Dedicated storage,,2030,2021,550000.0,0.55,,,Cancelled,Fuel transformation,IEA-CCUS-2026.xlsx,cancelled_or_suspended
Preem CCS at Lysekil refinery,Sweden,Europe,Europe,Planned,Fuel transformation,Capture,,Dedicated storage,,,2018,300000.0,0.3,,,Planned,Fuel transformation,IEA-CCUS-2026.xlsx,planned
Project Bifrost Phase 1,Denmark,Europe,Europe,Planned,CO2 T&S,T&S,,Dedicated storage,,2030,2021,3000000.0,3.0,,,Planned,CO2 T&S,IEA-CCUS-2026.xlsx,planned
Project Cavendish Phase 1,United Kingdom,Europe,Europe,Cancelled,Fuel transformation,Capture,,Dedicated storage,,2026,2021,1200000.0,1.2,,,Cancelled,Fuel transformation,IEA-CCUS-2026.xlsx,cancelled_or_suspended
Project Cavendish Phase 2,United Kingdom,Europe,Europe,Cancelled,Fuel transformation,Capture,,Dedicated storage,,2026,2021,1800000.0,1.8,,,Cancelled,Fuel transformation,IEA-CCUS-2026.xlsx,cancelled_or_suspended
ECO2S: Early CO2 Storage Complex in Kemper County (MS),United States,United States,North America,Planned,CO2 T&S,T&S,,Dedicated storage,,,2017,3000000.0,3.0,,,Planned,CO2 T&S,IEA-CCUS-2026.xlsx,planned
Greensand Future phase 1,Denmark,Europe,Europe,Under construction,CO2 T&S,T&S,,Dedicated storage,,2026,2020,400000.0,0.4,,,Under construction,CO2 T&S,IEA-CCUS-2026.xlsx,under_construction
Project Greensand phase 2,Denmark,Europe,Europe,Planned,CO2 T&S,T&S,,Dedicated storage,,2030,2020,7600000.0,7.6,,,Planned,CO2 T&S,IEA-CCUS-2026.xlsx,planned
Hereford Ethanol Plant - Carbon Storage Texas I (TX)  (Project Interseqt),United States,United States,North America,Planned,Fuel transformation,Full chain,,Dedicated storage,,2028,2018,350000.0,0.35,,,Planned,Fuel transformation,IEA-CCUS-2026.xlsx,planned
Project Interseqt - Plainview Ethanol Plant (TX),United States,United States,North America,Planned,Fuel transformation,Full chain,,EOR,,2028,2018,350000.0,0.35,,,Planned,Fuel transformation,IEA-CCUS-2026.xlsx,planned
Project Phoenix ammonia (WY),United States,United States,North America,Planned,Fuel transformation,Full chain,,,,,2022,,,,,Planned,Fuel transformation,IEA-CCUS-2026.xlsx,planned
Project Pouakai Hydrogen Production with CCS,New Zealand,New Zealand,Australia and New Zealand,Planned,Fuel transformation,Full chain,,Dedicated storage,,,2018,1000000.0,1.0,,,Planned,Fuel transformation,IEA-CCUS-2026.xlsx,planned
Project Tundra at Milton R Young Station (ND),United States,United States,North America,Planned,Power and heat,Capture,,Dedicated storage,,2028,2018,4000000.0,4.0,,,Planned,Power and heat,IEA-CCUS-2026.xlsx,planned
Banggai ammonia plant Central Sulawesi,Indonesia,Indonesia,Other Asia Pacific,Planned,Fuel transformation,Full chain,,,,2028,2021,,,,,Planned,Fuel transformation,IEA-CCUS-2026.xlsx,planned
PYCASSO hub phase 1 - eastern and western pipeline,France,Europe,Europe,Planned,CO2 T&S,T&S,,Dedicated storage,,2030,2021,1000000.0,1.0,,,Planned,CO2 T&S,IEA-CCUS-2026.xlsx,planned
Qatar LNG,Qatar,Qatar,Middle East,Operational,Fuel transformation,Full chain,,Dedicated storage,,2019,2019,2200000.0,2.2,,,Operational,Fuel transformation,IEA-CCUS-2026.xlsx,operational
Qatar North Field East Project CCS,Qatar,Qatar,Middle East,Under construction,Fuel transformation,Full chain,,Dedicated storage,,2027,2018,4300000.0,4.3,,,Under construction,Fuel transformation,IEA-CCUS-2026.xlsx,under_construction
Quad County Corn Processors Galva biorefinery (IA),United States,United States,North America,Planned,Fuel transformation,Capture,,Dedicated storage,,2028,2021,109000.0,0.109,,,Planned,Fuel transformation,IEA-CCUS-2026.xlsx,planned
Quest CCS (ALB),Canada,Canada,North America,Operational,Fuel transformation,Full chain,,Dedicated storage,,2015,2009,1000000.0,1.0,,,Operational,Fuel transformation,IEA-CCUS-2026.xlsx,operational
Ravenna CCS phase 2,Italy,Europe,Europe,Planned,CO2 T&S,T&S,,Dedicated storage,,2028,2020,4000000.0,4.0,,,Planned,CO2 T&S,IEA-CCUS-2026.xlsx,planned
Gevo Net Zero North (ND) (formerly Red Trail Energy BECCS),United States,United States,North America,Operational,Fuel transformation,Full chain,,Dedicated storage,,2022,2016,180000.0,0.18,,,Operational,Fuel transformation,IEA-CCUS-2026.xlsx,operational
Redcar Energy Centre EfW,United Kingdom,Europe,Europe,Planned,Power and heat,Capture,,Dedicated storage,,2029,2021,400000.0,0.4,,,Planned,Power and heat,IEA-CCUS-2026.xlsx,planned
Redfield Energy biorefinery (ND),United States,United States,North America,Planned,Fuel transformation,Capture,,Dedicated storage,,2028,2021,172000.0,0.172,,,Planned,Fuel transformation,IEA-CCUS-2026.xlsx,planned
CCS Sakakemang,Indonesia,Indonesia,Other Asia Pacific,Planned,Fuel transformation,Full chain,,Dedicated storage,,2028,2021,500000.0,0.5,,,Planned,Fuel transformation,IEA-CCUS-2026.xlsx,planned
Ringneck Energy & Feed Onida biorefinery (SD),United States,United States,North America,Planned,Fuel transformation,Capture,,Dedicated storage,,2028,2021,229000.0,0.229,,,Planned,Fuel transformation,IEA-CCUS-2026.xlsx,planned
San Juan Generating Station (NM),United States,United States,North America,Cancelled,Power and heat,Capture,,Dedicated storage,,2025,2019,6000000.0,6.0,,,Cancelled,Power and heat,IEA-CCUS-2026.xlsx,cancelled_or_suspended
Moomba Carbon Capture and Storage,Australia,Australia,Australia and New Zealand,Operational,Fuel transformation,Full chain,,Dedicated storage,,2024,2019,1700000.0,1.7,,,Operational,Fuel transformation,IEA-CCUS-2026.xlsx,operational
Moomba CCS storage hub (phase 2),Japan-Australia,Japan-Australia,Australia and New Zealand,Planned,CO2 T&S,T&S,,Dedicated storage,,2030,2023,3300000.0,3.3,,,Planned,CO2 T&S,IEA-CCUS-2026.xlsx,planned
SHARC Neste,Finland,Finland,Europe,Cancelled,Fuel transformation,Capture,,Dedicated storage,,2025,2021,,,,,Cancelled,Fuel transformation,IEA-CCUS-2026.xlsx,cancelled_or_suspended
Calpine Deer Park Energy Center (TX),United States,United States,North America,Planned,Power and heat,Capture,,Dedicated storage,,,2021,5600000.0,5.6,,,Planned,Power and heat,IEA-CCUS-2026.xlsx,planned
Shell Netherlands Refineries biodiesel,Netherlands,Europe,Europe,Cancelled,Fuel transformation,Capture,,Dedicated storage,,2026,2021,380000.0,0.38,,,Cancelled,Fuel transformation,IEA-CCUS-2026.xlsx,cancelled_or_suspended
Shell Netherlands Pernis Refineries CCU,Netherlands,Europe,Europe,Operational,Fuel transformation,CCU,,,,1997,,750000.0,0.75,,,Operational,Fuel transformation,IEA-CCUS-2026.xlsx,operational
Humber Hub Blue North Killingholme,United Kingdom,Europe,Europe,Planned,Fuel transformation,Capture,,Dedicated storage,,2030,2022,1600000.0,1.6,,,Planned,Fuel transformation,IEA-CCUS-2026.xlsx,planned
Sinopec Nanjing Chemical Industries CCUS Cooperation Project (Jiangsu),People's Republic of China,People's Republic of China,Other Asia Pacific,Operational,Fuel transformation,Full chain,,EOR,,2021,2015,200000.0,0.2,,,Operational,Fuel transformation,IEA-CCUS-2026.xlsx,operational
Sinopec Qilu Petrochemical Shengli (Shandong),People's Republic of China,People's Republic of China,Other Asia Pacific,Operational,Industry,Full chain,,EOR,,2022,2012,1000000.0,1.0,,,Operational,Industry,IEA-CCUS-2026.xlsx,operational
Sinopec Shengli Power Plant CCS (Shandong),People's Republic of China,People's Republic of China,Other Asia Pacific,Planned,Power and heat,Full chain,,EOR,,2030,2011,2000000.0,2.0,,,Planned,Power and heat,IEA-CCUS-2026.xlsx,planned
Siouxland Energy Cooperative Sioux Center biorefinery (IA),United States,United States,North America,Planned,Fuel transformation,Capture,,Dedicated storage,,2028,2021,186000.0,0.186,,,Planned,Fuel transformation,IEA-CCUS-2026.xlsx,planned
Donghae CCS Project (capture sources under evaluation),South Korea,South Korea,Other Asia Pacific,Planned,TBD,Full chain,,Dedicated storage,,2030,2022,1200000.0,1.2,,,Planned,TBD,IEA-CCUS-2026.xlsx,planned
Sleipner,Norway,Europe,Europe,Operational,Fuel transformation,Full chain,,Dedicated storage,,1996,1991,1000000.0,1.0,,,Operational,Fuel transformation,IEA-CCUS-2026.xlsx,operational
Snohvit CO2 capture and storage,Norway,Europe,Europe,Operational,Fuel transformation,Full chain,,Dedicated storage,,2008,2002,700000.0,0.7,,,Operational,Fuel transformation,IEA-CCUS-2026.xlsx,operational
South East Australia carbon capture and storage (SEA CCS) hub,Australia,Australia,Australia and New Zealand,Cancelled,CO2 T&S,T&S,,Dedicated storage,,2025,2022,2000000.0,2.0,,,Cancelled,CO2 T&S,IEA-CCUS-2026.xlsx,cancelled_or_suspended
Kwinana Industrial Area CO2 Aggregation Project,Australia,Australia,Australia and New Zealand,Planned,Fuel transformation,Capture,,Dedicated storage,,,2023,,,,,Planned,Fuel transformation,IEA-CCUS-2026.xlsx,planned
South West Hub Project,Australia,Australia,Australia and New Zealand,Planned,CO2 T&S,Storage,,Dedicated storage,,,2010,800000.0,0.8,,,Planned,CO2 T&S,IEA-CCUS-2026.xlsx,planned
HyNet Hydrogen Production Project (HPP) Plant 1 (Hynet phase 1),United Kingdom,Europe,Europe,Planned,Fuel transformation,Capture,,Dedicated storage,,2028,2019,650000.0,0.65,,,Planned,Fuel transformation,IEA-CCUS-2026.xlsx,planned
Stockholm Exergi Värtan CHP CCS (BECCS@STHLM),Sweden,Europe,Europe,Under construction,Power and heat,Capture,,Dedicated storage,,2028,2021,800000.0,0.8,,,Under construction,Power and heat,IEA-CCUS-2026.xlsx,under_construction
Northeast Scotland DAC,United Kingdom,Europe,Europe,Cancelled,DAC,Capture,,Dedicated storage,,2026,2021,1000000.0,1.0,,,Cancelled,DAC,IEA-CCUS-2026.xlsx,cancelled_or_suspended
Suez Tees Valley / Haverton Hill Waste to Energy CCS,United Kingdom,Europe,Europe,Planned,Power and heat,Capture,,Dedicated storage,,2029,2020,240000.0,0.24,,,Planned,Power and heat,IEA-CCUS-2026.xlsx,planned
ATCO Heartland hydrogen hub (ALB),Canada,Canada,North America,Planned,Fuel transformation,Capture,,Dedicated storage,,2028,2021,,,,,Planned,Fuel transformation,IEA-CCUS-2026.xlsx,planned
Kanata CarbonHub (ALB),Canada,Canada,North America,Planned,CO2 T&S,Storage,,Dedicated storage,,,2021,,,,,Planned,CO2 T&S,IEA-CCUS-2026.xlsx,planned
TA’ZIZ blue ammonia,United Arab Emirates,Middle East,Middle East,Planned,Fuel transformation,Full chain,,,,2030,2020,1575000.0,1.575,,,Planned,Fuel transformation,IEA-CCUS-2026.xlsx,planned
Tangguh LNG EGR ,Indonesia,Indonesia,Other Asia Pacific,Under construction,Fuel transformation,Full chain,,EOR,,2028,2021,3300000.0,3.3,,,Under construction,Fuel transformation,IEA-CCUS-2026.xlsx,under_construction
Terrell Natural Gas Processing Plant (former Val Verde) (TX),United States,United States,North America,Operational,Fuel transformation,Full chain,,EOR,,1972,,500000.0,0.5,,,Operational,Fuel transformation,IEA-CCUS-2026.xlsx,operational
Tharaldson Ethanol Casselton biorefinery (ND),United States,United States,North America,Planned,Fuel transformation,Capture,,Dedicated storage,,2028,2021,501000.0,0.501,,,Planned,Fuel transformation,IEA-CCUS-2026.xlsx,planned
The ZEROS project Chambers & Liberty County (Jefferson) (TX),United States,United States,North America,Planned,Power and heat,Capture,,EOR,,,2019,1500000.0,1.5,,,Planned,Power and heat,IEA-CCUS-2026.xlsx,planned
Gonfreville Raffinerie,France,Europe,Europe,Planned,Fuel transformation,Capture,,,,2030,2021,500000.0,0.5,,,Planned,Fuel transformation,IEA-CCUS-2026.xlsx,planned
Twence Hengelo facility (Boeldershoek),Netherlands,Europe,Europe,Operational,Power and heat,CCU,,,,2025,2019,100000.0,0.1,,,Operational,Power and heat,IEA-CCUS-2026.xlsx,operational
Uthmaniyah CO2-EOR demonstration,Saudi Arabia,Saudi Arabia,Middle East,Operational,Fuel transformation,Full chain,,,,2015,2013,800000.0,0.8,,,Operational,Fuel transformation,IEA-CCUS-2026.xlsx,operational
Växjö Energi CHP CCS Sandviksverket,Sweden,Europe,Europe,Cancelled,Power and heat,Capture,,Dedicated storage,,,2021,200000.0,0.2,,,Cancelled,Power and heat,IEA-CCUS-2026.xlsx,cancelled_or_suspended
Velocys Bayou Fuels (MS),United States,United States,North America,Planned,Fuel transformation,Capture,,EOR,,,2019,500000.0,0.5,,,Planned,Fuel transformation,IEA-CCUS-2026.xlsx,planned
Venture Global LNG Calcasieu Pass CCS (LA),United States,United States,North America,Planned,Fuel transformation,Capture,,,,,2021,500000.0,0.5,,,Planned,Fuel transformation,IEA-CCUS-2026.xlsx,planned
Venture Global LNG CP2 liquefaction facility CCS (LA),United States,United States,North America,Planned,Fuel transformation,Capture,,Dedicated storage,,,2021,500000.0,0.5,,,Planned,Fuel transformation,IEA-CCUS-2026.xlsx,planned
Venture Global LNG Plaquemines CCS (LA),United States,United States,North America,Planned,Fuel transformation,Capture,,,,,2021,,,,,Planned,Fuel transformation,IEA-CCUS-2026.xlsx,planned
Vestforbrænding's Ejby Glostrup incineration plant,Denmark,Europe,Europe,Planned,Power and heat,Capture,,Dedicated storage,,2030,2019,500000.0,0.5,,,Planned,Power and heat,IEA-CCUS-2026.xlsx,planned
Viridor Runcorn CCS project,United Kingdom,Europe,Europe,Planned,Power and heat,Capture,,Dedicated storage,,2028,2021,900000.0,0.9,,,Planned,Power and heat,IEA-CCUS-2026.xlsx,planned
Viking CCS Phase 1,United Kingdom,Europe,Europe,Planned,CO2 T&S,T&S,,Dedicated storage,,2027,2020,3600000.0,3.6,,,Planned,CO2 T&S,IEA-CCUS-2026.xlsx,planned
Viking CCS Phase 2,United Kingdom,Europe,Europe,Planned,CO2 T&S,T&S,,Dedicated storage,,2030,2020,6400000.0,6.4,,,Planned,CO2 T&S,IEA-CCUS-2026.xlsx,planned
VPI Immingham CHP plant CCS,United Kingdom,Europe,Europe,Planned,Power and heat,Capture,,Dedicated storage,,2027,2019,3300000.0,3.3,,,Planned,Power and heat,IEA-CCUS-2026.xlsx,planned
Wabash Valley Resources/Wabash CarbonSAFE (IN),United States,United States,North America,Under construction,Industry,Full chain,,Dedicated storage,,2029,2016,1670000.0,1.67,,,Under construction,Industry,IEA-CCUS-2026.xlsx,under_construction
Nutrien Redwater Fertilizer (ALB) phase 1,Canada,Canada,North America,Operational,Industry,Capture,,EOR,,2020,2011,300000.0,0.3,,,Operational,Industry,IEA-CCUS-2026.xlsx,operational
Whitetail Clean Energy,United Kingdom,Europe,Europe,Cancelled,Power and heat,Capture,,Dedicated storage,,2025,2021,800000.0,0.8,,,Cancelled,Power and heat,IEA-CCUS-2026.xlsx,cancelled_or_suspended
Wilhelmshaven Energy Hub BlueHyNow,Germany,Europe,Europe,Planned,Fuel transformation,Capture,,Dedicated storage,,2028,2022,1300000.0,1.3,,,Planned,Fuel transformation,IEA-CCUS-2026.xlsx,planned
Yamal LNG,Russia,Russia,Eurasia,Planned,Fuel transformation,Full chain,,Dedicated storage,,,,,,,,Planned,Fuel transformation,IEA-CCUS-2026.xlsx,planned
Yulin Coal Chemical CCUS (Shaanxi) Phase 1,People's Republic of China,People's Republic of China,Other Asia Pacific,Operational,Fuel transformation,Full chain,,EOR,,2022,2015,300000.0,0.3,,,Operational,Fuel transformation,IEA-CCUS-2026.xlsx,operational
Azur Zeeland Refinery,Netherlands,Europe,Europe,Planned,Fuel transformation,Capture,,Dedicated storage,,,2021,800000.0,0.8,,,Planned,Fuel transformation,IEA-CCUS-2026.xlsx,planned
Linde hydrogen plant for Beaumont New Ammonia (TX),United States,United States,North America,Under construction,Industry,Capture,,Dedicated storage,,2026,2022,2200000.0,2.2,,,Under construction,Industry,IEA-CCUS-2026.xlsx,under_construction
In Salah,Algeria,Algeria,Africa,Decommissioned,Fuel transformation,Full chain,,Dedicated storage,,2004,,500000.0,0.5,,,Decommissioned,Fuel transformation,IEA-CCUS-2026.xlsx,cancelled_or_suspended
Climeworks Orca,Iceland,Iceland,Europe,Operational,DAC,Full chain,,Dedicated storage,,2021,2018,4000.0,0.004,,,Operational,DAC,IEA-CCUS-2026.xlsx,operational
Global thermostat headquarters plant (CO),United States,United States,North America,Operational,DAC,Capture,,,,2023,2023,1000.0,0.001,,,Operational,DAC,IEA-CCUS-2026.xlsx,operational
Sizewell C nuclear-powered DAC Full-scale,United Kingdom,Europe,Europe,Planned,DAC,Capture,,Dedicated storage,,2030,2022,50000.0,0.05,,,Planned,DAC,IEA-CCUS-2026.xlsx,planned
Climeworks Mammoth Project phase 1,Iceland,Iceland,Europe,Operational,DAC,Full chain,,Dedicated storage,,2024,2022,6000.0,0.006,,,Operational,DAC,IEA-CCUS-2026.xlsx,operational
Daya Bay CCS Hub phase 1 (Guangdong),People's Republic of China,People's Republic of China,Other Asia Pacific,Planned,CO2 T&S,T&S,,Dedicated storage,,,2022,2000000.0,2.0,,,Planned,CO2 T&S,IEA-CCUS-2026.xlsx,planned
Nanhai petrochemical plant-Capture for Daya bay CCS (Guangdong),People's Republic of China,People's Republic of China,Other Asia Pacific,Planned,Industry,Capture,,Dedicated storage,,,2022,,,,,Planned,Industry,IEA-CCUS-2026.xlsx,planned
Daya Bay CCS Hub phase 2 (Guangdong),People's Republic of China,People's Republic of China,Other Asia Pacific,Planned,CO2 T&S,T&S,,Dedicated storage,,,2022,8000000.0,8.0,,,Planned,CO2 T&S,IEA-CCUS-2026.xlsx,planned
Hynet Northwest phase 3,United Kingdom,Europe,Europe,Planned,Fuel transformation,Capture,,Dedicated storage,,2030,2019,8100000.0,8.1,,,Planned,Fuel transformation,IEA-CCUS-2026.xlsx,planned
Pecos County Ultra Clean Fuels Refining (TX),United States,United States,North America,Planned,Fuel transformation,Capture,,EOR,,,2021,,,,,Planned,Fuel transformation,IEA-CCUS-2026.xlsx,planned
Northern Endurance Partnership phase 2,United Kingdom,Europe,Europe,Planned,CO2 T&S,T&S,,Dedicated storage,,2032,2019,4000000.0,4.0,,,Planned,CO2 T&S,IEA-CCUS-2026.xlsx,planned
Dos Bocas refinery,Mexico,Mexico,North America,Planned,Fuel transformation,Capture,,,,,,,,,,Planned,Fuel transformation,IEA-CCUS-2026.xlsx,planned
HyDEMO (shelved??),Norway,Europe,Europe,Cancelled,Fuel transformation,Capture,,Dedicated storage,,,2020,150000.0,0.15,,,Cancelled,Fuel transformation,IEA-CCUS-2026.xlsx,cancelled_or_suspended
H2GE Rostock,Germany,Europe,Europe,Planned,Fuel transformation,Capture,,Dedicated storage,,2032,2022,2000000.0,2.0,,,Planned,Fuel transformation,IEA-CCUS-2026.xlsx,planned
CF Industries blue ammonia Donaldsonville (LA),United States,United States,North America,Operational,Industry,Capture,,EOR and storage,,2025,2020,2000000.0,2.0,,,Operational,Industry,IEA-CCUS-2026.xlsx,operational
CF Industries blue ammonia Yazoo City (MS),United States,United States,North America,Under construction,Industry,Full chain,,Dedicated storage,,2028,2020,500000.0,0.5,,,Under construction,Industry,IEA-CCUS-2026.xlsx,under_construction
Northern Endurance Partnership phase 3,United Kingdom,Europe,Europe,Planned,CO2 T&S,T&S,,Dedicated storage,,2033,2020,2000000.0,2.0,,,Planned,CO2 T&S,IEA-CCUS-2026.xlsx,planned
MoU ADNOC ENEOS Mitsui Ruwais Industrial Area,United Arab Emirates,Middle East,Middle East,Planned,Industry,Capture,,,,,2022,460000.0,0.46,,,Planned,Industry,IEA-CCUS-2026.xlsx,planned
Wesfarmers Mitsui WA low-carbon ammonia,Australia,Australia,Australia and New Zealand,Planned,Fuel transformation,Capture,,,,,2021,,,,,Planned,Fuel transformation,IEA-CCUS-2026.xlsx,planned
Yara Sluiskil fertiliser,Netherlands,Europe,Europe,Under construction,Industry,Capture,,Dedicated storage,,2026,2022,800000.0,0.8,,,Under construction,Industry,IEA-CCUS-2026.xlsx,under_construction
Project Bison (WY) Phase 1,United States,United States,North America,Cancelled,DAC,Capture,,Dedicated storage,,2024,2022,10000.0,0.01,,,Cancelled,DAC,IEA-CCUS-2026.xlsx,cancelled_or_suspended
Project Bison (WY) Phase 2,United States,United States,North America,Cancelled,DAC,Capture,,Dedicated storage,,2026,2022,200000.0,0.2,,,Cancelled,DAC,IEA-CCUS-2026.xlsx,cancelled_or_suspended
Project Bison (WY) Phase 3,United States,United States,North America,Cancelled,DAC,Capture,,Dedicated storage,,2028,2022,800000.0,0.8,,,Cancelled,DAC,IEA-CCUS-2026.xlsx,cancelled_or_suspended
Project Bison (WY) Phase 4,United States,United States,North America,Cancelled,DAC,Capture,,Dedicated storage,,2028,2022,4000000.0,4.0,,,Cancelled,DAC,IEA-CCUS-2026.xlsx,cancelled_or_suspended
South Texas DAC Hub (TX),United States,United States,North America,Planned,DAC,Full chain,,Dedicated storage,,2030,2022,1000000.0,1.0,,,Planned,DAC,IEA-CCUS-2026.xlsx,planned
Gemini (formerly Denbury Ascension Parish sequestration) (LA),United States,United States,North America,Planned,CO2 T&S,Storage,,Dedicated storage,,2027,2022,10000000.0,10.0,,,Planned,CO2 T&S,IEA-CCUS-2026.xlsx,planned
Ascension Clean Energy (ACE) complex (LA) Phase 1,United States,United States,North America,Planned,Fuel transformation,Capture,,Dedicated storage,,2029,2022,3780000.0,3.78,,,Planned,Fuel transformation,IEA-CCUS-2026.xlsx,planned
Centrica Equinor hydrogen hub Easington collaboration,United Kingdom,Europe,Europe,Planned,Fuel transformation,Full chain,,Dedicated storage,,,2022,,,,,Planned,Fuel transformation,IEA-CCUS-2026.xlsx,planned
"BlueBonnet Sequestration Hub (Chambers, Liberty, and Jefferson County) (TX)",United States,United States,North America,Planned,CO2 T&S,Storage,,Dedicated storage,,2028,2022,8000000.0,8.0,,,Planned,CO2 T&S,IEA-CCUS-2026.xlsx,planned
Alberta Carbon Grid (ALB) phase 2,Canada,Canada,North America,Planned,CO2 T&S,T&S,,Dedicated storage,,,2021,10000000.0,10.0,,,Planned,CO2 T&S,IEA-CCUS-2026.xlsx,planned
Taiwan Cement Hoping/Heping plant,Chinese Taipei,Chinese Taipei,Other Asia Pacific,Planned,Industry,Capture,,,,2030,2019,100000.0,0.1,,,Planned,Industry,IEA-CCUS-2026.xlsx,planned
EnLink midstream network (LA),United States,United States,North America,Planned,CO2 T&S,Transport,,Dedicated storage,,,2022,2000000.0,2.0,,,Planned,CO2 T&S,IEA-CCUS-2026.xlsx,planned
Athabasca Banks Carbon Hub (ALB),Canada,Canada,North America,Planned,CO2 T&S,Storage,,Dedicated storage,,2027,2022,,,,,Planned,CO2 T&S,IEA-CCUS-2026.xlsx,planned
Battle River Carbon Hub (ALB),Canada,Canada,North America,Planned,CO2 T&S,T&S,,Dedicated storage,,2029,2022,5000000.0,5.0,,,Planned,CO2 T&S,IEA-CCUS-2026.xlsx,planned
Bow River Hub (ALB),Canada,Canada,North America,Planned,CO2 T&S,T&S,,Dedicated storage,,,2022,5000000.0,5.0,,,Planned,CO2 T&S,IEA-CCUS-2026.xlsx,planned
Central Alberta Hub (ALB),Canada,Canada,North America,Planned,CO2 T&S,Storage,,Dedicated storage,,2027,2022,,,,,Planned,CO2 T&S,IEA-CCUS-2026.xlsx,planned
East Calgary Region Carbon Sequestration Hub (ALB),Canada,Canada,North America,Planned,CO2 T&S,T&S,,Dedicated storage,,2027,2022,10000000.0,10.0,,,Planned,CO2 T&S,IEA-CCUS-2026.xlsx,planned
Grande Prairie Net Zero Gateway (ALB),Canada,Canada,North America,Planned,CO2 T&S,Storage,,Dedicated storage,,,2022,3300000.0,3.3,,,Planned,CO2 T&S,IEA-CCUS-2026.xlsx,planned
Greenview Region CCS Project (ALB),Canada,Canada,North America,Planned,CO2 T&S,Storage,,Dedicated storage,,,2022,,,,,Planned,CO2 T&S,IEA-CCUS-2026.xlsx,planned
Maskwa Project (ALB),Canada,Canada,North America,Planned,CO2 T&S,Storage,,Dedicated storage,,,2022,,,,,Planned,CO2 T&S,IEA-CCUS-2026.xlsx,planned
North Drumheller Hub (ALB),Canada,Canada,North America,Planned,CO2 T&S,Storage,,Dedicated storage,,,2022,3000000.0,3.0,,,Planned,CO2 T&S,IEA-CCUS-2026.xlsx,planned
Pathways Alliance (T&S) (ALB),Canada,Canada,North America,Planned,CO2 T&S,T&S,,Dedicated storage,,2030,2022,15200000.0,15.2,,,Planned,CO2 T&S,IEA-CCUS-2026.xlsx,planned
Opal Carbon Hub (ALB),Canada,Canada,North America,Planned,CO2 T&S,Storage,,Dedicated storage,,,2022,,,,,Planned,CO2 T&S,IEA-CCUS-2026.xlsx,planned
Captus Pincher Creek Carbon Sequestration Hub (ALB),Canada,Canada,North America,Planned,CO2 T&S,Storage,,Dedicated storage,,,2022,2700000.0,2.7,,,Planned,CO2 T&S,IEA-CCUS-2026.xlsx,planned
Project Clear Horizon (ALB),Canada,Canada,North America,Planned,Power and heat,Full chain,,Dedicated storage,,2028,2022,,,,,Planned,Power and heat,IEA-CCUS-2026.xlsx,planned
Ram River Carbon Sequestration Hub (ALB),Canada,Canada,North America,Planned,CO2 T&S,Storage,,Dedicated storage,,,2022,,,,,Planned,CO2 T&S,IEA-CCUS-2026.xlsx,planned
Rocky Mountain Carbon Vault (ALB),Canada,Canada,North America,Planned,CO2 T&S,Storage,,Dedicated storage,,2027,2022,,,,,Planned,CO2 T&S,IEA-CCUS-2026.xlsx,planned
Rolling Hills Carbon Sequestration Hub (ALB),Canada,Canada,North America,Planned,CO2 T&S,Storage,,Dedicated storage,,2028,2022,5000000.0,5.0,,,Planned,CO2 T&S,IEA-CCUS-2026.xlsx,planned
The Grande Prairie CCS Hub (ALB),Canada,Canada,North America,Cancelled,CO2 T&S,Storage,,Dedicated storage,,,2022,,,,,Cancelled,CO2 T&S,IEA-CCUS-2026.xlsx,cancelled_or_suspended
Tourmaline Clearwater CCUS (ALB),Canada,Canada,North America,Planned,CO2 T&S,Storage,,Dedicated storage,,,2022,500000.0,0.5,,,Planned,CO2 T&S,IEA-CCUS-2026.xlsx,planned
Milford Haven CO2 Project (Part of Pembroke Net Zero Centre (PNZC)),United Kingdom,Europe,Europe,Planned,Power and heat,Full chain,,Dedicated storage,,2034,2022,5000000.0,5.0,,,Planned,Power and heat,IEA-CCUS-2026.xlsx,planned
Competitive Power Ventures CCGT (WV),United States,United States,North America,Planned,Power and heat,Capture,,,,,2021,,,,,Planned,Power and heat,IEA-CCUS-2026.xlsx,planned
Bacton CCS,United Kingdom,Europe,Europe,Planned,CO2 T&S,T&S,,Dedicated storage,,2030,2022,10000000.0,10.0,,,Planned,CO2 T&S,IEA-CCUS-2026.xlsx,planned
Cstore 1,Australia,Australia,Australia and New Zealand,Planned,CO2 T&S,T&S,,Dedicated storage,,,2021,7500000.0,7.5,,,Planned,CO2 T&S,IEA-CCUS-2026.xlsx,planned
Iowa Fertilizer Complex CCS phase 1 (IA),United States,United States,North America,Planned,Industry,Capture,,Dedicated storage,,,2021,450000.0,0.45,,,Planned,Industry,IEA-CCUS-2026.xlsx,planned
Iowa Fertilizer Complex CCS  phase 2 (IA),United States,United States,North America,Planned,Industry,Capture,,Dedicated storage,,,2021,250000.0,0.25,,,Planned,Industry,IEA-CCUS-2026.xlsx,planned
Reindeer CCS,Australia,Australia,Australia and New Zealand,Planned,CO2 T&S,Storage,,Dedicated storage,,2028,2022,5000000.0,5.0,,,Planned,CO2 T&S,IEA-CCUS-2026.xlsx,planned
Santos Bonaparte Basin storage,Australia,Australia,Australia and New Zealand,Planned,CO2 T&S,Storage,,Dedicated storage,,,2022,,,,,Planned,CO2 T&S,IEA-CCUS-2026.xlsx,planned
Heidelberg Materials Mitchell plant (IN),United States,United States,North America,Planned,Industry,Capture,,Dedicated storage,,,2022,2000000.0,2.0,,,Planned,Industry,IEA-CCUS-2026.xlsx,planned
Errai storage project,Norway,Europe,Europe,Cancelled,CO2 T&S,Storage,,Dedicated storage,,2026,2021,8000000.0,8.0,,,Cancelled,CO2 T&S,IEA-CCUS-2026.xlsx,cancelled_or_suspended
CO2nnectNow HES Wilhelmshaven Tank Terminal phase 1,Germany,Europe,Europe,Planned,CO2 T&S,Transport,,Dedicated storage,,2028,2022,10000000.0,10.0,,,Planned,CO2 T&S,IEA-CCUS-2026.xlsx,planned
"CO2T (formerly known as NOR-GE, Windershall DEA - Equinor pipeline)",Netherlands-Norway,Netherlands-Norway,Europe,Planned,CO2 T&S,Transport,,Dedicated storage,,2035,2022,20000000.0,20.0,,,Planned,CO2 T&S,IEA-CCUS-2026.xlsx,planned
Luna storage,Norway,Europe,Europe,Planned,CO2 T&S,Storage,,Dedicated storage,,2034,2022,5000000.0,5.0,,,Planned,CO2 T&S,IEA-CCUS-2026.xlsx,planned
Bonaparte CCS Block G-7 AP,Australia,Australia,Australia and New Zealand,Planned,CO2 T&S,Storage,,Dedicated storage,,2030,2022,10000000.0,10.0,,,Planned,CO2 T&S,IEA-CCUS-2026.xlsx,planned
Ghent Carbon Hub,Belgium,Europe,Europe,Planned,CO2 T&S,Transport,,Dedicated storage,,,2022,6000000.0,6.0,,,Planned,CO2 T&S,IEA-CCUS-2026.xlsx,planned
Removr Carbfix Polar plant phase 1,Iceland,Iceland,Europe,Planned,DAC,Full chain,,Dedicated storage,,2027,2022,2000.0,0.002,,,Planned,DAC,IEA-CCUS-2026.xlsx,planned
Carbon Clean CEMEX Rudersdorf plant phase 1,Germany,Europe,Europe,Planned,Industry,CCU,,,,,2021,110000.0,0.11,,,Planned,Industry,IEA-CCUS-2026.xlsx,planned
Cemex Rudersdorf CO2llect,Germany,Europe,Europe,Planned,Industry,Capture,,Dedicated storage,,2030,2024,1300000.0,1.3,,,Planned,Industry,IEA-CCUS-2026.xlsx,planned
Air Liquide Shanghai Chemical Industry Park (SCIP) decarbonisation (Shanghai),People's Republic of China,People's Republic of China,Other Asia Pacific,Planned,Fuel transformation,Capture,,,,2028,2022,,,,,Planned,Fuel transformation,IEA-CCUS-2026.xlsx,planned
Net Power Odessa gas plant (TX),United States,United States,North America,Planned,Power and heat,Capture,,Dedicated storage,,2028,2022,,,,,Planned,Power and heat,IEA-CCUS-2026.xlsx,planned
Ince Bioenergy Carbon Capture and Storage (InBECCS) scaleup,United Kingdom,Europe,Europe,Planned,Power and heat,Capture,,Dedicated storage,,2029,2021,250000.0,0.25,,,Planned,Power and heat,IEA-CCUS-2026.xlsx,planned
Protos CO2 network phase 1,United Kingdom,Europe,Europe,Planned,CO2 T&S,Transport,,Dedicated storage,,,2022,800000.0,0.8,,,Planned,CO2 T&S,IEA-CCUS-2026.xlsx,planned
Protos CO2 network phase 2,United Kingdom,Europe,Europe,Planned,CO2 T&S,Transport,,Dedicated storage,,,2022,400000.0,0.4,,,Planned,CO2 T&S,IEA-CCUS-2026.xlsx,planned
Papua LNG CCS,Papua New Guinea,Papua New Guinea,Other Asia Pacific,Planned,Fuel transformation,Full chain,,Dedicated storage,,2027,2018,1000000.0,1.0,,,Planned,Fuel transformation,IEA-CCUS-2026.xlsx,planned
"Arcelormittal Hot Briquetted Iron (HBI) plant, Portland (TX)",United States,United States,North America,Planned,Industry,Capture,,Dedicated storage,,,2022,,,,,Planned,Industry,IEA-CCUS-2026.xlsx,planned
LG&E Cane Run NGCC CR7 (KY),United States,United States,North America,Planned,Power and heat,Capture,,,,,2022,1700000.0,1.7,,,Planned,Power and heat,IEA-CCUS-2026.xlsx,planned
Polk Power station NGCC/Polk carbon storage complex (FL),United States,United States,North America,Planned,Power and heat,Full chain,,Dedicated storage,,,2022,3000000.0,3.0,,,Planned,Power and heat,IEA-CCUS-2026.xlsx,planned
CEMEX Balcones Cement plant (TX),United States,United States,North America,Planned,Industry,Capture,,,,,2020,500000.0,0.5,,,Planned,Industry,IEA-CCUS-2026.xlsx,planned
Hover cement works Hannover phase 2,Germany,Europe,Europe,Planned,Industry,Capture,,,,,2021,800000.0,0.8,,,Planned,Industry,IEA-CCUS-2026.xlsx,planned
GO4ZERO Obourg,Belgium,Europe,Europe,Planned,Industry,Capture,,Dedicated storage,,2029,2022,1100000.0,1.1,,,Planned,Industry,IEA-CCUS-2026.xlsx,planned
ANRAV-CCUS (Devnya plant),Bulgaria,Bulgaria,Europe,Planned,Industry,Full chain,,Dedicated storage,,2028,2022,800000.0,0.8,,,Planned,Industry,IEA-CCUS-2026.xlsx,planned
VAIA HyNoVi project (Vicat Montalieu plant),France,Europe,Europe,Planned,Industry,CCU,,,,2030,2021,500000.0,0.5,,,Planned,Industry,IEA-CCUS-2026.xlsx,planned
Project Air Perstorp Oxo capture,Sweden,Europe,Europe,Planned,Industry,CCU,,,,,2019,70000.0,0.07,,,Planned,Industry,IEA-CCUS-2026.xlsx,planned
Hyskies Vattenfall CHP Lanzatech,Sweden,Europe,Europe,Planned,Power and heat,CCU,,,,2030,2021,200000.0,0.2,,,Planned,Power and heat,IEA-CCUS-2026.xlsx,planned
Go4ECOPlanet Kujawy,Poland,Poland,Europe,Planned,Industry,Capture,,Dedicated storage,,2031,2022,1200000.0,1.2,,,Planned,Industry,IEA-CCUS-2026.xlsx,planned
Medway CCGT power station,United Kingdom,Europe,Europe,Planned,Power and heat,Capture,,Dedicated storage,,,2022,,,,,Planned,Power and heat,IEA-CCUS-2026.xlsx,planned
Grain CCGT power station,United Kingdom,Europe,Europe,Planned,Power and heat,Capture,,Dedicated storage,,2027,2022,2000000.0,2.0,,,Planned,Power and heat,IEA-CCUS-2026.xlsx,planned
Damhead Creek CCGT power station,United Kingdom,Europe,Europe,Planned,Power and heat,Capture,,Dedicated storage,,,2022,,,,,Planned,Power and heat,IEA-CCUS-2026.xlsx,planned
Medway Hub CCS,United Kingdom,Europe,Europe,Planned,CO2 T&S,T&S,,Dedicated storage,,2032,2022,6000000.0,6.0,,,Planned,CO2 T&S,IEA-CCUS-2026.xlsx,planned
Longford gas plant,Australia,Australia,Australia and New Zealand,Planned,Fuel transformation,Capture,,Dedicated storage,,2028,2022,2000000.0,2.0,,,Planned,Fuel transformation,IEA-CCUS-2026.xlsx,planned
Co-op Renewable Diesel Complex (SK),Canada,Canada,North America,Planned,Fuel transformation,Capture,,Dedicated storage,,2027,2021,,,,,Planned,Fuel transformation,IEA-CCUS-2026.xlsx,planned
Co-op Belle Plaine Ethanol Complex (SK),Canada,Canada,North America,Planned,Fuel transformation,Capture,,Dedicated storage,,2028,2021,,,,,Planned,Fuel transformation,IEA-CCUS-2026.xlsx,planned
Southeast Saskatchewan CCUS Hub (Belle Plaine and Weyburn) (SK),Canada,Canada,North America,Planned,CO2 T&S,T&S,,Dedicated storage,,2027,2021,3000000.0,3.0,,,Planned,CO2 T&S,IEA-CCUS-2026.xlsx,planned
Gulf Coast Sequestration Hub Lake Charles (LA),United States,United States,North America,Planned,CO2 T&S,Storage,,Dedicated storage,,2030,2020,2700000.0,2.7,,,Planned,CO2 T&S,IEA-CCUS-2026.xlsx,planned
Grandpuits biorefinery,France,Europe,Europe,Under construction,Fuel transformation,CCU,,,,2026,2022,110000.0,0.11,,,Under construction,Fuel transformation,IEA-CCUS-2026.xlsx,under_construction
Arcelor Mittal Air Liquide Low-carbon steel,France,Europe,Europe,Cancelled,Industry,Capture,,Dedicated storage,,,2020,1000000.0,1.0,,,Cancelled,Industry,IEA-CCUS-2026.xlsx,cancelled_or_suspended
Energy Recovery Facility Edmonton EcoPark,United Kingdom,Europe,Europe,Planned,Power and heat,Capture,,Dedicated storage,,,2020,,,,,Planned,Power and heat,IEA-CCUS-2026.xlsx,planned
Antwerp@C CO2 Export Hub phase 2,Belgium,Europe,Europe,Planned,CO2 T&S,Transport,,Dedicated storage,,,2019,7500000.0,7.5,,,Planned,CO2 T&S,IEA-CCUS-2026.xlsx,planned
Chevron Mitsui CO2 shipping SGP-AUS,Singapore-Australia,Singapore-Australia,Australia and Other Asia Pacific,Planned,CO2 T&S,Transport,,Dedicated storage,,,2022,2500000.0,2.5,,,Planned,CO2 T&S,IEA-CCUS-2026.xlsx,planned
Stanlow Oil Refinery,United Kingdom,Europe,Europe,Planned,Fuel transformation,Capture,,Dedicated storage,,2028,2019,860000.0,0.86,,,Planned,Fuel transformation,IEA-CCUS-2026.xlsx,planned
Beishui cement CCUS project (Beijing),People's Republic of China,People's Republic of China,Other Asia Pacific,Operational,Industry,CCU,,,,2024,2022,100000.0,0.1,,,Operational,Industry,IEA-CCUS-2026.xlsx,operational
Jidong cement carbon capture project (Hebei),People's Republic of China,People's Republic of China,Other Asia Pacific,Under construction,Industry,CCU,,Use and storage,,2026,2021,100000.0,0.1,,,Under construction,Industry,IEA-CCUS-2026.xlsx,under_construction
Huaneng Longdong Energy base/Zhengning coal power plant (Gansu),People's Republic of China,People's Republic of China,Other Asia Pacific,Operational,Power and heat,CCU,,,,2025,2021,1500000.0,1.5,,,Operational,Power and heat,IEA-CCUS-2026.xlsx,operational
BIGST gas fiels Cluster Heads of Agreement,Malaysia,Malaysia,Other Asia Pacific,Planned,Fuel transformation,Full chain,,Dedicated storage,,,2022,,,,,Planned,Fuel transformation,IEA-CCUS-2026.xlsx,planned
Carbon TerraVault 1: Lone Cypress Hydrogen project (CA),United States,United States,North America,Planned,Fuel transformation,Capture,,Dedicated storage,,2029,2022,100000.0,0.1,,,Planned,Fuel transformation,IEA-CCUS-2026.xlsx,planned
Jubail CCS Hub (*capture sources under evaluation),Saudi Arabia,Saudi Arabia,Middle East,Under construction,CO2 T&S,T&S,,Dedicated storage,,2027,2022,9000000.0,9.0,,,Under construction,CO2 T&S,IEA-CCUS-2026.xlsx,under_construction
Battle River clean hydrogen for power station (AB),Canada,Canada,North America,Planned,Fuel transformation,Capture,,Dedicated storage,,,2022,,,,,Planned,Fuel transformation,IEA-CCUS-2026.xlsx,planned
Exshaw Cement Carbon Capture (ALB),Canada,Canada,North America,Planned,Industry,Capture,,Dedicated storage,,2030,2022,1000000.0,1.0,,,Planned,Industry,IEA-CCUS-2026.xlsx,planned
Athabasca Leismer project (ALB),Canada,Canada,North America,Planned,Fuel transformation,Full chain,,,,2027,2022,440000.0,0.44,,,Planned,Fuel transformation,IEA-CCUS-2026.xlsx,planned
Nutrien Redwater Fertilizer (ALB) phase 2,Canada,Canada,North America,Cancelled,Industry,Capture,,EOR,,,2022,,,,,Cancelled,Industry,IEA-CCUS-2026.xlsx,cancelled_or_suspended
Hinton Bioenergy CCS project (ALB),Canada,Canada,North America,Planned,Industry,Capture,,Dedicated storage,,2027,2022,1260000.0,1.26,,,Planned,Industry,IEA-CCUS-2026.xlsx,planned
Suncor Edmonton Refinery - Fluid Catalytic Cracker Capture (ALB),Canada,Canada,North America,Cancelled,Fuel transformation,Capture,,,,,2023,,,,,Cancelled,Fuel transformation,IEA-CCUS-2026.xlsx,cancelled_or_suspended
Shepard Energy Centre (SEC) (ALB),Canada,Canada,North America,Cancelled,Power and heat,Capture,,,,,2022,,,,,Cancelled,Power and heat,IEA-CCUS-2026.xlsx,cancelled_or_suspended
Morecambe Net Zero,United Kingdom,Europe,Europe,Planned,CO2 T&S,Storage,,Dedicated storage,,2030,2023,3000000.0,3.0,,,Planned,CO2 T&S,IEA-CCUS-2026.xlsx,planned
"Integratred clean ammonia production, Port of Corpus Christi (TX) phase 1",United States,United States,North America,Planned,Fuel transformation,Capture,,,,2030,2023,,,,,Planned,Fuel transformation,IEA-CCUS-2026.xlsx,planned
"Integratred clean ammonia production, Port of Corpus Christi (TX) phase 2",United States,United States,North America,Planned,Fuel transformation,Capture,,,,,2023,,,,,Planned,Fuel transformation,IEA-CCUS-2026.xlsx,planned
Omifco ammonia capture,Oman,Oman,Middle East,Planned,Fuel transformation,Capture,,,,,2023,,,,,Planned,Fuel transformation,IEA-CCUS-2026.xlsx,planned
Structure A&E,Lybia,Lybia,Africa,Planned,Fuel transformation,Full chain,,Dedicated storage,,2030,2023,1600000.0,1.6,,,Planned,Fuel transformation,IEA-CCUS-2026.xlsx,planned
Rohm chemical plant (x2),Germany,Europe,Europe,Planned,Industry,CCU,,,,,2023,500000.0,0.5,,,Planned,Industry,IEA-CCUS-2026.xlsx,planned
Carbon America Bridgeport Ethanol - Voyager carbon storage (NE),United States,United States,North America,Planned,Fuel transformation,Full chain,,Dedicated storage,,2027,2022,175000.0,0.175,,,Planned,Fuel transformation,IEA-CCUS-2026.xlsx,planned
ADM Columbus Wet Mill (NE),United States,United States,North America,Operational,Fuel transformation,Capture,,Dedicated storage,,2025,2022,238000.0,0.238,,,Operational,Fuel transformation,IEA-CCUS-2026.xlsx,operational
Bayu-Undan field storage hub Timor-Leste phase 2,Australia-Timor Leste,Australia-Timor Leste,Australia and New Zealand,Planned,CO2 T&S,T&S,,Dedicated storage,,,2021,7700000.0,7.7,,,Planned,CO2 T&S,IEA-CCUS-2026.xlsx,planned
Woodside Browse CCS Assessment,Australia,Australia,Australia and New Zealand,Planned,Fuel transformation,Full chain,,Dedicated storage,,,2018,,,,,Planned,Fuel transformation,IEA-CCUS-2026.xlsx,planned
Geovault Canning Basin CCS Assessment,Australia,Australia,Australia and New Zealand,Planned,CO2 T&S,Storage,,Dedicated storage,,,2022,,,,,Planned,CO2 T&S,IEA-CCUS-2026.xlsx,planned
Rockpoint and Inter Pipeline Carbon Sequestration Hub (AB),Canada,Canada,North America,Planned,CO2 T&S,T&S,,Dedicated storage,,,2022,6000000.0,6.0,,,Planned,CO2 T&S,IEA-CCUS-2026.xlsx,planned
CF Fertilisers Billingham Ammonia CCS,United Kingdom,Europe,Europe,Cancelled,Industry,Capture,,Dedicated storage,,,2021,,,,,Cancelled,Industry,IEA-CCUS-2026.xlsx,cancelled_or_suspended
Rookery South Energy Recovery Facility (ERF),United Kingdom,Europe,Europe,Under construction,Power and heat,Capture,,Dedicated storage,,2029,2022,380000.0,0.38,,,Under construction,Power and heat,IEA-CCUS-2026.xlsx,under_construction
Buxton Lime Net Zero,United Kingdom,Europe,Europe,Planned,Industry,Capture,,Dedicated storage,,,2022,,,,,Planned,Industry,IEA-CCUS-2026.xlsx,planned
Tees Valley Energy Recovery Facility (TVERF),United Kingdom,Europe,Europe,Planned,Power and heat,Capture,,Dedicated storage,,2029,2022,,,,,Planned,Power and heat,IEA-CCUS-2026.xlsx,planned
ZerCal250,United Kingdom,Europe,Europe,Planned,Industry,Capture,,Dedicated storage,,,2021,,,,,Planned,Industry,IEA-CCUS-2026.xlsx,planned
Guanghui Energy CCUS integration project Phase 1 (Xinjiang),People's Republic of China,People's Republic of China,Other Asia Pacific,Operational,Industry,Full chain,,EOR,,2023,2021,100000.0,0.1,,,Operational,Industry,IEA-CCUS-2026.xlsx,operational
Jiling Petrochemical CCUS (Nanjing refinery) (Jiangsu) phase 1,People's Republic of China,People's Republic of China,Other Asia Pacific,Operational,Fuel transformation,Full chain,,EOR,,2023,2021,100000.0,0.1,,,Operational,Fuel transformation,IEA-CCUS-2026.xlsx,operational
BIR Waste-to-Energy Bergen,Norway,Europe,Europe,Planned,Power and heat,Capture,,,,,2021,100000.0,0.1,,,Planned,Power and heat,IEA-CCUS-2026.xlsx,planned
KVA Linth Waste-to-Energy Niederurnen,Switzerland,Switzerland,Europe,Planned,Power and heat,Capture,,,,2029,2020,100000.0,0.1,,,Planned,Power and heat,IEA-CCUS-2026.xlsx,planned
Oceania CCS (capture sources under evaluation),Japan,Japan,Other Asia Pacific,Planned,CO2 T&S,T&S,,Dedicated storage,,,2023,2000000.0,2.0,,,Planned,CO2 T&S,IEA-CCUS-2026.xlsx,planned
ECO2CEE (previously Poland EU CCS Interconnector) phase 3,"Poland, Latvia, Lithuania","Poland, Latvia, Lithuania",Europe,Planned,CO2 T&S,Transport,,Dedicated storage,,2033,2021,300000.0,0.3,,,Planned,CO2 T&S,IEA-CCUS-2026.xlsx,planned
ECO2Normandy phase 1,France,Europe,Europe,Planned,CO2 T&S,Transport,,Dedicated storage,,2028,2023,3000000.0,3.0,,,Planned,CO2 T&S,IEA-CCUS-2026.xlsx,planned
Callisto Mediterranean CO2 Network phase 1,France-Italy,France-Italy,Europe,Planned,CO2 T&S,Transport,,Dedicated storage,,2029,2023,3600000.0,3.6,,,Planned,CO2 T&S,IEA-CCUS-2026.xlsx,planned
Callisto Mediterranean CO2 Network phase 2,France-Italy,France-Italy,Europe,Planned,CO2 T&S,Transport,,Dedicated storage,,2035,2023,2800000.0,2.8,,,Planned,CO2 T&S,IEA-CCUS-2026.xlsx,planned
C Zero phase 1,Germany-Netherlands,Germany-Netherlands,Europe,Planned,CO2 T&S,Transport,,Dedicated storage,,,2023,,,,,Planned,CO2 T&S,IEA-CCUS-2026.xlsx,planned
C Zero phase 2,Germany-Netherlands,Germany-Netherlands,Europe,Planned,CO2 T&S,Transport,,Dedicated storage,,,2023,,,,,Planned,CO2 T&S,IEA-CCUS-2026.xlsx,planned
C Zero phase 3,Germany-Netherlands,Germany-Netherlands,Europe,Planned,CO2 T&S,Transport,,Dedicated storage,,2029,2023,,,,,Planned,CO2 T&S,IEA-CCUS-2026.xlsx,planned
OLYMPUS Holcim Milaki,Greece,Greece,Europe,Under construction,Industry,Capture,,Dedicated storage,,2029,2023,1000000.0,1.0,,,Under construction,Industry,IEA-CCUS-2026.xlsx,under_construction
KOdeCO net zero project (Koromačno),Croatia,Croatia,Europe,Planned,Industry,Capture,,Dedicated storage,,2028,2023,366000.0,0.366,,,Planned,Industry,IEA-CCUS-2026.xlsx,planned
Weyburn-Midale storage (SK),Canada,Canada,North America,Operational,CO2 T&S,Storage,,EOR,,2020,,3000000.0,3.0,,,Operational,CO2 T&S,IEA-CCUS-2026.xlsx,operational
Heidelberg Materials CBR Antoing Cement Plant (Anthemis),Belgium,Europe,Europe,Planned,Industry,Capture,,Dedicated storage,,2030,2023,800000.0,0.8,,,Planned,Industry,IEA-CCUS-2026.xlsx,planned
EU2NSEA PCI Project,Norway,Europe,Europe,Cancelled,CO2 T&S,Transport,,Dedicated storage,,2030,2022,20000000.0,20.0,,,Cancelled,CO2 T&S,IEA-CCUS-2026.xlsx,cancelled_or_suspended
Marquis Industrial Complex (IL),United States,United States,North America,Planned,Fuel transformation,Full chain,,Dedicated storage,,,2022,1200000.0,1.2,,,Planned,Fuel transformation,IEA-CCUS-2026.xlsx,planned
Hoosier 1 (Cardinal ethanol facility) (IN) ,United States,United States,North America,Planned,Fuel transformation,Full chain,,Dedicated storage,,,2022,400000.0,0.4,,,Planned,Fuel transformation,IEA-CCUS-2026.xlsx,planned
"CO2 TransPorts phase 2 (cross-border pipeline, phase 1 is Porthos and Antwerp?)",Belgium-Netherlands,Belgium-Netherlands,Europe,Planned,CO2 T&S,Transport,,Dedicated storage,,,2022,5000000.0,5.0,,,Planned,CO2 T&S,IEA-CCUS-2026.xlsx,planned
Tohoku Region West Coast CCS,Japan,Japan,Other Asia Pacific,Planned,CO2 T&S,T&S,,Dedicated storage,,2030,2023,2000000.0,2.0,,,Planned,CO2 T&S,IEA-CCUS-2026.xlsx,planned
Tomakomai area CCS,Japan,Japan,Other Asia Pacific,Planned,CO2 T&S,T&S,,Dedicated storage,,2030,2023,1500000.0,1.5,,,Planned,CO2 T&S,IEA-CCUS-2026.xlsx,planned
MOL Szank field CO2 EOR,Hungary,Hungary,Europe,Operational,Fuel transformation,Full chain,,EOR,,1992,,160000.0,0.16,,,Operational,Fuel transformation,IEA-CCUS-2026.xlsx,operational
Gassum storage/Fyrkat network (Norne carbon storage hub),Denmark,Europe,Europe,Planned,CO2 T&S,Storage,,Dedicated storage,,2027,2022,2600000.0,2.6,,,Planned,CO2 T&S,IEA-CCUS-2026.xlsx,planned
Havnso storage/Trelleborg network (Norne carbon storage hub),Denmark,Europe,Europe,Planned,CO2 T&S,Storage,,Dedicated storage,,2030,2022,16399999.999999998,16.4,,,Planned,CO2 T&S,IEA-CCUS-2026.xlsx,planned
Port of Aalborg terminal and pipeline to Fyrkat (Norne carbon storage hub),Denmark,Europe,Europe,Under construction,CO2 T&S,Transport,,Dedicated storage,,2026,2022,15000000.0,15.0,,,Under construction,CO2 T&S,IEA-CCUS-2026.xlsx,under_construction
Port of Kalundborg terminal and pipeline to Trelleborg phase 1 (Norne carbon storage hub),Denmark,Europe,Europe,Planned,CO2 T&S,Transport,,Dedicated storage,,,2022,4000000.0,4.0,,,Planned,CO2 T&S,IEA-CCUS-2026.xlsx,planned
Port of Kalundborg terminal and pipeline to Trelleborg phase 2 (Norne carbon storage hub),Denmark,Europe,Europe,Planned,CO2 T&S,Transport,,Dedicated storage,,,2022,8000000.0,8.0,,,Planned,CO2 T&S,IEA-CCUS-2026.xlsx,planned
German carbon transport grid,Germany,Europe,Europe,Planned,CO2 T&S,Transport,,Dedicated storage,,2028,2022,25800000.0,25.8,,,Planned,CO2 T&S,IEA-CCUS-2026.xlsx,planned
Equinor Smeaheia storage phase 2,Norway,Europe,Europe,Cancelled,CO2 T&S,T&S,,Dedicated storage,,2035,2022,24000000.0,24.0,,,Cancelled,CO2 T&S,IEA-CCUS-2026.xlsx,cancelled_or_suspended
North Sea CO2 corridor (Zeebrugge - Germany),Belgium-Germany,Belgium-Germany,Europe,Planned,CO2 T&S,Transport,,Dedicated storage,,2030,2023,20000000.0,20.0,,,Planned,CO2 T&S,IEA-CCUS-2026.xlsx,planned
WH2V therminal (Wilhelshaven green energy hub phase 1),Multiple Europe,Multiple Europe,Europe,Planned,CO2 T&S,Transport,,Dedicated storage,,2029,2022,10000000.0,10.0,,,Planned,CO2 T&S,IEA-CCUS-2026.xlsx,planned
NL CCS Direct Injection Phase 1,Netherlands,Europe,Europe,Cancelled,CO2 T&S,T&S,,Dedicated storage,,2040,2023,3000000.0,3.0,,,Cancelled,CO2 T&S,IEA-CCUS-2026.xlsx,cancelled_or_suspended
RWE Eemshaven power plant (BECCUS project),Netherlands,Europe,Europe,Planned,Power and heat,Capture,,Dedicated storage,,2030,2022,8000000.0,8.0,,,Planned,Power and heat,IEA-CCUS-2026.xlsx,planned
RWE Amer power plant (BECCUS project),Netherlands,Europe,Europe,Planned,Power and heat,Capture,,Dedicated storage,,2032,2022,3000000.0,3.0,,,Planned,Power and heat,IEA-CCUS-2026.xlsx,planned
Project Bifrost Phase 2,Denmark,Europe,Europe,Planned,CO2 T&S,T&S,,Dedicated storage,,2035,2021,10000000.0,10.0,,,Planned,CO2 T&S,IEA-CCUS-2026.xlsx,planned
"CCS Baltic Consortium, Klapeida terminal",Latvia-Lithuania,Latvia-Lithuania,Europe,Planned,CO2 T&S,Transport,,Dedicated storage,,2031,2022,4000000.0,4.0,,,Planned,CO2 T&S,IEA-CCUS-2026.xlsx,planned
Geothermal CCS Croatia,Croatia,Croatia,Europe,Planned,CO2 T&S,T&S,,Dedicated storage,,2031,2022,630000.0,0.63,,,Planned,CO2 T&S,IEA-CCUS-2026.xlsx,planned
PYCASSO hub phase 2 - northern and cross-border pipeline,France-Spain,France-Spain,Europe,Planned,CO2 T&S,T&S,,Dedicated storage,,2035,2021,6000000.0,6.0,,,Planned,CO2 T&S,IEA-CCUS-2026.xlsx,planned
Buzzi Unicem Augusta cement plant,Italy,Europe,Europe,Planned,Industry,Capture,,Dedicated storage,,2033,2022,600000.0,0.6,,,Planned,Industry,IEA-CCUS-2026.xlsx,planned
Augusta C2 ,Italy-Greece,Italy-Greece,Europe,Planned,CO2 T&S,Transport,,Dedicated storage,,2029,2022,200000.0,0.2,,,Planned,CO2 T&S,IEA-CCUS-2026.xlsx,planned
Prinos CCS phase 1,Greece,Greece,Europe,Planned,CO2 T&S,T&S,,Dedicated storage,,2029,2021,1000000.0,1.0,,,Planned,CO2 T&S,IEA-CCUS-2026.xlsx,planned
Prinos CCS phase 2,Greece,Greece,Europe,Planned,CO2 T&S,T&S,,Dedicated storage,,2030,2021,1800000.0,1.8,,,Planned,CO2 T&S,IEA-CCUS-2026.xlsx,planned
Prinos sigma plant,Greece,Greece,Europe,Planned,Fuel transformation,Capture,,Dedicated storage,,2028,2022,1000000.0,1.0,,,Planned,Fuel transformation,IEA-CCUS-2026.xlsx,planned
Burns Harbour (IN),United States,United States,North America,Planned,Industry,Capture,,,,,2020,2800000.0,2.8,,,Planned,Industry,IEA-CCUS-2026.xlsx,planned
Advanced CO2 Capture from Hydrogen Production Unit at Phillips 66 Rodeo Refinery (CA),United States,United States,North America,Planned,Fuel transformation,Capture,,,,,2021,190000.0,0.19,,,Planned,Fuel transformation,IEA-CCUS-2026.xlsx,planned
Linde-BASF capture SMR plant Covent (LA),United States,United States,North America,Planned,Fuel transformation,Capture,,,,,2020,1361000.0,1.361,,,Planned,Fuel transformation,IEA-CCUS-2026.xlsx,planned
Blue Bison ATR advanced CCUS system (WY),United States,United States,North America,Planned,Fuel transformation,Capture,,,,,2021,1660000.0,1.66,,,Planned,Fuel transformation,IEA-CCUS-2026.xlsx,planned
Calpine Delta Energy Center (CA),United States,United States,North America,Planned,Power and heat,Capture,,Dedicated storage,,,2021,,,,,Planned,Power and heat,IEA-CCUS-2026.xlsx,planned
Carbon Capture Retrofit at Sherman Generating Station (TX),United States,United States,North America,Planned,Power and heat,Capture,,,,,2019,,,,,Planned,Power and heat,IEA-CCUS-2026.xlsx,planned
CO2 capture at Duke Energy's East Bend Station (KY),United States,United States,North America,Planned,Power and heat,Capture,,EOR,,,2018,,,,,Planned,Power and heat,IEA-CCUS-2026.xlsx,planned
Calpine Baytown Energy Center (Baytown decarbonization project) (TX),United States,United States,North America,Planned,Power and heat,Capture,,,,,2023,2000000.0,2.0,,,Planned,Power and heat,IEA-CCUS-2026.xlsx,planned
Shell Deer Park Chemical complex (TX),United States,United States,North America,Planned,Industry,Capture,,,,,2021,,,,,Planned,Industry,IEA-CCUS-2026.xlsx,planned
North Dakota CarbonSAFE (ND),United States,United States,North America,Planned,CO2 T&S,Storage,,Dedicated storage,,,2017,4990000.0,4.99,,,Planned,CO2 T&S,IEA-CCUS-2026.xlsx,planned
J-Power Sumitomo joint feasibility clean hydrogen Latrobe Valley (VI),Australia,Australia,Australia and New Zealand,Planned,Fuel transformation,Capture,,Dedicated storage,,,2023,,,,,Planned,Fuel transformation,IEA-CCUS-2026.xlsx,planned
Viking CCS Phase 3,United Kingdom,Europe,Europe,Planned,CO2 T&S,T&S,,Dedicated storage,,2035,2020,5000000.0,5.0,,,Planned,CO2 T&S,IEA-CCUS-2026.xlsx,planned
RWE CCGT Staythorpe,United Kingdom,Europe,Europe,Planned,Power and heat,Capture,,Dedicated storage,,2033,2022,3700000.0,3.7,,,Planned,Power and heat,IEA-CCUS-2026.xlsx,planned
Central Louisiana Regional Carbon Storage (CENLA) Hub (Wilcox) (LA) phase 1,United States,United States,North America,Under construction,CO2 T&S,T&S,,Dedicated storage,,2026,2022,2000000.0,2.0,,,Under construction,CO2 T&S,IEA-CCUS-2026.xlsx,under_construction
Haynesville Shale natural gas (LA),United States,United States,North America,Under construction,Fuel transformation,Capture,,Dedicated storage,,2026,2022,2000000.0,2.0,,,Under construction,Fuel transformation,IEA-CCUS-2026.xlsx,under_construction
Trudvang storage project (EXL007),Norway,Europe,Europe,Planned,CO2 T&S,Storage,,Dedicated storage,,2029,2023,10000000.0,10.0,,,Planned,CO2 T&S,IEA-CCUS-2026.xlsx,planned
Coastal Bend Carbon Management Project (TX),United States,United States,North America,Planned,CO2 T&S,Storage,,Dedicated storage,,,2022,1500000.0,1.5,,,Planned,CO2 T&S,IEA-CCUS-2026.xlsx,planned
Coastal Bend Offshore CO2 Storage (TX),United States,United States,North America,Planned,CO2 T&S,Storage,,Dedicated storage,,,2023,,,,,Planned,CO2 T&S,IEA-CCUS-2026.xlsx,planned
Tulare County Carbon Storage Project (CA),United States,United States,North America,Planned,CO2 T&S,Storage,,Dedicated storage,,2027,2023,2500000.0,2.5,,,Planned,CO2 T&S,IEA-CCUS-2026.xlsx,planned
Carbon Storage Complex Southeastern Michigan (MI),United States,United States,North America,Planned,CO2 T&S,Storage,,Dedicated storage,,,2023,2100000.0,2.1,,,Planned,CO2 T&S,IEA-CCUS-2026.xlsx,planned
Mitchell CarbonSAFE (IN),United States,United States,North America,Planned,CO2 T&S,Storage,,Dedicated storage,,,2023,1667000.0,1.667,,,Planned,CO2 T&S,IEA-CCUS-2026.xlsx,planned
Sutter Decarbonization Project (CA),United States,United States,North America,Planned,Power and heat,Full chain,,Dedicated storage,,2029,2023,1800000.0,1.8,,,Planned,Power and heat,IEA-CCUS-2026.xlsx,planned
Project OASIS Shelby County (AL),United States,United States,North America,Planned,CO2 T&S,Storage,,Dedicated storage,,,2022,,,,,Planned,CO2 T&S,IEA-CCUS-2026.xlsx,planned
Project Lochridge (Gulf of Mexico CCS Partnership Hub) (LA),United States,United States,North America,Planned,CO2 T&S,T&S,,Dedicated storage,,,2022,,,,,Planned,CO2 T&S,IEA-CCUS-2026.xlsx,planned
Roughrider Carbon Storage Hub (ND),United States,United States,North America,Planned,CO2 T&S,Storage,,Dedicated storage,,,2023,,,,,Planned,CO2 T&S,IEA-CCUS-2026.xlsx,planned
Unita Basin Carbon SAFE (UT),United States,United States,North America,Planned,CO2 T&S,Storage,,Dedicated storage,,,2023,,,,,Planned,CO2 T&S,IEA-CCUS-2026.xlsx,planned
Calpine Hermiston Power/HERO Basalt CarbonSafe (OR),United States,United States,North America,Planned,Power and heat,Full chain,,Dedicated storage,,,2023,1700000.0,1.7,,,Planned,Power and heat,IEA-CCUS-2026.xlsx,planned
Pathways alliance (ALB) (14 facilities),Canada,Canada,North America,Planned,Fuel transformation,Capture,,Dedicated storage,,2030,2022,15200000.0,15.2,,,Planned,Fuel transformation,IEA-CCUS-2026.xlsx,planned
CO₂ EOR Project Croatia - Žutica South ,Croatia,Croatia,Europe,Operational,CO2 T&S,Storage,,EOR,,2020,,,,,,Operational,CO2 T&S,IEA-CCUS-2026.xlsx,operational
Kutina Petrokemija ammonia (ICORD project?),Croatia,Croatia,Europe,Planned,Industry,Capture,,,,2027,2021,190000.0,0.19,,,Planned,Industry,IEA-CCUS-2026.xlsx,planned
Kalundborg refinery project,Denmark,Europe,Europe,Planned,Fuel transformation,Capture,,,,2030,2021,,,,,Planned,Fuel transformation,IEA-CCUS-2026.xlsx,planned
ACCSION Aalborg Portland,Denmark,Europe,Europe,Planned,Industry,Capture,,Dedicated storage,,2029,2021,1400000.0,1.4,,,Planned,Industry,IEA-CCUS-2026.xlsx,planned
ARGO waste-to-energy plant,Denmark,Europe,Europe,Planned,Power and heat,Capture,,,,2030,2021,350000.0,0.35,,,Planned,Power and heat,IEA-CCUS-2026.xlsx,planned
BIOFOS Carbon Capture Project ,Denmark,Europe,Europe,Planned,Power and heat,Capture,,,,2030,2021,,,,,Planned,Power and heat,IEA-CCUS-2026.xlsx,planned
DREAM- Decarbonisation of the Rezzato and Mazzano cement plant,Italy,Europe,Europe,Planned,Industry,Capture,,Dedicated storage,,2032,2024,,,,,Planned,Industry,IEA-CCUS-2026.xlsx,planned
Getica CCS - Turceni power plant,Romania,Romania,Europe,Planned,Power and heat,Capture,,Dedicated storage,,,2010,1300000.0,1.3,,,Planned,Power and heat,IEA-CCUS-2026.xlsx,planned
Danube Removals,Hungary,Hungary,Europe,Under construction,Fuel transformation,Full chain,,Dedicated storage,,2026,2023,500000.0,0.5,,,Under construction,Fuel transformation,IEA-CCUS-2026.xlsx,under_construction
Norvik Infrastructure CCS East (NICE),Sweden,Europe,Europe,Planned,CO2 T&S,Transport,,Dedicated storage,,,2023,9000000.0,9.0,,,Planned,CO2 T&S,IEA-CCUS-2026.xlsx,planned
Cypress DAC Hub (LA),United States,United States,North America,Planned,DAC,Capture,,Dedicated storage,,2027,2023,683000.0,0.683,,,Planned,DAC,IEA-CCUS-2026.xlsx,planned
Carbon Capture on Air Liquide US Gulf Coast Steam Methane Reformer Using the CryocapTM FG Process (TX),United States,United States,North America,Planned,Fuel transformation,Capture,,,,,2022,,,,,Planned,Fuel transformation,IEA-CCUS-2026.xlsx,planned
Combined Carbon Capture Solution on Air Liquide South Texas Steam Methane Reformer (TX),United States,United States,North America,Planned,Fuel transformation,Capture,,,,,2022,,,,,Planned,Fuel transformation,IEA-CCUS-2026.xlsx,planned
3D DMX ArcelorMittal and IFPEN Dunkirk 'REUZE',France,Europe,Europe,Planned,Industry,CCU,,,,,2022,300000.0,0.3,,,Planned,Industry,IEA-CCUS-2026.xlsx,planned
e-Alto,United Kingdom,Europe,Europe,Planned,Fuel transformation,CCU,,,,,2022,,,,,Planned,Fuel transformation,IEA-CCUS-2026.xlsx,planned
HIF Tasmania eFuels Facility (TAS),Australia,Australia,Australia and New Zealand,Planned,Power and heat,CCU,,,,2028,2022,300000.0,0.3,,,Planned,Power and heat,IEA-CCUS-2026.xlsx,planned
Asnæs Power Station,Denmark,Europe,Europe,Under construction,Power and heat,Capture,,Dedicated storage,,2026,2022,280000.0,0.28,,,Under construction,Power and heat,IEA-CCUS-2026.xlsx,under_construction
Avedøre Power Station CCU (Green Fuels for Denmark),Denmark,Europe,Europe,Cancelled,Power and heat,CCU,,,,2026,2021,,,,,Cancelled,Power and heat,IEA-CCUS-2026.xlsx,cancelled_or_suspended
Ramba CCUS/EOR,Indonesia,Indonesia,Other Asia Pacific,Planned,Fuel transformation,Full chain,,EOR,,2032,2022,,,,,Planned,Fuel transformation,IEA-CCUS-2026.xlsx,planned
Central Sumatera Basin CCUS hub,Indonesia,Indonesia,Other Asia Pacific,Planned,CO2 T&S,Storage,,Dedicated storage,,2030,2022,,,,,Planned,CO2 T&S,IEA-CCUS-2026.xlsx,planned
Sunda Asri Basin CCUS hub,Indonesia,Indonesia,Other Asia Pacific,Planned,CO2 T&S,Storage,,Dedicated storage,,2030,2022,,,,,Planned,CO2 T&S,IEA-CCUS-2026.xlsx,planned
Gemah field EOR,Indonesia,Indonesia,Other Asia Pacific,Planned,CO2 T&S,Storage,,EOR,,2031,2022,,,,,Planned,CO2 T&S,IEA-CCUS-2026.xlsx,planned
Kutai Basin CCUS hub,Indonesia,Indonesia,Other Asia Pacific,Planned,CO2 T&S,Storage,,Dedicated storage,,2030,2022,,,,,Planned,CO2 T&S,IEA-CCUS-2026.xlsx,planned
Peak cluster transport,United Kingdom,Europe,Europe,Planned,CO2 T&S,Transport,,Dedicated storage,,2032,2023,3000000.0,3.0,,,Planned,CO2 T&S,IEA-CCUS-2026.xlsx,planned
Trailblazer CO2 pipeline (NE)(WY),United States,United States,North America,Operational,CO2 T&S,Transport,,Dedicated storage,,2025,2022,10000000.0,10.0,,,Operational,CO2 T&S,IEA-CCUS-2026.xlsx,operational
Drax US BECCS plant 1,United States,United States,North America,Planned,Power and heat,Capture,,Dedicated storage,,2030,2023,3000000.0,3.0,,,Planned,Power and heat,IEA-CCUS-2026.xlsx,planned
Drax US BECCS plant 2,United States,United States,North America,Planned,Power and heat,Capture,,Dedicated storage,,2030,2023,3000000.0,3.0,,,Planned,Power and heat,IEA-CCUS-2026.xlsx,planned
STARFISH project (Havstjerne CO2 storage/Altera Stella Maris CCS Project Phase 1),Norway,Europe,Europe,Planned,CO2 T&S,T&S,,Dedicated storage,,,2020,4275000.0,4.275,,,Planned,CO2 T&S,IEA-CCUS-2026.xlsx,planned
Ferrybridge EfW,United Kingdom,Europe,Europe,Planned,Power and heat,Capture,,Dedicated storage,,2030,2023,1200000.0,1.2,,,Planned,Power and heat,IEA-CCUS-2026.xlsx,planned
Navigator Terminal train,United Kingdom,Europe,Europe,Planned,CO2 T&S,Transport,,Dedicated storage,,,2023,,,,,Planned,CO2 T&S,IEA-CCUS-2026.xlsx,planned
Poseidon CO2 storage,Norway,Europe,Europe,Planned,CO2 T&S,Storage,,Dedicated storage,,,2023,5000000.0,5.0,,,Planned,CO2 T&S,IEA-CCUS-2026.xlsx,planned
Joint study CCS value chain Japan Malaysia steel,Japan-Malaysia,Japan-Malaysia,Japan and Other Asia Pacific,Planned,Industry,Capture,,Dedicated storage,,,2022,,,,,Planned,Industry,IEA-CCUS-2026.xlsx,planned
Fortum waste solutions Nyborg,Denmark,Europe,Europe,Planned,Power and heat,Capture,,Dedicated storage,,,2023,170000.0,0.17,,,Planned,Power and heat,IEA-CCUS-2026.xlsx,planned
Project Ruby (Rodby) phase 1,Denmark,Europe,Europe,Planned,CO2 T&S,Storage,,Dedicated storage,,2030,2022,1000000.0,1.0,,,Planned,CO2 T&S,IEA-CCUS-2026.xlsx,planned
Project Ruby (Rodby) phase 2,Denmark,Europe,Europe,Planned,CO2 T&S,Storage,,Dedicated storage,,,2022,6500000.0,6.5,,,Planned,CO2 T&S,IEA-CCUS-2026.xlsx,planned
Stenlille project (CO2RYLUS),Denmark,Europe,Europe,Planned,CO2 T&S,Storage,,Dedicated storage,,,2022,500000.0,0.5,,,Planned,CO2 T&S,IEA-CCUS-2026.xlsx,planned
Yara Pilbara ammonia,Australia,Australia,Australia and New Zealand,Cancelled,Fuel transformation,Capture,,Dedicated storage,,,2021,,,,,Cancelled,Fuel transformation,IEA-CCUS-2026.xlsx,cancelled_or_suspended
WAH2 Clean Ammonia Project - phase 1,Australia,Australia,Australia and New Zealand,Planned,Fuel transformation,Capture,,,,2028,2022,250000.0,0.25,,,Planned,Fuel transformation,IEA-CCUS-2026.xlsx,planned
WAH2 Clean Ammonia Project - phase 2,Australia,Australia,Australia and New Zealand,Planned,Fuel transformation,Capture,,,,,2022,550000.0,0.55,,,Planned,Fuel transformation,IEA-CCUS-2026.xlsx,planned
Pembina& Marubeni Hydrogen and Ammonia Complex (AB),Canada,Canada,North America,Planned,Fuel transformation,Full chain,,Dedicated storage,,2027,2023,1575000.0,1.575,,,Planned,Fuel transformation,IEA-CCUS-2026.xlsx,planned
CarbonSAFE Eos (CO),United States,United States,North America,Planned,CO2 T&S,Storage,,Dedicated storage,,,2023,,,,,Planned,CO2 T&S,IEA-CCUS-2026.xlsx,planned
Magnolia sequestration hub (Allen Parish) (LA),United States,United States,North America,Planned,CO2 T&S,T&S,,Dedicated storage,,,2020,4000000.0,4.0,,,Planned,CO2 T&S,IEA-CCUS-2026.xlsx,planned
Longleaf CCS (AL),United States,United States,North America,Planned,CO2 T&S,Storage,,Dedicated storage,,2029,2023,2600000.0,2.6,,,Planned,CO2 T&S,IEA-CCUS-2026.xlsx,planned
Timberland Sequestration project (AL),United States,United States,North America,Planned,Industry,Full chain,,Dedicated storage,,,2023,2000000.0,2.0,,,Planned,Industry,IEA-CCUS-2026.xlsx,planned
Illinois Basin West CarbonSAFE (IL),United States,United States,North America,Planned,CO2 T&S,Storage,,Dedicated storage,,,2023,1670000.0,1.67,,,Planned,CO2 T&S,IEA-CCUS-2026.xlsx,planned
Sweetwater Carbon Storage Hub (SCS Hub) (WY),United States,United States,North America,Planned,CO2 T&S,Storage,,Dedicated storage,,,2023,1270000.0,1.27,,,Planned,CO2 T&S,IEA-CCUS-2026.xlsx,planned
Project WyoTCH pipeline (WY),United States,United States,North America,Planned,CO2 T&S,Transport,,,,,2023,120000000.0,120.0,,,Planned,CO2 T&S,IEA-CCUS-2026.xlsx,planned
Port of Corpus Christi-Mississippi pipeline (TX),United States,United States,North America,Planned,CO2 T&S,Transport,,,,,2023,250000000.0,250.0,,,Planned,CO2 T&S,IEA-CCUS-2026.xlsx,planned
Houston-Galveston pipeline (TX),United States,United States,North America,Cancelled,CO2 T&S,Transport,,,,,2023,8000000.0,8.0,,,Cancelled,CO2 T&S,IEA-CCUS-2026.xlsx,cancelled_or_suspended
Nihon Shipyard Mistubishi Shipbuilding JV LCO2 carrier,Japan,Japan,Other Asia Pacific,Planned,CO2 T&S,Transport,,,,2027,2023,,,,,Planned,CO2 T&S,IEA-CCUS-2026.xlsx,planned
Removr Carbfix Polar plant phase 2,Iceland,Iceland,Europe,Planned,DAC,Full chain,,Dedicated storage,,2028,2023,50000.0,0.05,,,Planned,DAC,IEA-CCUS-2026.xlsx,planned
RWE CCGT Stallingborough,United Kingdom,Europe,Europe,Planned,Power and heat,Capture,,Dedicated storage,,2035,2024,1870000.0,1.87,,,Planned,Power and heat,IEA-CCUS-2026.xlsx,planned
Nucor Steel Convent plant (LA),United States,United States,North America,Planned,Industry,Capture,,Dedicated storage,,2028,2023,800000.0,0.8,,,Planned,Industry,IEA-CCUS-2026.xlsx,planned
ExxonMobil Vermilion parish storage: Pecan island (LA),United States,United States,North America,Planned,CO2 T&S,Storage,,Dedicated storage,,2027,2022,5000000.0,5.0,,,Planned,CO2 T&S,IEA-CCUS-2026.xlsx,planned
Aluminium Dunkerque feasibility study,France,Europe,Europe,Planned,Industry,Capture,,,,2030,2021,240000.0,0.24,,,Planned,Industry,IEA-CCUS-2026.xlsx,planned
Metropolitan Area CCS (capture sources under evaluation),Japan,Japan,Other Asia Pacific,Planned,CO2 T&S,T&S,,Dedicated storage,,2030,2023,1000000.0,1.0,,,Planned,CO2 T&S,IEA-CCUS-2026.xlsx,planned
 Offshore Western Kyushu CCS,Japan,Japan,Other Asia Pacific,Planned,CO2 T&S,T&S,,Dedicated storage,,2030,2023,1700000.0,1.7,,,Planned,CO2 T&S,IEA-CCUS-2026.xlsx,planned
Offshore Malay CCS (capture sources under evaluation),Japan-Malaysia,Japan-Malaysia,Japan and Other Asia Pacific,Planned,CO2 T&S,T&S,,Dedicated storage,,2030,2023,5000000.0,5.0,,,Planned,CO2 T&S,IEA-CCUS-2026.xlsx,planned
CEIC-CNPC CCUS-EOR demonstration (Ningxia) Phase 1,People's Republic of China,People's Republic of China,Other Asia Pacific,Operational,Fuel transformation,Full chain,,EOR,,2024,2023,400000.0,0.4,,,Operational,Fuel transformation,IEA-CCUS-2026.xlsx,operational
Aemetis CCS (CA),United States,United States,North America,Planned,CO2 T&S,Storage,,Dedicated storage,,2028,2021,1400000.0,1.4,,,Planned,CO2 T&S,IEA-CCUS-2026.xlsx,planned
Pelican sequestration hub (Livingston Parish) (LA),United States,United States,North America,Under construction,CO2 T&S,Storage,,Dedicated storage,,2029,2022,6000000.0,6.0,,,Under construction,CO2 T&S,IEA-CCUS-2026.xlsx,under_construction
ADM Decatur Campus CO2 Storage Site Expansion (IL),United States,United States,North America,Planned,CO2 T&S,T&S,,Dedicated storage,,2028,2022,2950000.0,2.95,,,Planned,CO2 T&S,IEA-CCUS-2026.xlsx,planned
Hydrogen to Humber (H2H) Saltend phase 2,United Kingdom,Europe,Europe,Planned,Fuel transformation,Capture,,Dedicated storage,,,2020,1000000.0,1.0,,,Planned,Fuel transformation,IEA-CCUS-2026.xlsx,planned
H2-gateway,Netherlands,Europe,Europe,Planned,Fuel transformation,Full chain,,Dedicated storage,,2030,2020,1800000.0,1.8,,,Planned,Fuel transformation,IEA-CCUS-2026.xlsx,planned
Eleusis oil refinery (Elefsina),Greece,Greece,Europe,Planned,Fuel transformation,Capture,,,,2030,2021,600000.0,0.6,,,Planned,Fuel transformation,IEA-CCUS-2026.xlsx,planned
Yara-BASF Gulf Coast,United States,United States,North America,Cancelled,Fuel transformation,Capture,,,,2028,2023,2100000.0,2.1,,,Cancelled,Fuel transformation,IEA-CCUS-2026.xlsx,cancelled_or_suspended
"Mote biomass-to-hydrogen plant, 2nd facility (CA)",United States,United States,North America,Planned,Fuel transformation,Capture,,Dedicated storage,,,2023,450000.0,0.45,,,Planned,Fuel transformation,IEA-CCUS-2026.xlsx,planned
Babcock & Wilcox’s (LA),United States,United States,North America,Planned,Fuel transformation,Capture,,,,,2023,,,,,Planned,Fuel transformation,IEA-CCUS-2026.xlsx,planned
Alberta Carbon Trunk Line (ACTL) - Edmonton Connector Phase 2 (AB),Canada,Canada,North America,Under construction,CO2 T&S,T&S,,Dedicated storage,,2026,2023,7000000.0,7.0,,,Under construction,CO2 T&S,IEA-CCUS-2026.xlsx,under_construction
Midland Basin project: Dusek CCS (TX),United States,United States,North America,Planned,CO2 T&S,Storage,,Dedicated storage,,,2023,,,,,Planned,CO2 T&S,IEA-CCUS-2026.xlsx,planned
Carbon reduced Ammonia plant St Rose (LA),United States,United States,North America,Planned,Fuel transformation,Full chain,,,,2027,2023,,,,,Planned,Fuel transformation,IEA-CCUS-2026.xlsx,planned
Stryde CO2 storage assessment Brazil,Brazil,Brazil,Central and South America,Planned,CO2 T&S,Storage,,Dedicated storage,,,2023,,,,,Planned,CO2 T&S,IEA-CCUS-2026.xlsx,planned
Great Carbon Valley DAC,Kenya,Kenya,Africa,Planned,DAC,Full chain,,Dedicated storage,,2028,2023,1000000.0,1.0,,,Planned,DAC,IEA-CCUS-2026.xlsx,planned
Libra  (LA),United States,United States,North America,Planned,CO2 T&S,Storage,,,,2028,2023,10000000.0,10.0,,,Planned,CO2 T&S,IEA-CCUS-2026.xlsx,planned
Mountaineer Gigasystem (WV) Phase 1,United States,United States,North America,Planned,Fuel transformation,Capture,,Dedicated storage,,2028,2023,1700000.0,1.7,,,Planned,Fuel transformation,IEA-CCUS-2026.xlsx,planned
Equinor Smeaheia storage phase 1 (start up phase),Norway,Europe,Europe,Planned,CO2 T&S,T&S,,Dedicated storage,,2032,2022,5000000.0,5.0,,,Planned,CO2 T&S,IEA-CCUS-2026.xlsx,planned
UK Poseidon CCS project phase 1,United Kingdom,Europe,Europe,Planned,CO2 T&S,Storage,,Dedicated storage,,2029,2023,1500000.0,1.5,,,Planned,CO2 T&S,IEA-CCUS-2026.xlsx,planned
UK Poseidon CCS project phase 2,United Kingdom,Europe,Europe,Planned,CO2 T&S,Storage,,Dedicated storage,,2032,2023,8500000.0,8.5,,,Planned,CO2 T&S,IEA-CCUS-2026.xlsx,planned
UK Poseidon CCS project phase 3,United Kingdom,Europe,Europe,Planned,CO2 T&S,Storage,,Dedicated storage,,2035,2023,30000000.0,30.0,,,Planned,CO2 T&S,IEA-CCUS-2026.xlsx,planned
Enquest CCS Project ,United Kingdom,Europe,Europe,Planned,CO2 T&S,Storage,,Dedicated storage,,,2023,10000000.0,10.0,,,Planned,CO2 T&S,IEA-CCUS-2026.xlsx,planned
Orion CCS Project Phase 1,United Kingdom,Europe,Europe,Planned,CO2 T&S,Storage,,Dedicated storage,,2031,2023,1000000.0,1.0,,,Planned,CO2 T&S,IEA-CCUS-2026.xlsx,planned
Orion CCS Project Phase 2,United Kingdom,Europe,Europe,Planned,CO2 T&S,Storage,,Dedicated storage,,,2023,5000000.0,5.0,,,Planned,CO2 T&S,IEA-CCUS-2026.xlsx,planned
Tellus CCS - CS020 (Area 1),United Kingdom,Europe,Europe,Planned,CO2 T&S,Storage,,Dedicated storage,,2030,2023,10000000.0,10.0,,,Planned,CO2 T&S,IEA-CCUS-2026.xlsx,planned
Tellus CCS - CS021 (Area 5),United Kingdom,Europe,Europe,Planned,CO2 T&S,Storage,,Dedicated storage,,2033,2023,6000000.0,6.0,,,Planned,CO2 T&S,IEA-CCUS-2026.xlsx,planned
Tellus CCS - CS022 (Area 7),United Kingdom,Europe,Europe,Planned,CO2 T&S,Storage,,Dedicated storage,,2033,2023,6000000.0,6.0,,,Planned,CO2 T&S,IEA-CCUS-2026.xlsx,planned
Humberside CCS with Shell and Esso,United Kingdom,Europe,Europe,Planned,CO2 T&S,Storage,,Dedicated storage,,,2023,,,,,Planned,CO2 T&S,IEA-CCUS-2026.xlsx,planned
Gas power CCUS MoU,Indonesia,Indonesia,Other Asia Pacific,Planned,Power and heat,Capture,,Dedicated storage,,,2023,,,,,Planned,Power and heat,IEA-CCUS-2026.xlsx,planned
Nagoya port cluster (capture sources under evaluation),Japan-Indonesia,Japan-Indonesia,Other Asia Pacific,Planned,CO2 T&S,T&S,,Dedicated storage,,,2023,,,,,Planned,CO2 T&S,IEA-CCUS-2026.xlsx,planned
Tangguh CCUS hub (Vorwata),Indonesia,Indonesia,Other Asia Pacific,Planned,CO2 T&S,Storage,,Dedicated storage,,,2023,,,,,Planned,CO2 T&S,IEA-CCUS-2026.xlsx,planned
Corpus Christi carbon storage hub (TX),United States,United States,North America,Planned,CO2 T&S,T&S,,Dedicated storage,,2030,2023,20000000.0,20.0,,,Planned,CO2 T&S,IEA-CCUS-2026.xlsx,planned
Cameron Parish CO2 hub (LA),United States,United States,North America,Planned,CO2 T&S,Storage,,Dedicated storage,,2027,2023,,,,,Planned,CO2 T&S,IEA-CCUS-2026.xlsx,planned
Orion (AL),United States,United States,North America,Cancelled,CO2 T&S,Storage,,Dedicated storage,,2026,2022,20000000.0,20.0,,,Cancelled,CO2 T&S,IEA-CCUS-2026.xlsx,cancelled_or_suspended
Leo (MS),United States,United States,North America,Planned,CO2 T&S,Storage,,Dedicated storage,,2027,2022,10000000.0,10.0,,,Planned,CO2 T&S,IEA-CCUS-2026.xlsx,planned
Lorain CCS (OH) ,United States,United States,North America,Planned,CO2 T&S,Storage,,Dedicated storage,,,2021,,,,,Planned,CO2 T&S,IEA-CCUS-2026.xlsx,planned
Linden (IN),United States,United States,North America,Planned,CO2 T&S,Storage,,,,,2023,,,,,Planned,CO2 T&S,IEA-CCUS-2026.xlsx,planned
ADM Maroa/Forsyth CO2 Storage Site Development (IL),United States,United States,North America,Planned,CO2 T&S,Storage,,,,2028,2023,3300000.0,3.3,,,Planned,CO2 T&S,IEA-CCUS-2026.xlsx,planned
Heartland Greenway Storage (HGSS) NVC-1 (IL),United States,United States,North America,Planned,CO2 T&S,Storage,,,,,2022,,,,,Planned,CO2 T&S,IEA-CCUS-2026.xlsx,planned
Heartland Greenway Storage: Vervain (IL),United States,United States,North America,Cancelled,CO2 T&S,Storage,,,,,2023,,,,,Cancelled,CO2 T&S,IEA-CCUS-2026.xlsx,cancelled_or_suspended
Heartland Greenway Storage: Compass (IL),United States,United States,North America,Cancelled,CO2 T&S,Storage,,,,,2023,,,,,Cancelled,CO2 T&S,IEA-CCUS-2026.xlsx,cancelled_or_suspended
Minerva (LA),United States,United States,North America,Planned,CO2 T&S,Storage,,,,,2022,,,,,Planned,CO2 T&S,IEA-CCUS-2026.xlsx,planned
Goose Lake (LA),United States,United States,North America,Planned,CO2 T&S,Storage,,,,,2022,,,,,Planned,CO2 T&S,IEA-CCUS-2026.xlsx,planned
LA CCS (LA),United States,United States,North America,Planned,CO2 T&S,Storage,,,,,2022,1000000.0,1.0,,,Planned,CO2 T&S,IEA-CCUS-2026.xlsx,planned
El Camino (LA),United States,United States,North America,Planned,CO2 T&S,Storage,,,,,2022,1500000.0,1.5,,,Planned,CO2 T&S,IEA-CCUS-2026.xlsx,planned
Orchard (TX),United States,United States,North America,Planned,CO2 T&S,Storage,,,,,2022,1000000.0,1.0,,,Planned,CO2 T&S,IEA-CCUS-2026.xlsx,planned
River Parish Sequestration (LA),United States,United States,North America,Planned,CO2 T&S,T&S,,Dedicated storage,,2027,2023,5867000.0,5.867,,,Planned,CO2 T&S,IEA-CCUS-2026.xlsx,planned
Diamond Vault (LA),United States,United States,North America,Planned,CO2 T&S,Storage,,Dedicated storage,,,2023,3500000.0,3.5,,,Planned,CO2 T&S,IEA-CCUS-2026.xlsx,planned
Draco (LA),United States,United States,North America,Planned,CO2 T&S,Storage,,,,2027,2022,5000000.0,5.0,,,Planned,CO2 T&S,IEA-CCUS-2026.xlsx,planned
Aries (LA),United States,United States,North America,Planned,CO2 T&S,Storage,,,,2027,2022,10000000.0,10.0,,,Planned,CO2 T&S,IEA-CCUS-2026.xlsx,planned
Pegasus (LA),United States,United States,North America,Planned,CO2 T&S,Storage,,,,2028,2022,10000000.0,10.0,,,Planned,CO2 T&S,IEA-CCUS-2026.xlsx,planned
Dorado (TX),United States,United States,North America,Cancelled,CO2 T&S,Storage,,Dedicated storage,,2026,2022,5000000.0,5.0,,,Cancelled,CO2 T&S,IEA-CCUS-2026.xlsx,cancelled_or_suspended
Virgo (LA),United States,United States,North America,Planned,CO2 T&S,Storage,,,,2027,2022,5000000.0,5.0,,,Planned,CO2 T&S,IEA-CCUS-2026.xlsx,planned
Corvus (WY),United States,United States,North America,Planned,CO2 T&S,Storage,,,,,2022,5000000.0,5.0,,,Planned,CO2 T&S,IEA-CCUS-2026.xlsx,planned
Cygnus (WY),United States,United States,North America,Planned,CO2 T&S,Storage,,,,2027,2022,5000000.0,5.0,,,Planned,CO2 T&S,IEA-CCUS-2026.xlsx,planned
Harvest Bend CCS White Castle (LA),United States,United States,North America,Planned,CO2 T&S,Storage,,,,,2022,5000000.0,5.0,,,Planned,CO2 T&S,IEA-CCUS-2026.xlsx,planned
Osage CCS 1 (OK),United States,United States,North America,Planned,CO2 T&S,Storage,,,,,2022,,,,,Planned,CO2 T&S,IEA-CCUS-2026.xlsx,planned
San Joaquin Renewables BCCS (CA),United States,United States,North America,Planned,CO2 T&S,Storage,,Dedicated storage,,2029,2021,440000.0,0.44,,,Planned,CO2 T&S,IEA-CCUS-2026.xlsx,planned
Carbon TerraVault 2 (CA),United States,United States,North America,Planned,CO2 T&S,Storage,,Dedicated storage,,,2022,,,,,Planned,CO2 T&S,IEA-CCUS-2026.xlsx,planned
Carbon TerraVault 3 (CA),United States,United States,North America,Planned,CO2 T&S,Storage,,Dedicated storage,,,2022,370000.0,0.37,,,Planned,CO2 T&S,IEA-CCUS-2026.xlsx,planned
Carbon TerraVault 4 (CA),United States,United States,North America,Planned,CO2 T&S,Storage,,Dedicated storage,,,2023,40000.0,0.04,,,Planned,CO2 T&S,IEA-CCUS-2026.xlsx,planned
Carbon TerraVault 5 (CA),United States,United States,North America,Planned,CO2 T&S,Storage,,Dedicated storage,,,2023,1000000.0,1.0,,,Planned,CO2 T&S,IEA-CCUS-2026.xlsx,planned
CarbonFrontier (CA),United States,United States,North America,Planned,Fuel transformation,Full chain,,Dedicated storage,,,2023,1600000.0,1.6,,,Planned,Fuel transformation,IEA-CCUS-2026.xlsx,planned
Russel CO2 storage complex (KS),United States,United States,North America,Planned,Industry,Full chain,,Dedicated storage,,,2020,1000000.0,1.0,,,Planned,Industry,IEA-CCUS-2026.xlsx,planned
Pelican Rindge Tract CCS Project (CA),United States,United States,North America,Planned,Fuel transformation,Full chain,,Dedicated storage,,,2023,2000000.0,2.0,,,Planned,Fuel transformation,IEA-CCUS-2026.xlsx,planned
Montezuma NorCal Carbon Hub (CA),United States,United States,North America,Planned,CO2 T&S,T&S,,Dedicated storage,,,2023,1000000.0,1.0,,,Planned,CO2 T&S,IEA-CCUS-2026.xlsx,planned
Carbon TerraVault 1: Verde (CA),United States,United States,North America,Planned,Fuel transformation,Capture,,Dedicated storage,,,2023,100000.0,0.1,,,Planned,Fuel transformation,IEA-CCUS-2026.xlsx,planned
Carbon TerraVault 1: InEnTec (CA),United States,United States,North America,Planned,Industry,Capture,,Dedicated storage,,2027,2023,100000.0,0.1,,,Planned,Industry,IEA-CCUS-2026.xlsx,planned
Tranmere and Stanlow Terminal,United Kingdom,Europe,Europe,Planned,CO2 T&S,Transport,,Dedicated storage,,,2023,,,,,Planned,CO2 T&S,IEA-CCUS-2026.xlsx,planned
Parc Adfer CCS ,United Kingdom,Europe,Europe,Planned,Power and heat,Capture,,Dedicated storage,,,2023,235000.0,0.235,,,Planned,Power and heat,IEA-CCUS-2026.xlsx,planned
Sharjah Hub ,United Arab Emirates,Middle East,Middle East,Planned,CO2 T&S,T&S,,Dedicated storage,,,2023,,,,,Planned,CO2 T&S,IEA-CCUS-2026.xlsx,planned
The Bluestreak CO2 Joint Venture,United Kingdom,Europe,Europe,Planned,CO2 T&S,T&S,,Dedicated storage,,,2023,30000000.0,30.0,,,Planned,CO2 T&S,IEA-CCUS-2026.xlsx,planned
Filer City Station plant (MI),United States,United States,North America,Planned,Power and heat,Full chain,,,,,2023,,,,,Planned,Power and heat,IEA-CCUS-2026.xlsx,planned
HyNet Hydrogen Production Project (HPP) Plant 2 (Hynet phase 2),United Kingdom,Europe,Europe,Planned,Fuel transformation,Capture,,Dedicated storage,,2028,2023,1900000.0,1.9,,,Planned,Fuel transformation,IEA-CCUS-2026.xlsx,planned
Gismarvik CO2 hub,Norway,Europe,Europe,Planned,CO2 T&S,Transport,,Dedicated storage,,2028,2023,24000000.0,24.0,,,Planned,CO2 T&S,IEA-CCUS-2026.xlsx,planned
SK E&S Honeywell gas power plant,South Korea,South Korea,Other Asia Pacific,Planned,Power and heat,Capture,,,,,2023,,,,,Planned,Power and heat,IEA-CCUS-2026.xlsx,planned
Aker Carbon Capture mineral production (unknown facilities),United States,United States,North America,Planned,Industry,Capture,,,,,2023,1500000.0,1.5,,,Planned,Industry,IEA-CCUS-2026.xlsx,planned
Oxy/ADNOC UAE DAC,United Arab Emirates,Middle East,Middle East,Planned,DAC,Capture,,Dedicated storage,,,2023,1000000.0,1.0,,,Planned,DAC,IEA-CCUS-2026.xlsx,planned
Gulf Coast Hydrogen Hub HyVelocity (TX),United States,United States,North America,Planned,Fuel transformation,Capture,,Dedicated storage,,,2023,,,,,Planned,Fuel transformation,IEA-CCUS-2026.xlsx,planned
CEIC-CNPC CCUS-EOR demonstration (Ningxia) Phase 2,People's Republic of China,People's Republic of China,Other Asia Pacific,Under construction,Industry,Full chain,,EOR,,2026,2023,500000.0,0.5,,,Under construction,Industry,IEA-CCUS-2026.xlsx,under_construction
CEIC-CNPC CCUS-EOR demonstration (Ningxia) Phase 3,People's Republic of China,People's Republic of China,Other Asia Pacific,Planned,Industry,Full chain,,EOR,,2027,2023,1500000.0,1.5,,,Planned,Industry,IEA-CCUS-2026.xlsx,planned
CEIC-CNPC CCUS-EOR demonstration (Ningxia) Phase 3 (dedicated storage) ,People's Republic of China,People's Republic of China,Other Asia Pacific,Planned,Industry,Full chain,,Dedicated storage,,2027,2023,500000.0,0.5,,,Planned,Industry,IEA-CCUS-2026.xlsx,planned
ADNOC CO2 storage hub (Phase 2 of fertiglobe pilot),United Arab Emirates,Middle East,Middle East,Planned,CO2 T&S,Storage,,Dedicated storage,,2030,2023,5000000.0,5.0,,,Planned,CO2 T&S,IEA-CCUS-2026.xlsx,planned
Yulin Energy Chemical (Shaanxi),People's Republic of China,People's Republic of China,Other Asia Pacific,Planned,Fuel transformation,Full chain,,EOR,,2030,2022,1600000.0,1.6,,,Planned,Fuel transformation,IEA-CCUS-2026.xlsx,planned
Yulin Coal Chemical CCUS (Shaanxi) Phase 2,People's Republic of China,People's Republic of China,Other Asia Pacific,Planned,Fuel transformation,Full chain,,EOR,,2050,2022,2600000.0,2.6,,,Planned,Fuel transformation,IEA-CCUS-2026.xlsx,planned
CPNC coal power Baijiantan Karamay (Xinjiang) Phase 1,People's Republic of China,People's Republic of China,Other Asia Pacific,Under construction,Power and heat,Full chain,,EOR,,2027,2023,1000000.0,1.0,,,Under construction,Power and heat,IEA-CCUS-2026.xlsx,under_construction
Mountaineer Gigasystem (WV) Phase 2,United States,United States,North America,Planned,Fuel transformation,Capture,,Dedicated storage,,,2023,,,,,Planned,Fuel transformation,IEA-CCUS-2026.xlsx,planned
Mountaineer Gigasystem (WV) Phase 3,United States,United States,North America,Planned,Fuel transformation,Capture,,Dedicated storage,,,2023,,,,,Planned,Fuel transformation,IEA-CCUS-2026.xlsx,planned
Mountaineer Gigasystem (WV) Phase 4,United States,United States,North America,Planned,Fuel transformation,Capture,,Dedicated storage,,,2023,,,,,Planned,Fuel transformation,IEA-CCUS-2026.xlsx,planned
Tohoku Region West Coast CCS - Kyushu Works Oita Area ,Japan,Japan,Other Asia Pacific,Planned,Industry,Capture,,Dedicated storage,,2030,2023,,,,,Planned,Industry,IEA-CCUS-2026.xlsx,planned
Tohoku Region West Coast CCS - Kawasaki Plant of DC CO,Japan,Japan,Other Asia Pacific,Planned,Industry,Capture,,Dedicated storage,,2030,2023,,,,,Planned,Industry,IEA-CCUS-2026.xlsx,planned
CO-Creator Pilot Startup program DACCS,Iceland,Iceland,Europe,Planned,DAC,Capture,,Dedicated storage,,,2023,100000.0,0.1,,,Planned,DAC,IEA-CCUS-2026.xlsx,planned
Waste-to-energy Aker Carbon Capture (unknown facility),France,Europe,Europe,Planned,Power and heat,Capture,,,,,2023,200000.0,0.2,,,Planned,Power and heat,IEA-CCUS-2026.xlsx,planned
"Nordbex 1, Nybro",Sweden,Europe,Europe,Planned,Power and heat,Capture,,Dedicated storage,,2029,2023,200000.0,0.2,,,Planned,Power and heat,IEA-CCUS-2026.xlsx,planned
East Kalimantan CCUS hub,Indonesia,Indonesia,Other Asia Pacific,Planned,CO2 T&S,Storage,,Dedicated storage,,2030,2022,1000000.0,1.0,,,Planned,CO2 T&S,IEA-CCUS-2026.xlsx,planned
JSA Pertamina Chevron East Kalimantan,Indonesia,Indonesia,Other Asia Pacific,Planned,CO2 T&S,Storage,,,,,2023,,,,,Planned,CO2 T&S,IEA-CCUS-2026.xlsx,planned
Bapco MOL CCUS value chain,Bahrain,Bahrain,Middle East,Planned,CO2 T&S,T&S,,Dedicated storage,,,2023,,,,,Planned,CO2 T&S,IEA-CCUS-2026.xlsx,planned
CO2NEXT terminal phase 1,Netherlands,Europe,Europe,Planned,CO2 T&S,Transport,,Dedicated storage,,2028,2023,5400000.0,5.4,,,Planned,CO2 T&S,IEA-CCUS-2026.xlsx,planned
CO2NEXT terminal phase 2,Netherlands,Europe,Europe,Planned,CO2 T&S,Transport,,Dedicated storage,,,2023,10300000.0,10.3,,,Planned,CO2 T&S,IEA-CCUS-2026.xlsx,planned
Deep Sky Alpha phase 1 (AB),Canada,Canada,North America,Operational,DAC,Capture,,Dedicated Storage,,2025,2023,2000.0,0.002,,,Operational,DAC,IEA-CCUS-2026.xlsx,operational
Commonwealth LNG CCS (LA),United States,United States,North America,Planned,Fuel transformation,Capture,,Dedicated storage,,2029,2023,,,,,Planned,Fuel transformation,IEA-CCUS-2026.xlsx,planned
Joint study CCS value chain Japan Malaysia phase 1 (M3 CCS Project/Eastern CCS Hub project),Japan-Malaysia,Japan-Malaysia,Japan and Other Asia Pacific,Planned,CO2 T&S,T&S,,Dedicated storage,,2028,2022,2000000.0,2.0,,,Planned,CO2 T&S,IEA-CCUS-2026.xlsx,planned
Joint study CCS value chain Japan Malaysia phase 2 (M3 CCS Project/Eastern CCS Hub project),Japan-Malaysia,Japan-Malaysia,Japan and Other Asia Pacific,Planned,CO2 T&S,T&S,,Dedicated storage,,2030,2022,8000000.0,8.0,,,Planned,CO2 T&S,IEA-CCUS-2026.xlsx,planned
William Echo Springs CarbonSAFE (WY),United States,United States,North America,Planned,CO2 T&S,Storage,,Dedicated storage,,,2023,1667000.0,1.667,,,Planned,CO2 T&S,IEA-CCUS-2026.xlsx,planned
Southeastern Illinois Basin CarbonSAFE (KT),United States,United States,North America,Planned,CO2 T&S,Storage,,Dedicated storage,,,2023,,,,,Planned,CO2 T&S,IEA-CCUS-2026.xlsx,planned
CarbonSAFE Illinois Storage Corridor (IL),United States,United States,North America,Planned,CO2 T&S,Storage,,Dedicated storage,,2028,2019,2000000.0,2.0,,,Planned,CO2 T&S,IEA-CCUS-2026.xlsx,planned
Coal creek capture: site characterisation and permitting (ND),United States,United States,North America,Planned,CO2 T&S,Storage,,Dedicated storage,,,2021,,,,,Planned,CO2 T&S,IEA-CCUS-2026.xlsx,planned
San Juan Basin CarbonSAFE (NM),United States,United States,North America,Planned,CO2 T&S,Storage,,Dedicated storage,,2028,2019,,,,,Planned,CO2 T&S,IEA-CCUS-2026.xlsx,planned
Limeco Waste-to-Energy Dietikon,Switzerland,Switzerland,Europe,Planned,Power and heat,Capture,,,,,2023,,,,,Planned,Power and heat,IEA-CCUS-2026.xlsx,planned
Moomba CCS storage hub (phase 3),Australia-Japan,Australia-Japan,Australia and New Zealand,Planned,CO2 T&S,T&S,,Dedicated storage,,2035,2023,5000000.0,5.0,,,Planned,CO2 T&S,IEA-CCUS-2026.xlsx,planned
Moomba CCS storage hub (phase 4),Australia-Japan,Australia-Japan,Australia and New Zealand,Planned,CO2 T&S,T&S,,Dedicated storage,,2040,2023,10000000.0,10.0,,,Planned,CO2 T&S,IEA-CCUS-2026.xlsx,planned
INNOZHERO Filbornaverket plant Helsingborg,Sweden,Europe,Europe,Under construction,Power and heat,Capture,,Dedicated storage,,2028,2022,210000.0,0.21,,,Under construction,Power and heat,IEA-CCUS-2026.xlsx,under_construction
Virginia CarbonSafe storage (VA),United States,United States,North America,Planned,CO2 T&S,Storage,,Dedicated storage,,,2023,4000000.0,4.0,,,Planned,CO2 T&S,IEA-CCUS-2026.xlsx,planned
CANstore (CA),United States,United States,North America,Planned,CO2 T&S,Storage,,Dedicated storage,,,2023,,,,,Planned,CO2 T&S,IEA-CCUS-2026.xlsx,planned
Atlantic Coast CO2 Emissions Storage Sink (ACCESS) (FL),United States,United States,North America,Planned,CO2 T&S,Storage,,Dedicated storage,,,2023,,,,,Planned,CO2 T&S,IEA-CCUS-2026.xlsx,planned
Red Hills CO2 storage hub (MS),United States,United States,North America,Planned,CO2 T&S,Storage,,Dedicated storage,,,2023,1800000.0,1.8,,,Planned,CO2 T&S,IEA-CCUS-2026.xlsx,planned
Ackerman Combined Cycle Plant (MS),United States,United States,North America,Planned,Power and heat,Capture,,Dedicated storage,,,2023,1800000.0,1.8,,,Planned,Power and heat,IEA-CCUS-2026.xlsx,planned
Alaska Railbelt CCS Project (AK),United States,United States,North America,Planned,CO2 T&S,Storage,,Dedicated storage,,,2023,,,,,Planned,CO2 T&S,IEA-CCUS-2026.xlsx,planned
Susitna Power Plant (AK),United States,United States,North America,Planned,Power and heat,Capture,,Dedicated storage,,,2023,,,,,Planned,Power and heat,IEA-CCUS-2026.xlsx,planned
Monkey Island carbon storage project (LA),United States,United States,North America,Planned,CO2 T&S,Storage,,Dedicated storage,,,2023,,,,,Planned,CO2 T&S,IEA-CCUS-2026.xlsx,planned
"Project Crossroads (IN, IL, MI)",United States,United States,North America,Planned,CO2 T&S,T&S,,Dedicated storage,,2030,2023,23000000.0,23.0,,,Planned,CO2 T&S,IEA-CCUS-2026.xlsx,planned
Whiting Refinery,United States,United States,North America,Suspended,Fuel transformation,Capture,,Dedicated storage,,,2023,,,,,Suspended,Fuel transformation,IEA-CCUS-2026.xlsx,cancelled_or_suspended
Four corners carbon storage hub (NM),United States,United States,North America,Planned,CO2 T&S,Storage,,Dedicated storage,,2030,2023,8000000.0,8.0,,,Planned,CO2 T&S,IEA-CCUS-2026.xlsx,planned
Phoenix project (TX),United States,United States,North America,Planned,CO2 T&S,Storage,,Dedicated storage,,,2023,,,,,Planned,CO2 T&S,IEA-CCUS-2026.xlsx,planned
Oak Grove CCS hub (Tri-state CCS hub) (PA),United States,United States,North America,Planned,CO2 T&S,Storage,,Dedicated storage,,2030,2023,682000.0,0.682,,,Planned,CO2 T&S,IEA-CCUS-2026.xlsx,planned
Tracy DAC facility,United States,United States,North America,Operational,DAC,CCU,,,,2023,2021,1000.0,0.001,,,Operational,DAC,IEA-CCUS-2026.xlsx,operational
FlagshipTWO Sundsvall Korstaverket plant,Sweden,Europe,Europe,Planned,Power and heat,CCU,,,,2027,2023,150000.0,0.15,,,Planned,Power and heat,IEA-CCUS-2026.xlsx,planned
Sundsvall Korstaverket plant CCS,Sweden,Europe,Europe,Planned,Power and heat,Capture,,Dedicated storage,,2027,2023,84000.0,0.084,,,Planned,Power and heat,IEA-CCUS-2026.xlsx,planned
FlagshipTHREE Umea Dava plant CCU,Sweden,Europe,Europe,Planned,Power and heat,CCU,,,,2028,2023,150000.0,0.15,,,Planned,Power and heat,IEA-CCUS-2026.xlsx,planned
Waste to energy CCU to TES Wilhemshaven (unknown facility),Germany,Europe,Europe,Planned,Power and heat,CCU,,,,,2023,400000.0,0.4,,,Planned,Power and heat,IEA-CCUS-2026.xlsx,planned
Delaware Basin hub (Loving CCS hub) (TX),United States,United States,North America,Planned,CO2 T&S,Storage,,Dedicated storage,,,2023,2000000.0,2.0,,,Planned,CO2 T&S,IEA-CCUS-2026.xlsx,planned
Tambak Lorok Gas-Fired Power Plant,Indonesia,Indonesia,Other Asia Pacific,Planned,Power and heat,Full chain,,,,,2023,,,,,Planned,Power and heat,IEA-CCUS-2026.xlsx,planned
Lake Charles low carbon ammonia (LA),United States,United States,North America,Planned,Fuel transformation,Capture,,,,,2023,,,,,Planned,Fuel transformation,IEA-CCUS-2026.xlsx,planned
Northern Gulf of Thailand CCS Exploration project,Thailand,Thailand,Other Asia Pacific,Planned,CO2 T&S,Storage,,Dedicated storage,,,2024,,,,,Planned,CO2 T&S,IEA-CCUS-2026.xlsx,planned
"CO2NNECTION Central Appalachian Basin hub (OH, PA, WV)",United States,United States,North America,Planned,CO2 T&S,Transport,,,,,2023,,,,,Planned,CO2 T&S,IEA-CCUS-2026.xlsx,planned
"Appalachian basin storage MoU/Capio sequestration (OH, PA, WV)",United States,United States,North America,Planned,CO2 T&S,Storage,,Dedicated storage,,,2022,,,,,Planned,CO2 T&S,IEA-CCUS-2026.xlsx,planned
Tampa Regional Intermodal Carbon HUB (T-RICH) (FL),United States,United States,North America,Planned,CO2 T&S,Transport,,,,,2023,2000000.0,2.0,,,Planned,CO2 T&S,IEA-CCUS-2026.xlsx,planned
GeZero carbon capture project (Geseke),Germany,Europe,Europe,Planned,Industry,Capture,,Dedicated storage,,2029,2023,700000.0,0.7,,,Planned,Industry,IEA-CCUS-2026.xlsx,planned
Rumah1 and Rumah 2 plants,Saudi Arabia,Saudi Arabia,Middle East,Planned,Power and heat,Capture,,,,,2024,2718000.0,2.718,,,Planned,Power and heat,IEA-CCUS-2026.xlsx,planned
Nairyah1 and Nairyah 2 plants,Saudi Arabia,Saudi Arabia,Middle East,Planned,Power and heat,Capture,,,,,2024,2718000.0,2.718,,,Planned,Power and heat,IEA-CCUS-2026.xlsx,planned
Fife ethylene plant,United Kingdom,Europe,Europe,Cancelled,Industry,Capture,,Dedicated storage,,,2021,,,,,Cancelled,Industry,IEA-CCUS-2026.xlsx,cancelled_or_suspended
Acorn Isle of Grain to Peterhead shipping,United Kingdom,Europe,Europe,Planned,CO2 T&S,Transport,,Dedicated storage,,,2023,2000000.0,2.0,,,Planned,CO2 T&S,IEA-CCUS-2026.xlsx,planned
Cormorant Clean Energy project (TX),United States,United States,North America,Planned,Fuel transformation,Capture,,Dedicated storage,,2029,2024,1400000.0,1.4,,,Planned,Fuel transformation,IEA-CCUS-2026.xlsx,planned
Polk county hub (TX),United States,United States,North America,Planned,CO2 T&S,Storage,,Dedicated storage,,,2022,,,,,Planned,CO2 T&S,IEA-CCUS-2026.xlsx,planned
West Java sea rig-to-CCS JSA,Indonesia,Indonesia,Other Asia Pacific,Planned,CO2 T&S,Storage,,Dedicated storage,,,2024,,,,,Planned,CO2 T&S,IEA-CCUS-2026.xlsx,planned
Sheperd CCS project (capture sources under evaluation),South Korea-Malaysia,South Korea-Malaysia,Other Asia Pacific,Planned,CO2 T&S,T&S,,,,,2022,,,,,Planned,CO2 T&S,IEA-CCUS-2026.xlsx,planned
Keravan Energia (Kerava),Finland,Finland,Europe,Planned,Power and heat,CCU,,,,2029,2023,110000.0,0.11,,,Planned,Power and heat,IEA-CCUS-2026.xlsx,planned
Tarastenjärvi power (Tampere),Finland,Finland,Europe,Planned,Power and heat,CCU,,,,2028,2021,110000.0,0.11,,,Planned,Power and heat,IEA-CCUS-2026.xlsx,planned
Kymijärvi power (Lahti),Finland,Finland,Europe,Planned,Power and heat,CCU,,,,2029,2021,110000.0,0.11,,,Planned,Power and heat,IEA-CCUS-2026.xlsx,planned
Kotka power (Kotka),Finland,Finland,Europe,Planned,Power and heat,CCU,,,,2029,2021,110000.0,0.11,,,Planned,Power and heat,IEA-CCUS-2026.xlsx,planned
Aittaluoto power (Pori),Finland,Finland,Europe,Planned,Power and heat,CCU,,,,2028,2022,100000.0,0.1,,,Planned,Power and heat,IEA-CCUS-2026.xlsx,planned
Adams Fork Energy clean ammonia project (WV),United States,United States,North America,Planned,Fuel transformation,Capture,,,,2027,2022,3402000.0,3.402,,,Planned,Fuel transformation,IEA-CCUS-2026.xlsx,planned
Plock plant,Poland,Poland,Europe,Planned,Industry,Capture,,Dedicated storage,,2027,2023,1000000.0,1.0,,,Planned,Industry,IEA-CCUS-2026.xlsx,planned
Tumbler Ridge e-methanol project (BC),Canada,Canada,North America,Planned,Industry,CCU,,,,2028,2015,233000.0,0.233,,,Planned,Industry,IEA-CCUS-2026.xlsx,planned
HIF Cabo Negro eFuels Facility,Chile,Chile,Central and South America,Planned,Fuel transformation,CCU,,,,,2021,230000.0,0.23,,,Planned,Fuel transformation,IEA-CCUS-2026.xlsx,planned
HIF Paysandú eFuels Facility Alur bioethanol plant,Uruguay,Uruguay,Central and South America,Planned,Fuel transformation,CCU,,,,2027,2023,150000.0,0.15,,,Planned,Fuel transformation,IEA-CCUS-2026.xlsx,planned
Brocēni cement plant CCS,Latvia,Latvia,Europe,Planned,Industry,Capture,,Dedicated storage,,2030,2024,800000.0,0.8,,,Planned,Industry,IEA-CCUS-2026.xlsx,planned
Linde Clear Lake HyCO Plant (TX),United States,United States,North America,Operational,Industry,CCU,,,,2023,2022,180000.0,0.18,,,Operational,Industry,IEA-CCUS-2026.xlsx,operational
Stade facility Green Methanol,Germany,Europe,Europe,Cancelled,Industry,CCU,,,,,2019,274000.0,0.274,,,Cancelled,Industry,IEA-CCUS-2026.xlsx,cancelled_or_suspended
Hynovera,France,Europe,Europe,Planned,Power and heat,CCU,,,,2028,2023,123000.0,0.123,,,Planned,Power and heat,IEA-CCUS-2026.xlsx,planned
Venture Global CCS Cameron (LA),United States,United States,North America,Planned,CO2 T&S,T&S,,Dedicated storage,,,2021,1000000.0,1.0,,,Planned,CO2 T&S,IEA-CCUS-2026.xlsx,planned
Pineywoods CCS hub (TX),United States,United States,North America,Planned,CO2 T&S,Storage,,Dedicated storage,,,2023,,,,,Planned,CO2 T&S,IEA-CCUS-2026.xlsx,planned
West bay storage Galveston (TX),United States,United States,North America,Planned,CO2 T&S,Storage,,Dedicated storage,,,2023,,,,,Planned,CO2 T&S,IEA-CCUS-2026.xlsx,planned
Baotou Steel (Baogang Group) (Inner Mongolia) phase 1,People's Republic of China,People's Republic of China,Other Asia Pacific,Operational,Industry,Full chain,,,,2025,2022,500000.0,0.5,,,Operational,Industry,IEA-CCUS-2026.xlsx,operational
Baotou Steel (Baogang Group) (Inner Mongolia) phase 2,People's Republic of China,People's Republic of China,Other Asia Pacific,Under construction,Industry,Full chain,,,,2026,2022,1500000.0,1.5,,,Under construction,Industry,IEA-CCUS-2026.xlsx,under_construction
7 Blue Ammonia Facility,Qatar,Qatar,Middle East,Under construction,Fuel transformation,Full chain,,,,2026,2022,1500000.0,1.5,,,Under construction,Fuel transformation,IEA-CCUS-2026.xlsx,under_construction
Great Plains Synfuel Plant to sequestration (ND),United States,United States,North America,Planned,Fuel transformation,Full chain,,Dedicated storage,,,2021,1500000.0,1.5,,,Planned,Fuel transformation,IEA-CCUS-2026.xlsx,planned
Central Louisiana Regional Carbon Storage (CENLA) Hub (Wilcox) (LA) phase 2,United States,United States,North America,Planned,CO2 T&S,T&S,,Dedicated storage,,2027,2022,3000000.0,3.0,,,Planned,CO2 T&S,IEA-CCUS-2026.xlsx,planned
Central Louisiana Regional Carbon Storage (CENLA) Hub (Wilcox) (LA) phase 3,United States,United States,North America,Planned,CO2 T&S,T&S,,Dedicated storage,,2029,2022,2000000.0,2.0,,,Planned,CO2 T&S,IEA-CCUS-2026.xlsx,planned
Cauldon cement plant,United Kingdom,Europe,Europe,Planned,Industry,Capture,,Dedicated storage,,2032,2024,540000.0,0.54,,,Planned,Industry,IEA-CCUS-2026.xlsx,planned
Gwangyang LNG terminal blue hydrogen,South Korea,South Korea,Other Asia Pacific,Planned,Power and heat,Full chain,,Dedicated storage,,,2024,,,,,Planned,Power and heat,IEA-CCUS-2026.xlsx,planned
SEDAC hub (AL) phase 1,United States,United States,North America,Planned,DAC,Capture,,Dedicated storage,,,2023,50000.0,0.05,,,Planned,DAC,IEA-CCUS-2026.xlsx,planned
SEDAC hub (AL) phase 2,United States,United States,North America,Planned,DAC,Capture,,Dedicated storage,,,2023,450000.0,0.45,,,Planned,DAC,IEA-CCUS-2026.xlsx,planned
Thorning storage,Denmark,Europe,Europe,Planned,CO2 T&S,Storage,,Dedicated storage,,,2022,,,,,Planned,CO2 T&S,IEA-CCUS-2026.xlsx,planned
ENEOS MOL JX CO2 shipping,Japan-Australia,Japan-Australia,Australia and New Zealand,Planned,CO2 T&S,T&S,,Dedicated storage,,2030,2023,,,,,Planned,CO2 T&S,IEA-CCUS-2026.xlsx,planned
Big spring refinery (TX) pilot,United States,United States,North America,Planned,Fuel transformation,Capture,,,,2028,2024,145000.0,0.145,,,Planned,Fuel transformation,IEA-CCUS-2026.xlsx,planned
Vicksburg Containerboard Mill (MS),United States,United States,North America,Cancelled,Industry,Capture,,,,2029,2024,120000.0,0.12,,,Cancelled,Industry,IEA-CCUS-2026.xlsx,cancelled_or_suspended
Heartland Waste-to-Power Edmonton Varme facility (ALB),Canada,Canada,North America,Planned,Power and heat,Capture,,,,2028,2024,130000.0,0.13,,,Planned,Power and heat,IEA-CCUS-2026.xlsx,planned
Taiwan Cement Hualien oxyfuel pilot (Heping),Chinese Taipei,Chinese Taipei,Other Asia Pacific,Planned,Industry,Capture,,,,2028,2024,100000.0,0.1,,,Planned,Industry,IEA-CCUS-2026.xlsx,planned
Project Hummingbird,Kenya,Kenya,Africa,Under construction,DAC,Full chain,,Dedicated storage,,2027,,1000.0,0.001,,,Under construction,DAC,IEA-CCUS-2026.xlsx,under_construction
Kredsløb Energipark Lisbjerg,Denmark,Europe,Europe,Planned,Power and heat,Capture,,Dedicated storage,,2030,2023,360000.0,0.36,,,Planned,Power and heat,IEA-CCUS-2026.xlsx,planned
HOFOR Amagerværket,Denmark,Europe,Europe,Planned,Power and heat,Capture,,Dedicated storage,,2030,2021,900000.0,0.9,,,Planned,Power and heat,IEA-CCUS-2026.xlsx,planned
Equinor Mongstad refinery,Norway,Europe,Europe,Cancelled,Fuel transformation,Capture,,Dedicated storage,,,2024,,,,,Cancelled,Fuel transformation,IEA-CCUS-2026.xlsx,cancelled_or_suspended
Permian Regional Carbon Sequestration Hub (TX),United States,United States,North America,Planned,CO2 T&S,T&S,,,,,2023,2000000.0,2.0,,,Planned,CO2 T&S,IEA-CCUS-2026.xlsx,planned
Montauk Energy biogas plants (TX),United States,United States,North America,Planned,Fuel transformation,CCU,,,,,2023,140000.0,0.14,,,Planned,Fuel transformation,IEA-CCUS-2026.xlsx,planned
Gärstaverket plant Linkoping,Sweden,Europe,Europe,Planned,Power and heat,Capture,,,,,2024,250000.0,0.25,,,Planned,Power and heat,IEA-CCUS-2026.xlsx,planned
Celsio CCS project terminal,Norway,Europe,Europe,Planned,CO2 T&S,Transport,,Dedicated storage,,2029,2016,400000.0,0.4,,,Planned,CO2 T&S,IEA-CCUS-2026.xlsx,planned
Veolia EfW to fuels,United Kingdom,Europe,Europe,Planned,Power and heat,CCU,,,,2030,2024,,,,,Planned,Power and heat,IEA-CCUS-2026.xlsx,planned
Tomakomai area CCS - Hokkaido Electric Tomatouatsuma power station,Japan,Japan,Other Asia Pacific,Planned,Power and heat,Capture,,Dedicated storage,,2030,2023,,,,,Planned,Power and heat,IEA-CCUS-2026.xlsx,planned
Tomakomai area CCS - Idemitsu Kosan Hokkaido Refinery,Japan,Japan,Other Asia Pacific,Planned,Fuel transformation,Capture,,Dedicated storage,,2030,2023,,,,,Planned,Fuel transformation,IEA-CCUS-2026.xlsx,planned
Everest,Germany,Europe,Europe,Planned,Industry,Capture,,Dedicated storage,,2029,2023,1400000.0,1.4,,,Planned,Industry,IEA-CCUS-2026.xlsx,planned
eCapt-Rhone LeTeil,France,Europe,Europe,Planned,Industry,CCU,,,,2028,2023,200000.0,0.2,,,Planned,Industry,IEA-CCUS-2026.xlsx,planned
OCAP,Netherlands,Europe,Europe,Operational,CO2 T&S,Transport,,,,2005,2005,500000.0,0.5,,,Operational,CO2 T&S,IEA-CCUS-2026.xlsx,operational
Aker Carbon Capture power plant Europe (unknown facilities),Unknown,Unknown,Unknown,Planned,Power and heat,Capture,,,,,2023,14000000.0,14.0,,,Planned,Power and heat,IEA-CCUS-2026.xlsx,planned
Aker Carbon Capture WtE e-fuels,Finland,Finland,Europe,Planned,Power and heat,CCU,,,,,2023,100000.0,0.1,,,Planned,Power and heat,IEA-CCUS-2026.xlsx,planned
Aker Carbon Capture Biomass CHP (unknown facility),Germany,Europe,Europe,Planned,Power and heat,Capture,,,,,2023,250000.0,0.25,,,Planned,Power and heat,IEA-CCUS-2026.xlsx,planned
SLB Capturi Swedish energy company (unknown),Sweden,Europe,Europe,Planned,Power and heat,Capture,,,,,2023,200000.0,0.2,,,Planned,Power and heat,IEA-CCUS-2026.xlsx,planned
Vattenfall Jordbro CHP plant,Sweden,Europe,Europe,Cancelled,Power and heat,Capture,,,,,2023,150000.0,0.15,,,Cancelled,Power and heat,IEA-CCUS-2026.xlsx,cancelled_or_suspended
Aker Carbon Capture waste to energy Northern Europe (unknown facility),Unknown,Unknown,Unknown,Planned,Power and heat,Capture,,,,,2024,,,,,Planned,Power and heat,IEA-CCUS-2026.xlsx,planned
Cliff Head CCS Project,Australia,Australia,Australia and New Zealand,Planned,CO2 T&S,Storage,,Dedicated storage,,2028,2021,1000000.0,1.0,,,Planned,CO2 T&S,IEA-CCUS-2026.xlsx,planned
Lighthouse Green Fuels,United Kingdom,Europe,Europe,Planned,Fuel transformation,Capture,,Dedicated storage,,2028,2021,,,,,Planned,Fuel transformation,IEA-CCUS-2026.xlsx,planned
Emerge CCS,United Kingdom,Europe,Europe,Planned,Power and heat,Capture,,Dedicated storage,,,2021,,,,,Planned,Power and heat,IEA-CCUS-2026.xlsx,planned
North Lincolnshire Green Energy Park (NLGEP),United Kingdom,Europe,Europe,Planned,Power and heat,Capture,,Dedicated storage,,,2021,650000.0,0.65,,,Planned,Power and heat,IEA-CCUS-2026.xlsx,planned
Altalto,United Kingdom,Europe,Europe,Planned,Fuel transformation,Capture,,Dedicated storage,,,2021,,,,,Planned,Fuel transformation,IEA-CCUS-2026.xlsx,planned
Seal Sands TGEPL,United Kingdom,Europe,Europe,Planned,Power and heat,Capture,,Dedicated storage,,,2021,,,,,Planned,Power and heat,IEA-CCUS-2026.xlsx,planned
Saint-Gobain glass,United Kingdom,Europe,Europe,Planned,Industry,Capture,,Dedicated storage,,,2021,,,,,Planned,Industry,IEA-CCUS-2026.xlsx,planned
Connah's Quay Low Carbon Power (CQLCP) Phase 1,United Kingdom,Europe,Europe,Planned,Power and heat,Capture,,Dedicated storage,,2030,2021,1500000.0,1.5,,,Planned,Power and heat,IEA-CCUS-2026.xlsx,planned
Eramet Sauda,Norway,Europe,Europe,Planned,Industry,Capture,,Dedicated storage,,2028,2023,260000.0,0.26,,,Planned,Industry,IEA-CCUS-2026.xlsx,planned
Stakraft Varme Heimdal (Trondheim),Norway,Europe,Europe,Planned,Power and heat,Capture,,Dedicated storage,,2030,2023,220000.0,0.22,,,Planned,Power and heat,IEA-CCUS-2026.xlsx,planned
Returkraft Kristiansand,Norway,Europe,Europe,Planned,Power and heat,Capture,,Dedicated storage,,2030,2023,130000.0,0.13,,,Planned,Power and heat,IEA-CCUS-2026.xlsx,planned
Grand Ouest CO2 (GOCO₂) transport,France,Europe,Europe,Planned,CO2 T&S,Transport,,Dedicated storage,,2030,2023,2600000.0,2.6,,,Planned,CO2 T&S,IEA-CCUS-2026.xlsx,planned
Neau Lime plant,France,Europe,Europe,Planned,Industry,Capture,,Dedicated storage,,2030,2023,1600000.0,1.6,,,Planned,Industry,IEA-CCUS-2026.xlsx,planned
Saint-Pierre-la-Cour cement plant,France,Europe,Europe,Planned,Industry,Capture,,Dedicated storage,,2032,2023,1000000.0,1.0,,,Planned,Industry,IEA-CCUS-2026.xlsx,planned
Shand (SK),Canada,Canada,North America,Cancelled,Power and heat,Capture,,EOR,,,2018,2000000.0,2.0,,,Cancelled,Power and heat,IEA-CCUS-2026.xlsx,cancelled_or_suspended
NET Power Plant CCS (City of Estevan) (SK),Canada,Canada,North America,Planned,Power and heat,Capture,,,,,2021,,,,,Planned,Power and heat,IEA-CCUS-2026.xlsx,planned
Elmworth Gas Plant (AB),Canada,Canada,North America,Planned,Fuel transformation,Capture,,,,,2023,,,,,Planned,Fuel transformation,IEA-CCUS-2026.xlsx,planned
K+S Potash CCS (SK),Canada,Canada,North America,Planned,Industry,Capture,,Dedicated storage,,,2023,,,,,Planned,Industry,IEA-CCUS-2026.xlsx,planned
Lamont Carbon Hub (ALB),Canada,Canada,North America,Planned,CO2 T&S,Storage,,Dedicated storage,,2027,2023,3000000.0,3.0,,,Planned,CO2 T&S,IEA-CCUS-2026.xlsx,planned
Lloydminster Upgrader,Canada,Canada,North America,Planned,Fuel transformation,Capture,,,,,2023,,,,,Planned,Fuel transformation,IEA-CCUS-2026.xlsx,planned
Minnedosa Ethanol Plant (MB),Canada,Canada,North America,Planned,Fuel transformation,Full chain,,,,,2022,,,,,Planned,Fuel transformation,IEA-CCUS-2026.xlsx,planned
Moraine (GE) Power Generation (ALB),Canada,Canada,North America,Planned,Power and heat,Capture,,Dedicated storage,,2027,2022,,,,,Planned,Power and heat,IEA-CCUS-2026.xlsx,planned
Duke Energy Edwardsport Integrated Gasification Combined Cycle plant (IN),United States,United States,North America,Planned,Power and heat,Capture,,Dedicated storage,,,2023,3600000.0,3.6,,,Planned,Power and heat,IEA-CCUS-2026.xlsx,planned
Cypress Carbon Capture Project (LA),United States,United States,North America,Planned,Power and heat,Capture,,Dedicated storage,,,2023,2600000.0,2.6,,,Planned,Power and heat,IEA-CCUS-2026.xlsx,planned
Ash Grove Cement Foreman Plant (AR),United States,United States,North America,Planned,Industry,Full chain,,Dedicated storage,,2030,2023,1400000.0,1.4,,,Planned,Industry,IEA-CCUS-2026.xlsx,planned
Lake Charles Power Station Integrated CO2 Capture Project (LA),United States,United States,North America,Planned,Power and heat,Full chain,,Dedicated storage,,2028,2023,3000000.0,3.0,,,Planned,Power and heat,IEA-CCUS-2026.xlsx,planned
Four Corners Power Plant Integrated Carbon Capture and Storage (NM),United States,United States,North America,Planned,Power and heat,Full chain,,Dedicated storage,,,2023,10000000.0,10.0,,,Planned,Power and heat,IEA-CCUS-2026.xlsx,planned
East Niigata area CCS - Tohoku Electric Power,Japan,Japan,Other Asia Pacific,Planned,Power and heat,Capture,,Dedicated storage,,2030,2023,,,,,Planned,Power and heat,IEA-CCUS-2026.xlsx,planned
East Niigata area CCS - Mitsubshi gas chemical,Japan,Japan,Other Asia Pacific,Planned,Industry,Capture,,Dedicated storage,,2030,2023,,,,,Planned,Industry,IEA-CCUS-2026.xlsx,planned
East Niigata area CCS - Hokuetsu pulp plant,Japan,Japan,Other Asia Pacific,Planned,Industry,Capture,,Dedicated storage,,2030,2023,,,,,Planned,Industry,IEA-CCUS-2026.xlsx,planned
Metropolitan Area CCS - Nippon steel plant,Japan,Japan,Other Asia Pacific,Planned,Industry,Capture,,Dedicated storage,,2030,2023,,,,,Planned,Industry,IEA-CCUS-2026.xlsx,planned
 Offshore Western Kyushu CCS - Eneos refinery,Japan,Japan,Other Asia Pacific,Planned,Fuel transformation,Capture,,Dedicated storage,,2030,2022,,,,,Planned,Fuel transformation,IEA-CCUS-2026.xlsx,planned
CO2NTESSA,Croatia,Croatia,Europe,Planned,Industry,Capture,,Dedicated storage,,2029,2023,739000.0,0.739,,,Planned,Industry,IEA-CCUS-2026.xlsx,planned
Natran Group CO2 backbone,France,Europe,Europe,Planned,CO2 T&S,Transport,,Dedicated storage,,2028,2023,5000000.0,5.0,,,Planned,CO2 T&S,IEA-CCUS-2026.xlsx,planned
Motor Oil Hellas (Iris Project),Greece,Greece,Europe,Planned,Fuel transformation,Capture,,Dedicated storage,,2029,2023,858000.0,0.858,,,Planned,Fuel transformation,IEA-CCUS-2026.xlsx,planned
IFESTOS Carbon Capture (Kamari plant),Greece,Greece,Europe,Planned,Industry,Capture,,Dedicated storage,,2029,2023,1900000.0,1.9,,,Planned,Industry,IEA-CCUS-2026.xlsx,planned
Beremend cement factory,Hungary,Hungary,Europe,Planned,Industry,Capture,,Dedicated storage,,2032,2023,315000.0,0.315,,,Planned,Industry,IEA-CCUS-2026.xlsx,planned
Orlen Lietuva,Lithuania,Lithuania,Europe,Planned,Fuel transformation,Capture,,Dedicated storage,,2030,2022,300000.0,0.3,,,Planned,Fuel transformation,IEA-CCUS-2026.xlsx,planned
AEB Amsterdam,Netherlands,Europe,Europe,Planned,Power and heat,Full chain,,Dedicated storage,,2028,2021,500000.0,0.5,,,Planned,Power and heat,IEA-CCUS-2026.xlsx,planned
ECOPLANTA (Tarragona),Spain,Spain,Europe,Planned,Power and heat,CCU,,,,2027,2021,340000.0,0.34,,,Planned,Power and heat,IEA-CCUS-2026.xlsx,planned
S-Hub project (*capture sources under evaluation),Singapore,Singapore,Other Asia Pacific,Planned,CO2 T&S,T&S,,Dedicated storage,,,2024,2500000.0,2.5,,,Planned,CO2 T&S,IEA-CCUS-2026.xlsx,planned
Valero 8 ethanol plants,United States,United States,North America,Planned,Fuel transformation,Capture,,Dedicated storage,,2030,2024,3100000.0,3.1,,,Planned,Fuel transformation,IEA-CCUS-2026.xlsx,planned
"Weyerhauser-Lapis Energy CO2 sequestration (AR, LA, MS)",United States,United States,North America,Planned,CO2 T&S,Storage,,Dedicated storage,,,2024,,,,,Planned,CO2 T&S,IEA-CCUS-2026.xlsx,planned
SLB Capturi CO280 Solutions pulp and paper mill,United States,United States,North America,Planned,Industry,Capture,,Dedicated storage,,2030,2024,800000.0,0.8,,,Planned,Industry,IEA-CCUS-2026.xlsx,planned
BioCirc biogas plant,Denmark,Europe,Europe,Under construction,Fuel transformation,Capture,,Dedicated storage,,2026,2024,131000.0,0.131,,,Under construction,Fuel transformation,IEA-CCUS-2026.xlsx,under_construction
Capsol feasibility study waste to energy Germany,Germany,Europe,Europe,Planned,Power and heat,Capture,,,,,2024,180000.0,0.18,,,Planned,Power and heat,IEA-CCUS-2026.xlsx,planned
Climeworks Enova DAC+S plant,Norway,Europe,Europe,Planned,DAC,Capture,,Dedicated storage,,,2024,,,,,Planned,DAC,IEA-CCUS-2026.xlsx,planned
Lebec Net Zero Cement Plant project (CA),United States,United States,North America,Cancelled,Industry,Capture,,Dedicated storage,,,2024,950000.0,0.95,,,Cancelled,Industry,IEA-CCUS-2026.xlsx,cancelled_or_suspended
SECURE,United States,United States,North America,Planned,Industry,CCU,,,,,2024,411000.0,0.411,,,Planned,Industry,IEA-CCUS-2026.xlsx,planned
Rana ferrosilicon smelter capture,Norway,Europe,Europe,Planned,Industry,Capture,,Dedicated storage,,,2024,1500000.0,1.5,,,Planned,Industry,IEA-CCUS-2026.xlsx,planned
Rana ferroglobe,Norway,Europe,Europe,Planned,Industry,Capture,,Dedicated storage,,,2024,3700000.0,3.7,,,Planned,Industry,IEA-CCUS-2026.xlsx,planned
Sindal Biogas Hjørring Municipality,Denmark,Europe,Europe,Planned,Fuel transformation,Capture,,,,,2024,,,,,Planned,Fuel transformation,IEA-CCUS-2026.xlsx,planned
ExxonMobil Petrobras CCUS hub MoU (ES) (phase 2/extension of Santos basin EOR?),Brazil,Brazil,Central and South America,Planned,CO2 T&S,Storage,,,,,2024,,,,,Planned,CO2 T&S,IEA-CCUS-2026.xlsx,planned
Climeworks Mammoth Project phase 2,Iceland,Iceland,Europe,Under construction,DAC,Full chain,,Dedicated storage,,2026,2022,30000.0,0.03,,,Under construction,DAC,IEA-CCUS-2026.xlsx,under_construction
Shell Netherlands Pernis Refineries CCS,Netherlands,Europe,Europe,Under construction,Fuel transformation,Full chain,,Dedicated storage,,2026,2021,750000.0,0.75,,,Under construction,Fuel transformation,IEA-CCUS-2026.xlsx,under_construction
Transport facility Nucor Direct Reduced Iron (LA),United States,United States,North America,Planned,CO2 T&S,Transport,,,,,2024,800000.0,0.8,,,Planned,CO2 T&S,IEA-CCUS-2026.xlsx,planned
CO2 Highway Europe (Zeebrugge offshore CO2 pipeline),France-Belgium-Norway,France-Belgium-Norway,Europe,Planned,CO2 T&S,Transport,,Dedicated storage,,2032,2022,18000000.0,18.0,,,Planned,CO2 T&S,IEA-CCUS-2026.xlsx,planned
Kemi mill Rauma,Finland,Finland,Europe,Planned,Industry,Capture,,,,,2024,4000000.0,4.0,,,Planned,Industry,IEA-CCUS-2026.xlsx,planned
"Strathcona / Serafina CCS (ALB, SK)",Canada,Canada,North America,Planned,Fuel transformation,Full chain,,Dedicated storage,,,2022,2000000.0,2.0,,,Planned,Fuel transformation,IEA-CCUS-2026.xlsx,planned
Methanex Medicine Hat plant (ALB),Canada,Canada,North America,Planned,Industry,Full chain,,,,,2024,146000.0,0.146,,,Planned,Industry,IEA-CCUS-2026.xlsx,planned
Mustasaari waste-to-energy plant,Finland,Finland,Europe,Planned,Power and heat,CCU,,,,,2024,,,,,Planned,Power and heat,IEA-CCUS-2026.xlsx,planned
Middle Arm CO2 import terminal (NT),Australia,Australia,Australia and New Zealand,Planned,CO2 T&S,Transport,,,,,2024,,,,,Planned,CO2 T&S,IEA-CCUS-2026.xlsx,planned
Blue Horizon,Oman,Oman,Middle East,Planned,Fuel transformation,Full chain,,Dedicated storage,,,2024,,,,,Planned,Fuel transformation,IEA-CCUS-2026.xlsx,planned
Grandpuits DAC hub,France,Europe,Europe,Planned,DAC,Full chain,,Dedicated storage,,2030,2024,100000.0,0.1,,,Planned,DAC,IEA-CCUS-2026.xlsx,planned
Yulin  geological storage research facility and CCUS demonstration project (Shaanxi),People's Republic of China,People's Republic of China,Other Asia Pacific,Planned,CO2 T&S,Storage,,Dedicated storage,,,2023,100000.0,0.1,,,Planned,CO2 T&S,IEA-CCUS-2026.xlsx,planned
K-Line Sumitomo Japan-US study,Japan-United States,Japan-United States,Other Asia Pacific,Planned,CO2 T&S,T&S,,,,,2024,,,,,Planned,CO2 T&S,IEA-CCUS-2026.xlsx,planned
JSW Steel's Vijayanagar site,India,India,Other Asia Pacific,Planned,Industry,Capture,,,,2030,2024,100000.0,0.1,,,Planned,Industry,IEA-CCUS-2026.xlsx,planned
GE Vernova FEED studies,Saudi Arabia,Saudi Arabia,Middle East,Planned,Power and heat,Capture,,,,,2024,,,,,Planned,Power and heat,IEA-CCUS-2026.xlsx,planned
Carbon Iceland Nordural plant,Iceland,Iceland,Europe,Planned,Industry,CCU,,,,,2024,1000000.0,1.0,,,Planned,Industry,IEA-CCUS-2026.xlsx,planned
Eramet Manganese Porsgrunn phase 2,Norway,Europe,Europe,Planned,Industry,Full chain,,Dedicated storage,,,2024,,,,,Planned,Industry,IEA-CCUS-2026.xlsx,planned
TarraCO2,Spain,Spain,Europe,Planned,CO2 T&S,T&S,,Dedicated storage,,2031,2022,2000000.0,2.0,,,Planned,CO2 T&S,IEA-CCUS-2026.xlsx,planned
CarboClearTech (Martres-Tolosane cement plant),France,Europe,Europe,Planned,Industry,Capture,,Dedicated storage,,2031,2024,700000.0,0.7,,,Planned,Industry,IEA-CCUS-2026.xlsx,planned
Marcegaglia AdriatiCO2,Italy,Europe,Europe,Planned,Industry,Capture,,Dedicated storage,,2029,2024,112000.0,0.112,,,Planned,Industry,IEA-CCUS-2026.xlsx,planned
Alto ingredient Pekin campus plant (IL),United States,United States,North America,Planned,Fuel transformation,Capture,,Dedicated storage,,,2024,600000.0,0.6,,,Planned,Fuel transformation,IEA-CCUS-2026.xlsx,planned
Ammonia Houston Ship Channel (TX),United States,United States,North America,Cancelled,Fuel transformation,Capture,,Dedicated storage,,,2023,1600000.0,1.6,,,Cancelled,Fuel transformation,IEA-CCUS-2026.xlsx,cancelled_or_suspended
Carbon Dioxide Full Oxygen Combustion Enrichment and Purification Demonstration Project Qingzhou (Shandong),People's Republic of China,People's Republic of China,Other Asia Pacific,Operational,Industry,CCU,,,,2024,2022,200000.0,0.2,,,Operational,Industry,IEA-CCUS-2026.xlsx,operational
CNPC 3 million tons Songliao basin demonstration (Heilongjiang),People's Republic of China,People's Republic of China,Other Asia Pacific,Planned,Power and heat,Full chain,,,,,2023,3000000.0,3.0,,,Planned,Power and heat,IEA-CCUS-2026.xlsx,planned
Capsol feasibility study cement Germany,Germany,Europe,Europe,Planned,Industry,Capture,,Dedicated storage,,,2024,400000.0,0.4,,,Planned,Industry,IEA-CCUS-2026.xlsx,planned
Malarenergi waste to energy Vasteras,Sweden,Europe,Europe,Planned,Power and heat,Capture,,,,,2024,400000.0,0.4,,,Planned,Power and heat,IEA-CCUS-2026.xlsx,planned
GeoDura Carbon Storage Hub (LA),United States,United States,North America,Planned,CO2 T&S,T&S,,Dedicated storage,,2028,2024,9000000.0,9.0,,,Planned,CO2 T&S,IEA-CCUS-2026.xlsx,planned
St. Mary Parish Carbon Storage Hub (LA),United States,United States,North America,Planned,CO2 T&S,T&S,,Dedicated storage,,,2024,,,,,Planned,CO2 T&S,IEA-CCUS-2026.xlsx,planned
Whites Bayou (TX),United States,United States,North America,Planned,CO2 T&S,T&S,,Dedicated storage,,,2024,500000.0,0.5,,,Planned,CO2 T&S,IEA-CCUS-2026.xlsx,planned
Port Arthur LNG - Titan Carbon sequestration project (TX),United States,United States,North America,Planned,Fuel transformation,Full chain,,Dedicated storage,,,2023,,,,,Planned,Fuel transformation,IEA-CCUS-2026.xlsx,planned
Rose carbon capture and storage (TX),United States,United States,North America,Planned,CO2 T&S,T&S,,Dedicated storage,,2026,2024,2200000.0,2.2,,,Planned,CO2 T&S,IEA-CCUS-2026.xlsx,planned
Florida DAC hub (FL),United States,United States,North America,Planned,DAC,Capture,,Dedicated storage,,,2023,50000.0,0.05,,,Planned,DAC,IEA-CCUS-2026.xlsx,planned
Colorado (Pueblo) DAC hub (CO),United States,United States,North America,Planned,DAC,Capture,,Dedicated storage,,,2023,50000.0,0.05,,,Planned,DAC,IEA-CCUS-2026.xlsx,planned
Redbud CCS hub (Tri-state CCS hub) (WV),United States,United States,North America,Planned,CO2 T&S,Storage,,Dedicated storage,,2030,2023,1591000.0,1.591,,,Planned,CO2 T&S,IEA-CCUS-2026.xlsx,planned
Buckeye CCS hub (Tri-state CCS hub) (OH),United States,United States,North America,Planned,CO2 T&S,Storage,,Dedicated storage,,2030,2023,2727000.0,2.727,,,Planned,CO2 T&S,IEA-CCUS-2026.xlsx,planned
Beaumont sequestration project (TX),United States,United States,North America,Planned,CO2 T&S,Storage,,Dedicated storage,,,2023,250000.0,0.25,,,Planned,CO2 T&S,IEA-CCUS-2026.xlsx,planned
Brown  (MI),United States,United States,North America,Planned,CO2 T&S,Storage,,Dedicated storage,,,2023,,,,,Planned,CO2 T&S,IEA-CCUS-2026.xlsx,planned
Windsor FRE ethanol plant - front range 1-1 (CO),United States,United States,North America,Planned,Fuel transformation,Full chain,,Dedicated storage,,,2022,128000.0,0.128,,,Planned,Fuel transformation,IEA-CCUS-2026.xlsx,planned
Texas Gulf Coast CCS Refugio (TX),United States,United States,North America,Planned,CO2 T&S,Storage,,Dedicated storage,,,2024,,,,,Planned,CO2 T&S,IEA-CCUS-2026.xlsx,planned
Vault Aster storage (IN),United States,United States,North America,Planned,CO2 T&S,Storage,,Dedicated storage,,,2024,,,,,Planned,CO2 T&S,IEA-CCUS-2026.xlsx,planned
Valero Linden plant (IA),United States,United States,North America,Planned,Fuel transformation,Full chain,,Dedicated storage,,,2024,700000.0,0.7,,,Planned,Fuel transformation,IEA-CCUS-2026.xlsx,planned
Carbon TerraVault 6 (CA),United States,United States,North America,Planned,CO2 T&S,Storage,,Dedicated storage,,2027,2024,2500000.0,2.5,,,Planned,CO2 T&S,IEA-CCUS-2026.xlsx,planned
Mountaineer sequestration (WV),United States,United States,North America,Planned,CO2 T&S,Storage,,Dedicated storage,,,2024,1000000.0,1.0,,,Planned,CO2 T&S,IEA-CCUS-2026.xlsx,planned
High plains carbon storage (NE),United States,United States,North America,Planned,CO2 T&S,Storage,,Dedicated storage,,,2024,,,,,Planned,CO2 T&S,IEA-CCUS-2026.xlsx,planned
Block energy CCS project,Georgia,Georgia,Eurasia,Planned,CO2 T&S,Storage,,Dedicated storage,,,2024,,,,,Planned,CO2 T&S,IEA-CCUS-2026.xlsx,planned
Sullom voe terminal and Shetland basin hub (SVT) - Thistle injection phase 1,United Kingdom,Europe,Europe,Planned,CO2 T&S,T&S,,Dedicated storage,,2033,2023,2000000.0,2.0,,,Planned,CO2 T&S,IEA-CCUS-2026.xlsx,planned
Shetland Offshore power generation,United Kingdom,Europe,Europe,Planned,Power and heat,Capture,,Dedicated storage,,2029,2024,1000000.0,1.0,,,Planned,Power and heat,IEA-CCUS-2026.xlsx,planned
Donaldsville CO2 storage (TX),United States,United States,North America,Planned,CO2 T&S,T&S,,Dedicated storage,,,2024,,,,,Planned,CO2 T&S,IEA-CCUS-2026.xlsx,planned
Maurepas WMA sequestration project (LA),United States,United States,North America,Planned,CO2 T&S,T&S,,Dedicated storage,,,2024,,,,,Planned,CO2 T&S,IEA-CCUS-2026.xlsx,planned
Orchard One (WY),United States,United States,North America,Planned,DAC,Capture,,Dedicated storage,,2027,2024,2000000.0,2.0,,,Planned,DAC,IEA-CCUS-2026.xlsx,planned
Casper Carbon Storage Hub (WY),United States,United States,North America,Planned,CO2 T&S,Storage,,Dedicated storage,,2027,2024,2000000.0,2.0,,,Planned,CO2 T&S,IEA-CCUS-2026.xlsx,planned
Aramco gas plants (3 facilities),Saudi Arabia,Saudi Arabia,Middle East,Under construction,Fuel transformation,Capture,,Dedicated storage,,2027,2022,6000000.0,6.0,,,Under construction,Fuel transformation,IEA-CCUS-2026.xlsx,under_construction
San Patricio-Aransas-Nueces CO2 Infrastructure Project (TX),United States,United States,North America,Planned,CO2 T&S,Transport,,Dedicated storage,,,2024,,,,,Planned,CO2 T&S,IEA-CCUS-2026.xlsx,planned
Petronas Kuantan hub,Malaysia,Malaysia,Other Asia Pacific,Planned,CO2 T&S,T&S,,,,2029,2024,,,,,Planned,CO2 T&S,IEA-CCUS-2026.xlsx,planned
Petronas Kerteh hub,Malaysia,Malaysia,Other Asia Pacific,Planned,CO2 T&S,T&S,,,,2030,2024,5000000.0,5.0,,,Planned,CO2 T&S,IEA-CCUS-2026.xlsx,planned
BEA Alizay,France,Europe,Europe,Planned,Power and heat,CCU,,,,2029,2024,350000.0,0.35,,,Planned,Power and heat,IEA-CCUS-2026.xlsx,planned
Papetier Sylvamo Saillat sur Vienne,France,Europe,Europe,Planned,Industry,CCU,,,,2029,2024,600000.0,0.6,,,Planned,Industry,IEA-CCUS-2026.xlsx,planned
ReSTart Usine RYAM Tartas,France,Europe,Europe,Planned,Industry,CCU,,,,2029,2024,330000.0,0.33,,,Planned,Industry,IEA-CCUS-2026.xlsx,planned
Rayonier carbon storage agreement (AL),United States,United States,North America,Planned,CO2 T&S,Storage,,Dedicated storage,,,2024,,,,,Planned,CO2 T&S,IEA-CCUS-2026.xlsx,planned
Carbon TerraVault 1 (CA),United States,United States,North America,Under construction,CO2 T&S,Storage,,Dedicated storage,,2026,2022,1600000.0,1.6,,,Under construction,CO2 T&S,IEA-CCUS-2026.xlsx,under_construction
Project Concho (TX) phase 1,United States,United States,North America,Planned,DAC,Full chain,,Dedicated storage,,2030,2024,50000.0,0.05,,,Planned,DAC,IEA-CCUS-2026.xlsx,planned
Project Concho (TX) phase 2,United States,United States,North America,Planned,DAC,Full chain,,Dedicated storage,,,2024,450000.0,0.45,,,Planned,DAC,IEA-CCUS-2026.xlsx,planned
Ankeron Carbon Management Hub (WA),United States,United States,North America,Planned,DAC,Full chain,,Dedicated storage,,2030,2023,,,,,Planned,DAC,IEA-CCUS-2026.xlsx,planned
Grizzly DAC plant,United States,United States,North America,Planned,DAC,Full chain,,Dedicated storage,,2030,2023,1000000.0,1.0,,,Planned,DAC,IEA-CCUS-2026.xlsx,planned
Net-zero 1 (SD),United States,United States,North America,Planned,Fuel transformation,Capture,,Dedicated storage,,2026,2021,290000.0,0.29,,,Planned,Fuel transformation,IEA-CCUS-2026.xlsx,planned
Bayou Bend West onshore (TX),United States,United States,North America,Planned,CO2 T&S,T&S,,Dedicated storage,,,2023,,,,,Planned,CO2 T&S,IEA-CCUS-2026.xlsx,planned
ARCaDe Antwerp Refinery,Belgium,Europe,Europe,Planned,Fuel transformation,Capture,,Dedicated storage,,2031,2024,740000.0,0.74,,,Planned,Fuel transformation,IEA-CCUS-2026.xlsx,planned
ZETA,Australia,Australia,Australia and New Zealand,Planned,Industry,CCU,,,,2027,2024,100000.0,0.1,,,Planned,Industry,IEA-CCUS-2026.xlsx,planned
Bluebell  (Roanoke Cement Company CCS),United States,United States,North America,Planned,Industry,Full Chain,,Dedicated Storage,,,2025,550000.0,0.55,,,Planned,Industry,IEA-CCUS-2026.xlsx,planned
Mississippi Lime Company (MLC) CCS,United States,United States,North America,Planned,Industry,Full Chain,,Dedicated Storage,,,2025,150000.0,0.15,,,Planned,Industry,IEA-CCUS-2026.xlsx,planned
Cypress DAC Hub (LA) - Northwest Heirloom Facility Phase 1,United States,United States,North America,Planned,DAC,Capture,,Dedicated Storage,,2028,2023,17000.0,0.017,,,Planned,DAC,IEA-CCUS-2026.xlsx,planned
Sisak biorefinery project,Croatia,Croatia,Europe,Planned,Fuel transformation,Capture,,Dedicated storage,,,2021,460000.0,0.46,,,Planned,Fuel transformation,IEA-CCUS-2026.xlsx,planned
AirvaultGoCO2 cement plant,France,Europe,Europe,Planned,Industry,Capture,,Dedicated storage,,2031,2023,1000000.0,1.0,,,Planned,Industry,IEA-CCUS-2026.xlsx,planned
Carbon Connect Delta ,Netherlands-Belgium,Netherlands-Belgium,Europe,Cancelled,CO2 T&S,Transport,,Dedicated storage,,,2020,6500000.0,6.5,,,Cancelled,CO2 T&S,IEA-CCUS-2026.xlsx,cancelled_or_suspended
Iroko carbon storage ,Norway,Europe,Europe,Planned,CO2 T&S,Storage,,Dedicated storage,,,2024,7500000.0,7.5,,,Planned,CO2 T&S,IEA-CCUS-2026.xlsx,planned
Kinno carbon storage (EXL010),Norway,Europe,Europe,Planned,CO2 T&S,Storage,,Dedicated storage,,,2024,5000000.0,5.0,,,Planned,CO2 T&S,IEA-CCUS-2026.xlsx,planned
Albondigas carbon storage (EXL008),Norway,Europe,Europe,Cancelled,CO2 T&S,Storage,,Dedicated storage,,,2024,5000000.0,5.0,,,Cancelled,CO2 T&S,IEA-CCUS-2026.xlsx,cancelled_or_suspended
Atlas carbon storage ,Norway,Europe,Europe,Planned,CO2 T&S,Storage,,Dedicated storage,,,2024,,,,,Planned,CO2 T&S,IEA-CCUS-2026.xlsx,planned
SOMZERO CO2,Spain,Spain,Europe,Planned,Industry,Full chain,,Dedicated storage,,2030,2023,1100000.0,1.1,,,Planned,Industry,IEA-CCUS-2026.xlsx,planned
Baltic Sea Storage,Poland,Poland,Europe,Planned,CO2 T&S,Storage,,Dedicated storage,,2030,2023,,,,,Planned,CO2 T&S,IEA-CCUS-2026.xlsx,planned
NSW CO2 SAP,Australia,Australia,Australia and New Zealand,Planned,CO2 T&S,Storage,,Dedicated storage,,,2022,,,,,Planned,CO2 T&S,IEA-CCUS-2026.xlsx,planned
Otway CCS Hub,Australia,Australia,Australia and New Zealand,Planned,CO2 T&S,Storage,,Dedicated storage,,,2022,200000.0,0.2,,,Planned,CO2 T&S,IEA-CCUS-2026.xlsx,planned
Cygnus CCS Hub phase 1,Australia,Australia,Australia and New Zealand,Planned,CO2 T&S,Storage,,Dedicated storage,,,2024,500000.0,0.5,,,Planned,CO2 T&S,IEA-CCUS-2026.xlsx,planned
Cygnus CCS Hub phase 2,Australia,Australia,Australia and New Zealand,Planned,CO2 T&S,Storage,,Dedicated storage,,,2023,500000.0,0.5,,,Planned,CO2 T&S,IEA-CCUS-2026.xlsx,planned
Incapture G-15-AP,Australia,Australia,Australia and New Zealand,Planned,CO2 T&S,Storage,,Dedicated storage,,2030,2024,,,,,Planned,CO2 T&S,IEA-CCUS-2026.xlsx,planned
Chevron G-20-AP,Australia,Australia,Australia and New Zealand,Planned,CO2 T&S,Storage,,Dedicated storage,,,2024,,,,,Planned,CO2 T&S,IEA-CCUS-2026.xlsx,planned
Chevron G-18-AP,Australia,Australia,Australia and New Zealand,Planned,CO2 T&S,Storage,,Dedicated storage,,,2024,,,,,Planned,CO2 T&S,IEA-CCUS-2026.xlsx,planned
Fjernvarme Fyn,Denmark,Europe,Europe,Planned,Power and heat,Capture,,,,2029,2024,280000.0,0.28,,,Planned,Power and heat,IEA-CCUS-2026.xlsx,planned
Fjord-Projekt CIP (Carbon Captured from  Nordværk Incineration Plant),Denmark,Europe,Europe,Planned,Power and heat,CCU,,,,2030,2024,330000.0,0.33,,,Planned,Power and heat,IEA-CCUS-2026.xlsx,planned
Jinjiang Chemical CCUS Project (Xinjiang),People's Republic of China,People's Republic of China,Other Asia Pacific,Operational,Industry,Full chain,,EOR and storage,,2023,2022,100000.0,0.1,,,Operational,Industry,IEA-CCUS-2026.xlsx,operational
Xinjiang Dunhua Wucaiwan Industrial Park CO2 Capture Project (Xinjiang),People's Republic of China,People's Republic of China,Other Asia Pacific,Operational,Industry,Full chain,,EOR,,2024,,150000.0,0.15,,,Operational,Industry,IEA-CCUS-2026.xlsx,operational
A2X's CCS Esbjerg (Carbon captured from Energnist Incineration Plant in Esbjerg),Denmark,Europe,Europe,Planned,Power and heat,Full Chain,,Dedicated storage,,,2022,230000.0,0.23,,,Planned,Power and heat,IEA-CCUS-2026.xlsx,planned
European Energy/Brønderslev PtX (Biogas or waste incineration plants in Northern Jutland),Denmark,Europe,Europe,Planned,Fuel transformation,CCU,,,,2030,2023,150000.0,0.15,,,Planned,Fuel transformation,IEA-CCUS-2026.xlsx,planned
Bantam DAC (OK),United States,United States,North America,Operational,DAC,Full chain,,EOR,,2024,,5000.0,0.005,,,Operational,DAC,IEA-CCUS-2026.xlsx,operational
Campo Viejo Gas Processing Plant,United States,United States,North America,Operational,Fuel transformation,Full Chain,,Dedicated storage,,2024,2018,120000.0,0.12,,,Operational,Fuel transformation,IEA-CCUS-2026.xlsx,operational
Xinjiang Guoneng Chemical Co CCU Phase 1  (Xinjiang),People's Republic of China,People's Republic of China,Other Asia Pacific,Operational,Industry,Full chain,,EOR,,2024,,100000.0,0.1,,,Operational,Industry,IEA-CCUS-2026.xlsx,operational
"Xinjiang Guoneng Chemical Co., Ltd CCU Phase 2 (Xinjiang)",People's Republic of China,People's Republic of China,Other Asia Pacific,Planned,Industry,Full chain,,EOR,,,,200000.0,0.2,,,Planned,Industry,IEA-CCUS-2026.xlsx,planned
Piñon’s Dark Horse Treating Facility and storage,United States,United States,North America,Operational,Fuel transformation,Full chain,,Dedicated storage,,2024,2020,190000.0,0.19,,,Operational,Fuel transformation,IEA-CCUS-2026.xlsx,operational
New Generation Gas Gathering (NG3),United States,United States,North America,Operational,Fuel transformation,Capture,,EOR,,2025,,1200000.0,1.2,,,Operational,Fuel transformation,IEA-CCUS-2026.xlsx,operational
 Shaanxi Coal Group Yulin Chemical CCUS Phase 1 (Shaanxi),People's Republic of China,People's Republic of China,Other Asia Pacific,Under construction,Fuel transformation,Full chain,,Dedicated storage,,2026,,400000.0,0.4,,,Under construction,Fuel transformation,IEA-CCUS-2026.xlsx,under_construction
 Shaanxi Coal Group Yulin Chemical CCUS Phase 2 (Shaanxi),People's Republic of China,People's Republic of China,Other Asia Pacific,Under construction,Fuel transformation,Full chain,,Dedicated storage,,2029,2023,600000.0,0.6,,,Under construction,Fuel transformation,IEA-CCUS-2026.xlsx,under_construction
 Shaanxi Coal Group Yulin Chemical CCUS Phase 3 (Shaanxi),People's Republic of China,People's Republic of China,Other Asia Pacific,Planned,Fuel transformation,Full chain,,Dedicated storage,,2033,2023,3000000.0,3.0,,,Planned,Fuel transformation,IEA-CCUS-2026.xlsx,planned
Waste to hydrogen Boson Energy (H2-BEAM),Spain,Spain,Europe,Planned,Fuel transformation,Capture,,,,,,,,,,Planned,Fuel transformation,IEA-CCUS-2026.xlsx,planned
Waste to hydrogen Boson Energy (BEH2X DE),Germany,Europe,Europe,Planned,Fuel transformation,Capture,,,,,,,,,,Planned,Fuel transformation,IEA-CCUS-2026.xlsx,planned
Waste to hydrogen Boson Energy (BEH2X LUX),Luxembourg,Luxembourg,Europe,Planned,Fuel transformation,Capture,,,,,,,,,,Planned,Fuel transformation,IEA-CCUS-2026.xlsx,planned
Yeosu Myodo Island Blue Hydrogen Plant ,South Korea,South Korea,Other Asia Pacific,Planned,Fuel transformation,Capture,,Dedicated storage,,2030,,430000.0,0.43,,,Planned,Fuel transformation,IEA-CCUS-2026.xlsx,planned
SK Ulsan Complex,South Korea,South Korea,Other Asia Pacific,Planned,Fuel transformation,Capture,,Dedicated storage,,,,400000.0,0.4,,,Planned,Fuel transformation,IEA-CCUS-2026.xlsx,planned
Onyx plant - Port of Rotterdam,Netherlands,Europe,Europe,Planned,Fuel transformation,Capture,,Dedicated storage,,2028,2023,2500000.0,2.5,,,Planned,Fuel transformation,IEA-CCUS-2026.xlsx,planned
Koping - Waste-to-Hydrogen,Sweden,Europe,Europe,Planned,Fuel transformation,Capture,,,,,2024,175000.0,0.175,,,Planned,Fuel transformation,IEA-CCUS-2026.xlsx,planned
"Mitsubishi - Pupuk Indonesia, Blue NH3 Sumatra-Java",Indonesia,Indonesia,Other Asia Pacific,Planned,Industry,Capture,,Dedicated storage,,,,,,,,Planned,Industry,IEA-CCUS-2026.xlsx,planned
H2M Eemshaven,Netherlands,Europe,Europe,Cancelled,Fuel transformation,Capture,,Dedicated storage,,2030,2024,1837000.0,1.837,,,Cancelled,Fuel transformation,IEA-CCUS-2026.xlsx,cancelled_or_suspended
Eneos project (MVCE Gulf Coast),United States,United States,North America,Planned,Fuel transformation,Capture,,,,2031,2024,1924000.0,1.924,,,Planned,Fuel transformation,IEA-CCUS-2026.xlsx,planned
Ashdown Pulp Mill CCS ,United States,United States,North America,Planned,Industry,Full chain,,Dedicated storage,,,2024,1500000.0,1.5,,,Planned,Industry,IEA-CCUS-2026.xlsx,planned
Pelican-Gulf Coast Origen DAC project (LA),United States,United States,North America,Planned,DAC,Capture,,Dedicated storage,,2029,2024,25000.0,0.025,,,Planned,DAC,IEA-CCUS-2026.xlsx,planned
Connah's Quay Low Carbon (CQLCP) Power Phase 2,United Kingdom,Europe,Europe,Planned,Power and heat,Capture,,Dedicated storage,,,2021,1200000.0,1.2,,,Planned,Power and heat,IEA-CCUS-2026.xlsx,planned
Pelican-Gulf Coast DAC Project (LA) phase 1,United States,United States,North America,Planned,DAC,Capture,,Dedicated storage,,2030,2025,30000.0,0.03,,,Planned,DAC,IEA-CCUS-2026.xlsx,planned
Origen DAC Demonstration (EERC) (ND),United States,United States,North America,Operational,DAC,Capture,,Dedicated storage,,2025,2024,1000.0,0.001,,,Operational,DAC,IEA-CCUS-2026.xlsx,operational
CALDAC San Joaquin (CA),United States,United States,North America,Planned,DAC,Capture,,Dedicated storage,,2030,2023,50000.0,0.05,,,Planned,DAC,IEA-CCUS-2026.xlsx,planned
Olea Phase 1,Greece,Greece,Europe,Planned,DAC,Capture,,Dedicated storage,,2027,2024,1000.0,0.001,,,Planned,DAC,IEA-CCUS-2026.xlsx,planned
Olea Phase 2,Greece,Greece,Europe,Planned,DAC,Capture,,Dedicated storage,,2029,2024,29000.0,0.029,,,Planned,DAC,IEA-CCUS-2026.xlsx,planned
Olea Phase 3,Greece,Greece,Europe,Planned,DAC,Capture,,Dedicated storage,,2030,2024,70000.0,0.07,,,Planned,DAC,IEA-CCUS-2026.xlsx,planned
Oak CCS (RepAir Carbon- C-Questra) Phase 1,France,Europe,Europe,Planned,DAC,Capture,,Dedicated storage,,2029,2024,30000.0,0.03,,,Planned,DAC,IEA-CCUS-2026.xlsx,planned
Oak CCS (RepAir Carbon- C-Questra) Phase 2,France,Europe,Europe,Planned,DAC,Capture,,Dedicated storage,,2030,2024,70000.0,0.07,,,Planned,DAC,IEA-CCUS-2026.xlsx,planned
Acacia (RepAir- Cella Partnership Project) Phase 1,Kenya,Kenya,Africa,Planned,DAC,Capture,,Dedicated storage,,,2024,1000.0,0.001,,,Planned,DAC,IEA-CCUS-2026.xlsx,planned
Acacia (RepAir- Cella Partnership Project) Phase 2,Kenya,Kenya,Africa,Planned,DAC,Capture,,Dedicated storage,,,2024,19000.0,0.019,,,Planned,DAC,IEA-CCUS-2026.xlsx,planned
Acacia (RepAir- Cella Partnership Project) Phase 3,Kenya,Kenya,Africa,Planned,DAC,Capture,,Dedicated storage,,,2024,30000.0,0.03,,,Planned,DAC,IEA-CCUS-2026.xlsx,planned
Killingholme Low Carbon Power project,United Kingdom,Europe,Europe,Planned,Power and heat,Full chain,,Dedicated storage,,2031,2025,,,,,Planned,Power and heat,IEA-CCUS-2026.xlsx,planned
Kaupang carbon storage (EXL012),Norway,Europe,Europe,Planned,CO2 T&S,Storage,,Dedicated storage,,,2025,,,,,Planned,CO2 T&S,IEA-CCUS-2026.xlsx,planned
Forsete carbon storage (EXL013),Norway,Europe,Europe,Planned,CO2 T&S,Storage,,Dedicated storage,,,2025,,,,,Planned,CO2 T&S,IEA-CCUS-2026.xlsx,planned
Linde H2 Plant Jubail ,Saudi Arabia,Saudi Arabia,Middle East,Planned,Fuel transformation,Capture,,Dedicated storage,,,2025,,,,,Planned,Fuel transformation,IEA-CCUS-2026.xlsx,planned
Cypress DAC Hub Heirloom Facility (LA) Phase 2,United States,United States,North America,Planned,DAC,Capture,,Dedicated Storage,,2027,2023,100000.0,0.1,,,Planned,DAC,IEA-CCUS-2026.xlsx,planned
Cypress DAC Hub Heirloom Facility (LA) Phase 3,United States,United States,North America,Planned,DAC,Capture,,Dedicated Storage,,2030,2023,200000.0,0.2,,,Planned,DAC,IEA-CCUS-2026.xlsx,planned
GLOBE ( Lhoist Marche-les-Dames CCS),Belgium,Europe,Europe,Planned,Industry,Capture,,Dedicated storage,,2031,2024,,,,,Planned,Industry,IEA-CCUS-2026.xlsx,planned
Catch4Climate  Mergelstetten,Germany,Europe,Europe,Under construction,Industry,CCU,,,,2026,2020,100000.0,0.1,,,Under construction,Industry,IEA-CCUS-2026.xlsx,under_construction
Lynemouth Power Station (BECCS),United Kingdom,Europe,Europe,Planned,Power and heat,Capture,,Dedicated storage,,2030,2022,2300000.0,2.3,,,Planned,Power and heat,IEA-CCUS-2026.xlsx,planned
NL CCS Direct Injection Phase 2,Netherlands,Europe,Europe,Cancelled,CO2 T&S,T&S,,Dedicated storage,,2046,2023,5000000.0,5.0,,,Cancelled,CO2 T&S,IEA-CCUS-2026.xlsx,cancelled_or_suspended
Yanan Energy Chemical (Shaanxi),People's Republic of China,People's Republic of China,Other Asia Pacific,Planned,Fuel transformation,Full chain,,EOR,,2030,2022,800000.0,0.8,,,Planned,Fuel transformation,IEA-CCUS-2026.xlsx,planned
Idemitsu Biomass Waste to Hydrogen,Japan,Japan,Other Asia Pacific,Planned,Fuel transformation,Capture,,,,2030,2023,,,,,Planned,Fuel transformation,IEA-CCUS-2026.xlsx,planned
Ascension Clean Energy (ACE) complex (LA) Phase 2,United States,United States,North America,Planned,Fuel transformation,Capture,,Dedicated storage,,2030,2022,7560000.0,7.56,,,Planned,Fuel transformation,IEA-CCUS-2026.xlsx,planned
Project Jacaranda Phase 1,Kenya,Kenya,Africa,Planned,DAC,Capture,,Dedicated storage,,2026,2023,1000.0,0.001,,,Planned,DAC,IEA-CCUS-2026.xlsx,planned
Project Jacaranda Phase 2,Kenya,Kenya,Africa,Planned,DAC,Capture,,Dedicated storage,,2027,2023,6000.0,0.006,,,Planned,DAC,IEA-CCUS-2026.xlsx,planned
Project Jacaranda Phase 3,Kenya,Kenya,Africa,Planned,DAC,Capture,,Dedicated storage,,2028,2023,23000.0,0.023,,,Planned,DAC,IEA-CCUS-2026.xlsx,planned
Project Jacaranda Phase 4,Kenya,Kenya,Africa,Planned,DAC,Capture,,Dedicated storage,,2029,2023,70000.0,0.07,,,Planned,DAC,IEA-CCUS-2026.xlsx,planned
Worsley Alumina CCS,Australia,Australia,Australia and New Zealand,Planned,Industry,Capture,,Dedicated storage,,,2025,700000.0,0.7,,,Planned,Industry,IEA-CCUS-2026.xlsx,planned
CopenCapture (CopenHill Wate to Energy Plant),Denmark,Europe,Europe,Planned,Power and heat,Full Chain,,Dedicated storage,,2030,2025,400000.0,0.4,,,Planned,Power and heat,IEA-CCUS-2026.xlsx,planned
EDF Renewables DAC Park (TX),United States,United States,North America,Planned,DAC,Full chain,,Dedicated storage,,2028,2025,500000.0,0.5,,,Planned,DAC,IEA-CCUS-2026.xlsx,planned
Project Labrador (TX),United States,United States,North America,Planned,Fuel transformation,Capture,,Dedicated storage,,2032,2025,2300000.0,2.3,,,Planned,Fuel transformation,IEA-CCUS-2026.xlsx,planned
Barnett Zero CCS (TX) (Bridgeport plant),United States,United States,North America,Operational,Fuel transformation,Full Chain,,EOR,,2023,2022,183000.0,0.183,,,Operational,Fuel transformation,IEA-CCUS-2026.xlsx,operational
Hydrogen Canada Clean Hydrogen and Ammonia Production Facility,Canada,Canada,North America,Planned,Fuel transformation,Full chain,,Dedicated storage,,2028,2023,1000000.0,1.0,,,Planned,Fuel transformation,IEA-CCUS-2026.xlsx,planned
Hydrogen Naturally Co-located Hydrogen Hub,Canada,Canada,North America,Planned,Fuel transformation,Full chain,,Dedicated storage,,,2022,4000000.0,4.0,,,Planned,Fuel transformation,IEA-CCUS-2026.xlsx,planned
KEZO Carbon Capture Plant,Switzerland,Switzerland,Europe,Planned,Power and heat,CCU,,,,,2025,120000.0,0.12,,,Planned,Power and heat,IEA-CCUS-2026.xlsx,planned
Havstjerne CO2 Storage (FSIU),Norway,Europe,Europe,Planned,CO2 T&S,T&S,,Dedicated storage,,,2025,,,,,Planned,CO2 T&S,IEA-CCUS-2026.xlsx,planned
Grenaa Port phase 1,Denmark,Europe,Europe,Planned,CO2 T&S,Transport,,Dedicated storage,,2029,2025,,,,,Planned,CO2 T&S,IEA-CCUS-2026.xlsx,planned
Grenaa Port phase 2,Denmark,Europe,Europe,Planned,CO2 T&S,Transport,,Dedicated storage,,2030,2025,10000000.0,10.0,,,Planned,CO2 T&S,IEA-CCUS-2026.xlsx,planned
Project Cypress Southwest (LA),United States,United States,North America,Planned,DAC,Capture,,Dedicated storage,,,2023,530000.0,0.53,,,Planned,DAC,IEA-CCUS-2026.xlsx,planned
Greenview Industrial Gateway  blue ammonia and methanol (ALB),Canada,Canada,North America,Cancelled,Fuel transformation,Capture,,Dedicated storage,,,2021,,,,,Cancelled,Fuel transformation,IEA-CCUS-2026.xlsx,cancelled_or_suspended
Iillinois basin Regional DAC hub (IL),United States,United States,North America,Planned,DAC,Capture,,Dedicated storage,,,2024,50000.0,0.05,,,Planned,DAC,IEA-CCUS-2026.xlsx,planned
Aker Carbon Capture refinery (unknown facility),United States,United States,North America,Planned,Fuel transformation,Capture,,,,,2023,1200000.0,1.2,,,Planned,Fuel transformation,IEA-CCUS-2026.xlsx,planned
Antwerp CO2 Pipeline Network,Belgium,Europe,Europe,Under construction,CO2 T&S,Transport,,,,2029,2021,10000000.0,10.0,,,Under construction,CO2 T&S,IEA-CCUS-2026.xlsx,under_construction
Madrid Ethanol plant (NE),United States,United States,North America,Operational,Fuel transformation,Capture,,Dedicated storage,,2025,2022,286000.0,0.286,,,Operational,Fuel transformation,IEA-CCUS-2026.xlsx,operational
Enping 15-1 offshore CCS (Hong Kong) (well extension),People's Republic of China,People's Republic of China,Other Asia Pacific,Operational,Fuel transformation,Full chain,,EOR,,2025,,100000.0,0.1,,,Operational,Fuel transformation,IEA-CCUS-2026.xlsx,operational
Xinjiang Jinlong Shenwu Thermal Power Plant (Xinjiang),People's Republic of China,People's Republic of China,Other Asia Pacific,Operational,Power and heat,Capture,,EOR,,2024,,200000.0,0.2,,,Operational,Power and heat,IEA-CCUS-2026.xlsx,operational
CPNC coal power Baijiantan Karamay (Xinjiang) Phase 2,People's Republic of China,People's Republic of China,Other Asia Pacific,Planned,Power and heat,Full chain,,EOR,,2030,2023,1000000.0,1.0,,,Planned,Power and heat,IEA-CCUS-2026.xlsx,planned
1PointFive and Entreprise BlueBonnet transport network (TX),United States,United States,North America,Planned,CO2 T&S,Transport,,Dedicated storage,,,2024,,,,,Planned,CO2 T&S,IEA-CCUS-2026.xlsx,planned
NorthStarH2 Lugnvik plant,Sweden,Europe,Europe,Planned,Power and heat,CCU,,,,,2024,150000.0,0.15,,,Planned,Power and heat,IEA-CCUS-2026.xlsx,planned
Kleberg Sequestration Hub (TX),United States,United States,North America,Planned,CO2 T&S,T&S,,,,2028,2022,,,,,Planned,CO2 T&S,IEA-CCUS-2026.xlsx,planned
Moringa Phase 1,Oman-United Arab Emirates,Oman-United Arab Emirates,Middle East,Operational,DAC,Full chain,,Dedicated storage,,2025,2025,1000.0,0.001,,,Operational,DAC,IEA-CCUS-2026.xlsx,operational
Moringa Phase 2,Oman-United Arab Emirates,Oman-United Arab Emirates,Middle East,Under construction,DAC,Full chain,,Dedicated storage,,2026,2025,0.0,0.0,,,Under construction,DAC,IEA-CCUS-2026.xlsx,under_construction
Granger Carbon terminal (WY) (Project Sprint Carbon-by-Rail BECCS),United States,United States,North America,Planned,CO2 T&S,Transport,,Dedicated storage,,2027,2025,500000.0,0.5,,,Planned,CO2 T&S,IEA-CCUS-2026.xlsx,planned
Bonanza BioEnergy CCUS Dedicated storage (KS),United States,United States,North America,Under construction,Fuel transformation,Full chain,,Dedicated storage,,2028,2025,150000.0,0.15,,,Under construction,Fuel transformation,IEA-CCUS-2026.xlsx,under_construction
Ichthys LNG (Darwin),Australia,Australia,Australia and New Zealand,Planned,Fuel transformation,Full chain,,,,2030,2025,,,,,Planned,Fuel transformation,IEA-CCUS-2026.xlsx,planned
Tamarack  (AB),Canada,Canada,North America,Under construction,DAC,Capture,,Dedicated storage,,2026,2025,2000.0,0.002,,,Under construction,DAC,IEA-CCUS-2026.xlsx,under_construction
Port of Nagoya (Aichi Prefecture) to Australia,Australia-Japan,Australia-Japan,Australia and New Zealand,Planned,CO2 T&S,Transport,,Dedicated storage,,,2024,,,,,Planned,CO2 T&S,IEA-CCUS-2026.xlsx,planned
"5,000 TA CO2 (Salvador de Bahia)",Brazil,Brazil,Central and South America,Planned,DAC,Capture,,Dedicated storage,,2027,2023,5000.0,0.005,,,Planned,DAC,IEA-CCUS-2026.xlsx,planned
"5,000 TA CO2 (Australia) phase 1",Australia,Australia,Australia and New Zealand,Planned,DAC,Full chain,,Dedicated storage,,,2025,5000.0,0.005,,,Planned,DAC,IEA-CCUS-2026.xlsx,planned
Alaska DAC Hub (AK),United States,United States,North America,Planned,DAC,Full chain,,Dedicated storage,,,2024,50000.0,0.05,,,Planned,DAC,IEA-CCUS-2026.xlsx,planned
CPT 01 cement Campulung,Romania,Romania,Europe,Planned,Industry,Full chain,,Dedicated storage,,2032,2025,1000000.0,1.0,,,Planned,Industry,IEA-CCUS-2026.xlsx,planned
APOLLOCO2-LT Revithoussa Island,Greece,Greece,Europe,Planned,CO2 T&S,Transport,,,,,2025,3000000.0,3.0,,,Planned,CO2 T&S,IEA-CCUS-2026.xlsx,planned
Sandpiper Chemical Blue Methanol plant (TX),United States,United States,North America,Planned,Industry,Capture,,,,2030,2025,,,,,Planned,Industry,IEA-CCUS-2026.xlsx,planned
Trinity Campus (TX),United States,United States,North America,Planned,DAC,Full chain,,,,,2025,10000.0,0.01,,,Planned,DAC,IEA-CCUS-2026.xlsx,planned
Trinity Campus (TX),United States,United States,North America,Planned,DAC,Full chain,,,,,2025,90000.0,0.09,,,Planned,DAC,IEA-CCUS-2026.xlsx,planned
Capsol US utility for gas power,United States,United States,North America,Planned,Power and heat,Capture,,,,,2025,,,,,Planned,Power and heat,IEA-CCUS-2026.xlsx,planned
Rexus Wood Waste-to-Energy Plant (Lion),Singapore,Singapore,Other Asia Pacific,Planned,Power and heat,CCU,,,,,2024,,,,,Planned,Power and heat,IEA-CCUS-2026.xlsx,planned
Granger Carbon terminal (WY),United States,United States,North America,Planned,CO2 T&S,Transport,,Dedicated storage,,2027,2025,500000.0,0.5,,,Planned,CO2 T&S,IEA-CCUS-2026.xlsx,planned
ECCO2-LH (Lighthouse) LafargeHolcim Carboneras cement factory phase 2,Spain,Spain,Europe,Cancelled,Industry,CCU,,,,,2020,600000.0,0.6,,,Cancelled,Industry,IEA-CCUS-2026.xlsx,cancelled_or_suspended
Deuna cement plant (Thuringia),Germany,Europe,Europe,Planned,Industry,Capture,,,,2029,2024,620000.0,0.62,,,Planned,Industry,IEA-CCUS-2026.xlsx,planned
VAIA project Montalieu-Vercieu site,France,Europe,Europe,Planned,Industry,Full chain,,,,2030,2025,1200000.0,1.2,,,Planned,Industry,IEA-CCUS-2026.xlsx,planned
Beli Net Zero (Beli Izvor plant),Bulgaria,Bulgaria,Europe,Planned,Industry,Full chain,,Dedicated storage,,,2024,,,,,Planned,Industry,IEA-CCUS-2026.xlsx,planned
Mosusol netCO2,Spain,Spain,Europe,Planned,Industry,Full chain,,,,2031,2025,1000000.0,1.0,,,Planned,Industry,IEA-CCUS-2026.xlsx,planned
Arckaringa,Australia,Australia,Australia and New Zealand,Planned,CO2 T&S,Storage,,Dedicated storage,,,2025,,,,,Planned,CO2 T&S,IEA-CCUS-2026.xlsx,planned
Moonstone (CA) phase 1,United States,United States,North America,Under construction,DAC,Full Chain,,Dedicated storage,,2026,,2000.0,0.002,,,Under construction,DAC,IEA-CCUS-2026.xlsx,under_construction
Moonstone (CA) phase 2,United States,United States,North America,Planned,DAC,Full Chain,,Dedicated storage,,2027,,98000.0,0.098,,,Planned,DAC,IEA-CCUS-2026.xlsx,planned
Meadowbrook Carbon Storage Hub (MCSH) (ALB) phase 1,Canada,Canada,North America,Under construction,CO2 T&S,T&S,,Dedicated storage,,2026,2022,500000.0,0.5,,,Under construction,CO2 T&S,IEA-CCUS-2026.xlsx,under_construction
Meadowbrook Carbon Storage Hub (MCSH) (ALB) phase 2,Canada,Canada,North America,Planned,CO2 T&S,T&S,,Dedicated storage,,2028,2022,2500000.0,2.5,,,Planned,CO2 T&S,IEA-CCUS-2026.xlsx,planned
CarbonBridge,Germany,Europe,Europe,Planned,CO2 T&S,Transport,,,,2030,,,,,,Planned,CO2 T&S,IEA-CCUS-2026.xlsx,planned
Huaneng Shanghai Shidongkou Second Power Plant (Shanghai）,People's Republic of China,People's Republic of China,Other Asia Pacific,Operational,Power and heat,Full Chain,,,,2009,2008,120000.0,0.12,,,Operational,Power and heat,IEA-CCUS-2026.xlsx,operational
China Resources Tangshan Caofeidian Power (Hebei),People's Republic of China,People's Republic of China,Other Asia Pacific,Planned,Power and heat,Full Chain,,EOR,,2028,2025,150000.0,0.15,,,Planned,Power and heat,IEA-CCUS-2026.xlsx,planned
CarbonConnect,Belgium-United Kingdom,Belgium-United Kingdom,Europe,Planned,CO2 T&S,Transport,,Dedicated storage,,2032,,20000000.0,20.0,,,Planned,CO2 T&S,IEA-CCUS-2026.xlsx,planned
ECO2FLY (Villaluenga),Spain,Spain,Europe,Planned,Industry,CCU,,,,2031,2025,700000.0,0.7,,,Planned,Industry,IEA-CCUS-2026.xlsx,planned
CO2necta (Sagunto),Spain,Spain,Europe,Planned,Industry,Full Chain,,Dedicated storage,,2032,2025,600000.0,0.6,,,Planned,Industry,IEA-CCUS-2026.xlsx,planned
Belgian CO2 Pipeline Network (CO2 backbone for Belgium),Belgium,Europe,Europe,Planned,CO2 T&S,Transport,,,,2029,2021,40000000.0,40.0,,,Planned,CO2 T&S,IEA-CCUS-2026.xlsx,planned
CO2nscious (Carboneras),Spain,Spain,Europe,Planned,Industry,Capture,,Dedicated storage,,2032,2025,700000.0,0.7,,,Planned,Industry,IEA-CCUS-2026.xlsx,planned
"JetsUp (Jesup, GA)",United States,United States,North America,Planned,Industry,CCU,,,,2030,2025,350000.0,0.35,,,Planned,Industry,IEA-CCUS-2026.xlsx,planned
NorDAC Kollsnes (Øygarden),Norway,Europe,Europe,Planned,DAC,Full chain,,Dedicated storage,,,2023,500000.0,0.5,,,Planned,DAC,IEA-CCUS-2026.xlsx,planned
Pelican-Gulf Coast DAC Project (LA) phase 2,United States,United States,North America,Planned,DAC,Capture,,Dedicated storage,,2032,2025,250000.0,0.25,,,Planned,DAC,IEA-CCUS-2026.xlsx,planned
Pelican-Gulf Coast DAC Project (LA) phase 3,United States,United States,North America,Planned,DAC,Capture,,Dedicated storage,,2035,2025,500000.0,0.5,,,Planned,DAC,IEA-CCUS-2026.xlsx,planned
SeaSeaS (Port of Amsterdam),Netherlands,Europe,Europe,Planned,CO2 T&S,Transport,,,,,2025,,,,,Planned,CO2 T&S,IEA-CCUS-2026.xlsx,planned
Norske Skog Skogn (Levanger),Norway,Europe,Europe,Planned,Power and heat,CCU,,,,2028,2025,100000.0,0.1,,,Planned,Power and heat,IEA-CCUS-2026.xlsx,planned
Treklyngen Bioforbrenning (Hønefoss),Norway,Europe,Europe,Planned,Power and heat,CCU,,,,2027,2025,100000.0,0.1,,,Planned,Power and heat,IEA-CCUS-2026.xlsx,planned
Fritos carbon storage (EXL014),Norway,Europe,Europe,Planned,CO2 T&S,Storage,,Dedicated storage,,,2025,,,,,Planned,CO2 T&S,IEA-CCUS-2026.xlsx,planned
RWE CCGT Great Yarmouth (Norfolk),United Kingdom,Europe,Europe,Planned,Power and heat,Capture,,Dedicated storage,,2034,2024,600000.0,0.6,,,Planned,Power and heat,IEA-CCUS-2026.xlsx,planned
Project Norway phase 2,Norway,Europe,Europe,Planned,DAC,Capture,,Dedicated storage,,2028,,9000.0,0.009,,,Planned,DAC,IEA-CCUS-2026.xlsx,planned
Project Norway phase 3,Norway,Europe,Europe,Planned,DAC,Capture,,Dedicated storage,,2029,,30000.0,0.03,,,Planned,DAC,IEA-CCUS-2026.xlsx,planned
Partanna carbon-negative cement facility (Abu Dhabi),United Arab Emirates,Middle East,Middle East,Planned,Industry,Capture,,,,,2024,,,,,Planned,Industry,IEA-CCUS-2026.xlsx,planned
CCS Italy - CO2 Transport Network,Italy,Europe,Europe,Planned,CO2 T&S,Transport,,Dedicated storage,,2028,2022,4000000.0,4.0,,,Planned,CO2 T&S,IEA-CCUS-2026.xlsx,planned
Renova CCS (Gothenburg),Sweden,Europe,Europe,Planned,Power and heat,Capture,,,,2030,,560000.0,0.56,,,Planned,Power and heat,IEA-CCUS-2026.xlsx,planned
Hedensbyn CCS (Västerbotten),Sweden,Europe,Europe,Planned,Power and heat,Capture,,Dedicated storage,,2027,2025,140000.0,0.14,,,Planned,Power and heat,IEA-CCUS-2026.xlsx,planned
CNetSS,Sweden,Europe,Europe,Planned,CO2 T&S,Transport,,,,2030,2022,2000000.0,2.0,,,Planned,CO2 T&S,IEA-CCUS-2026.xlsx,planned
Cstore 2,Australia,Australia,Australia and New Zealand,Planned,CO2 T&S,T&S,,Dedicated storage,,,2021,7500000.0,7.5,,,Planned,CO2 T&S,IEA-CCUS-2026.xlsx,planned
CO2 Storage Kalundborg,Denmark,Europe,Europe,Planned,CO2 T&S,T&S,,Dedicated storage,,2030,2024,12000000.0,12.0,,,Planned,CO2 T&S,IEA-CCUS-2026.xlsx,planned
Projekt Greenstore,Denmark,Europe,Europe,Planned,CO2 T&S,T&S,,Dedicated storage,,2030,,,,,,Planned,CO2 T&S,IEA-CCUS-2026.xlsx,planned
AffaldPlus Affaldsenergi,Denmark,Europe,Europe,Planned,Power and heat,Capture,,Dedicated storage,,2030,,150000.0,0.15,,,Planned,Power and heat,IEA-CCUS-2026.xlsx,planned
Basel-Zurich corridor,Switzerland,Switzerland,Europe,Planned,CO2 T&S,Transport,,,,,2025,,,,,Planned,CO2 T&S,IEA-CCUS-2026.xlsx,planned
Highway58 (Baltic Sea CO2 backbone),Sweden-Finland,Sweden-Finland,Europe,Planned,CO2 T&S,Transport,,Dedicated storage,,2030,2026,20000000.0,20.0,,,Planned,CO2 T&S,IEA-CCUS-2026.xlsx,planned
VAPCO Vung Ang II coal-fired power plant (Ha Tinh Province),Vietnam,Vietnam,Other Asia Pacific,Planned,Power and heat,CCU,,,,,2025,160000.0,0.16,,,Planned,Power and heat,IEA-CCUS-2026.xlsx,planned
Inter terminals Sweden,Sweden,Europe,Europe,Planned,CO2 T&S,Transport,,,,,2025,,,,,Planned,CO2 T&S,IEA-CCUS-2026.xlsx,planned
Sullom voe terminal and Shetland basin hub (SVT) - Magnus phase 2,United Kingdom,Europe,Europe,Planned,CO2 T&S,T&S,,Dedicated storage,,2038,2023,3000000.0,3.0,,,Planned,CO2 T&S,IEA-CCUS-2026.xlsx,planned
Sullom voe terminal and Shetland basin hub (SVT) - Regional Expansion phase 3,United Kingdom,Europe,Europe,Planned,CO2 T&S,T&S,,Dedicated storage,,2040,2023,5000000.0,5.0,,,Planned,CO2 T&S,IEA-CCUS-2026.xlsx,planned
E.ON's DH Norrköping plant (Malmö),Sweden,Europe,Europe,Planned,Power and heat,Full chain,,Dedicated storage,,2032,2025,500000.0,0.5,,,Planned,Power and heat,IEA-CCUS-2026.xlsx,planned
Bio-CCS Malmö (Malmö Energihamn),Sweden,Europe,Europe,Planned,Power and heat,Full chain,,Dedicated storage,,2027,2022,450000.0,0.45,,,Planned,Power and heat,IEA-CCUS-2026.xlsx,planned
Malmö CO2 Hub,Sweden,Europe,Europe,Planned,CO2 T&S,Transport,,,,2030,2022,1300000.0,1.3,,,Planned,CO2 T&S,IEA-CCUS-2026.xlsx,planned
E.ON's DH Örebro plant (Malmö),Sweden,Europe,Europe,Planned,Power and heat,Full chain,,Dedicated storage,,2032,2025,,,,,Planned,Power and heat,IEA-CCUS-2026.xlsx,planned
SkyZero (Spillepengen),Sweden,Europe,Europe,Planned,Power and heat,Capture,,Dedicated storage,,2030,2019,400000.0,0.4,,,Planned,Power and heat,IEA-CCUS-2026.xlsx,planned
Johannes CHP plant (Gävleborg),Sweden,Europe,Europe,Planned,Power and heat,Full chain,,,,,2021,110000.0,0.11,,,Planned,Power and heat,IEA-CCUS-2026.xlsx,planned
Bio-CCS Kristinehed and Oceanen (Halmstad),Sweden,Europe,Europe,Planned,Power and heat,Capture,,,,,,170000.0,0.17,,,Planned,Power and heat,IEA-CCUS-2026.xlsx,planned
Bio-CCS Jönköping DH plant (Torsvik),Sweden,Europe,Europe,Planned,Power and heat,Capture,,,,,,270000.0,0.27,,,Planned,Power and heat,IEA-CCUS-2026.xlsx,planned
BECCS Skövde Energi,Sweden,Europe,Europe,Planned,Power and heat,Capture,,,,,2021,100000.0,0.1,,,Planned,Power and heat,IEA-CCUS-2026.xlsx,planned
CCS Bodens Energi,Sweden,Europe,Europe,Planned,Power and heat,Capture,,,,,2021,100000.0,0.1,,,Planned,Power and heat,IEA-CCUS-2026.xlsx,planned
Fieni-Botești ,Romania,Romania,Europe,Planned,CO2 T&S,Storage,,Dedicated storage,,2029,,600000.0,0.6,,,Planned,CO2 T&S,IEA-CCUS-2026.xlsx,planned
Deep Sky Thetford Mines (QC),Canada,Canada,North America,Under construction,DAC,Full chain,,Dedicated storage,,,2024,,,,,Under construction,DAC,IEA-CCUS-2026.xlsx,under_construction
Deep Sky Bécancour (QC),Canada,Canada,North America,Planned,DAC,Full chain,,Dedicated storage,,,2024,,,,,Planned,DAC,IEA-CCUS-2026.xlsx,planned
Deep Sky Manitoba (MB),Canada,Canada,North America,Planned,DAC,Full chain,,,,,2025,,,,,Planned,DAC,IEA-CCUS-2026.xlsx,planned
Golianovo CO₂ Storage Site ,Slovakia,Slovakia,Europe,Planned,CO2 T&S,Storage,,Dedicated storage,,,,1500000.0,1.5,,,Planned,CO2 T&S,IEA-CCUS-2026.xlsx,planned
Genesis Belle Plaine CCS (SK),Canada,Canada,North America,Planned,Industry,Full chain,,Dedicated storage,,2029,2024,1000000.0,1.0,,,Planned,Industry,IEA-CCUS-2026.xlsx,planned
Innisfail Waste to Energy Project (AB),Canada,Canada,North America,Planned,Power and heat,Full chain,,,,2028,,185000.0,0.185,,,Planned,Power and heat,IEA-CCUS-2026.xlsx,planned
NG power plant with CCS in Southeast US ,United States,United States,North America,Planned,Power and heat,Capture,,,,,2025,,,,,Planned,Power and heat,IEA-CCUS-2026.xlsx,planned
McMahon Energy Complex (BC),Canada,Canada,North America,Planned,Fuel transformation,Capture,,,,2034,2025,1180000.0,1.18,,,Planned,Fuel transformation,IEA-CCUS-2026.xlsx,planned
NorthStar CCS (SK),Canada,Canada,North America,Planned,Power and heat,Full chain,,,,2027,2024,,,,,Planned,Power and heat,IEA-CCUS-2026.xlsx,planned
Oceania CCS - Nippon steel plant,Japan,Japan,Other Asia Pacific,Planned,Industry,Capture,,Dedicated storage,,,2023,,,,,Planned,Industry,IEA-CCUS-2026.xlsx,planned
Oceania CCS - Mitsubishi chemical plant,Japan,Japan,Other Asia Pacific,Planned,Industry,Capture,,Dedicated storage,,,2023,,,,,Planned,Industry,IEA-CCUS-2026.xlsx,planned
La Paloma CPX facility (CA),United States,United States,North America,Planned,Power and heat,Full chain,,Dedicated storage,,,2025,3000000.0,3.0,,,Planned,Power and heat,IEA-CCUS-2026.xlsx,planned
North Tees Hydrogen CO2 capture,United Kingdom,Europe,Europe,Planned,Fuel transformation,Capture,,,,,2022,200000.0,0.2,,,Planned,Fuel transformation,IEA-CCUS-2026.xlsx,planned
Tourmaline Banshee facility (AB),Canada,Canada,North America,Planned,Fuel transformation,Capture,,Dedicated storage,,,2026,,,,,Planned,Fuel transformation,IEA-CCUS-2026.xlsx,planned
Big River (IL),United States,United States,North America,Planned,CO2 T&S,Storage,,Dedicated storage,,2028,2024,725000.0,0.725,,,Planned,CO2 T&S,IEA-CCUS-2026.xlsx,planned
