common_region,year,ccus_project_count,annual_ccus_capacity_tpa,annual_ccus_capacity_mtpa,cumulative_ccus_capacity_tpa,cumulative_ccus_capacity_mtpa,operating_project_count,planned_project_count,under_construction_project_count
Africa,2010,0,0.0,0.0,0.0,0.0,0,0,0
Africa,2011,0,0.0,0.0,0.0,0.0,0,0,0
Africa,2012,0,0.0,0.0,0.0,0.0,0,0,0
Africa,2013,0,0.0,0.0,0.0,0.0,0,0,0
Africa,2014,0,0.0,0.0,0.0,0.0,0,0,0
Africa,2015,0,0.0,0.0,0.0,0.0,0,0,0
Africa,2016,0,0.0,0.0,0.0,0.0,0,0,0
Africa,2017,0,0.0,0.0,0.0,0.0,0,0,0
Africa,2018,0,0.0,0.0,0.0,0.0,0,0,0
Africa,2019,0,0.0,0.0,0.0,0.0,0,0,0
Africa,2020,0,0.0,0.0,0.0,0.0,0,0,0
Africa,2021,0,0.0,0.0,0.0,0.0,0,0,0
Africa,2022,0,0.0,0.0,0.0,0.0,0,0,0
Africa,2023,0,0.0,0.0,0.0,0.0,0,0,0
Africa,2024,3,50000.0,0.05,50000.0,0.05,0,3,0
Africa,2025,0,0.0,0.0,50000.0,0.05,0,0,0
Africa,2026,1,1000.0,0.001,51000.0,0.051,0,1,0
Africa,2027,2,7000.0,0.007,58000.0,0.058,0,1,1
Africa,2028,2,1023000.0,1.023,1081000.0,1.081,0,2,0
Africa,2029,1,70000.0,0.07,1151000.0,1.151,0,1,0
Africa,2030,1,1600000.0,1.6,2751000.0,2.751,0,1,0
Africa,2031,0,0.0,0.0,2751000.0,2.751,0,0,0
Africa,2032,0,0.0,0.0,2751000.0,2.751,0,0,0
Africa,2033,0,0.0,0.0,2751000.0,2.751,0,0,0
Africa,2034,0,0.0,0.0,2751000.0,2.751,0,0,0
Africa,2035,0,0.0,0.0,2751000.0,2.751,0,0,0
Algeria,2010,0,0.0,0.0,0.0,0.0,0,0,0
Algeria,2011,0,0.0,0.0,0.0,0.0,0,0,0
Algeria,2012,0,0.0,0.0,0.0,0.0,0,0,0
Algeria,2013,0,0.0,0.0,0.0,0.0,0,0,0
Algeria,2014,0,0.0,0.0,0.0,0.0,0,0,0
Algeria,2015,0,0.0,0.0,0.0,0.0,0,0,0
Algeria,2016,0,0.0,0.0,0.0,0.0,0,0,0
Algeria,2017,0,0.0,0.0,0.0,0.0,0,0,0
Algeria,2018,0,0.0,0.0,0.0,0.0,0,0,0
Algeria,2019,0,0.0,0.0,0.0,0.0,0,0,0
Algeria,2020,0,0.0,0.0,0.0,0.0,0,0,0
Algeria,2021,0,0.0,0.0,0.0,0.0,0,0,0
Algeria,2022,0,0.0,0.0,0.0,0.0,0,0,0
Algeria,2023,0,0.0,0.0,0.0,0.0,0,0,0
Algeria,2024,0,0.0,0.0,0.0,0.0,0,0,0
Algeria,2025,0,0.0,0.0,0.0,0.0,0,0,0
Algeria,2026,0,0.0,0.0,0.0,0.0,0,0,0
Algeria,2027,0,0.0,0.0,0.0,0.0,0,0,0
Algeria,2028,0,0.0,0.0,0.0,0.0,0,0,0
Algeria,2029,0,0.0,0.0,0.0,0.0,0,0,0
Algeria,2030,0,0.0,0.0,0.0,0.0,0,0,0
Algeria,2031,0,0.0,0.0,0.0,0.0,0,0,0
Algeria,2032,0,0.0,0.0,0.0,0.0,0,0,0
Algeria,2033,0,0.0,0.0,0.0,0.0,0,0,0
Algeria,2034,0,0.0,0.0,0.0,0.0,0,0,0
Algeria,2035,0,0.0,0.0,0.0,0.0,0,0,0
Asia Pacific,2010,0,0.0,0.0,0.0,0.0,0,0,0
Asia Pacific,2011,0,0.0,0.0,0.0,0.0,0,0,0
Asia Pacific,2012,0,0.0,0.0,0.0,0.0,0,0,0
Asia Pacific,2013,0,0.0,0.0,0.0,0.0,0,0,0
Asia Pacific,2014,0,0.0,0.0,0.0,0.0,0,0,0
Asia Pacific,2015,0,0.0,0.0,0.0,0.0,0,0,0
Asia Pacific,2016,0,0.0,0.0,0.0,0.0,0,0,0
Asia Pacific,2017,0,0.0,0.0,0.0,0.0,0,0,0
Asia Pacific,2018,0,0.0,0.0,0.0,0.0,0,0,0
Asia Pacific,2019,0,0.0,0.0,0.0,0.0,0,0,0
Asia Pacific,2020,0,0.0,0.0,0.0,0.0,0,0,0
Asia Pacific,2021,0,0.0,0.0,0.0,0.0,0,0,0
Asia Pacific,2022,0,0.0,0.0,0.0,0.0,0,0,0
Asia Pacific,2023,0,0.0,0.0,0.0,0.0,0,0,0
Asia Pacific,2024,0,0.0,0.0,0.0,0.0,0,0,0
Asia Pacific,2025,0,0.0,0.0,0.0,0.0,0,0,0
Asia Pacific,2026,0,0.0,0.0,0.0,0.0,0,0,0
Asia Pacific,2027,0,0.0,0.0,0.0,0.0,0,0,0
Asia Pacific,2028,0,0.0,0.0,0.0,0.0,0,0,0
Asia Pacific,2029,0,0.0,0.0,0.0,0.0,0,0,0
Asia Pacific,2030,0,0.0,0.0,0.0,0.0,0,0,0
Asia Pacific,2031,0,0.0,0.0,0.0,0.0,0,0,0
Asia Pacific,2032,0,0.0,0.0,0.0,0.0,0,0,0
Asia Pacific,2033,0,0.0,0.0,0.0,0.0,0,0,0
Asia Pacific,2034,0,0.0,0.0,0.0,0.0,0,0,0
Asia Pacific,2035,0,0.0,0.0,0.0,0.0,0,0,0
Australia,2010,1,800000.0,0.8,800000.0,0.8,0,1,0
Australia,2011,0,0.0,0.0,800000.0,0.8,0,0,0
Australia,2012,0,0.0,0.0,800000.0,0.8,0,0,0
Australia,2013,0,0.0,0.0,800000.0,0.8,0,0,0
Australia,2014,0,0.0,0.0,800000.0,0.8,0,0,0
Australia,2015,0,0.0,0.0,800000.0,0.8,0,0,0
Australia,2016,0,0.0,0.0,800000.0,0.8,0,0,0
Australia,2017,0,0.0,0.0,800000.0,0.8,0,0,0
Australia,2018,1,0.0,0.0,800000.0,0.8,0,1,0
Australia,2019,1,1600000.0,1.6,2400000.0,2.4,1,0,0
Australia,2020,0,0.0,0.0,2400000.0,2.4,0,0,0
Australia,2021,5,15000000.0,15.0,17400000.0,17.4,0,3,0
Australia,2022,7,5850000.0,5.85,23250000.0,23.25,0,6,0
Australia,2023,3,500000.0,0.5,23750000.0,23.75,0,3,0
Australia,2024,5,2200000.0,2.2,25950000.0,25.95,1,4,0
Australia,2025,5,2825000.0,2.825,28775000.0,28.775,0,3,0
Australia,2026,1,110000.0,0.11,28885000.0,28.885,0,0,0
Australia,2027,1,100000.0,0.1,28985000.0,28.985,0,1,0
Australia,2028,8,11850000.0,11.85,40835000.0,40.835,0,8,0
Australia,2029,1,0.0,0.0,40835000.0,40.835,0,1,0
Australia,2030,5,17800000.0,17.8,58635000.0,58.635,0,4,0
Australia,2031,0,0.0,0.0,58635000.0,58.635,0,0,0
Australia,2032,0,0.0,0.0,58635000.0,58.635,0,0,0
Australia,2033,0,0.0,0.0,58635000.0,58.635,0,0,0
Australia,2034,0,0.0,0.0,58635000.0,58.635,0,0,0
Australia,2035,0,0.0,0.0,58635000.0,58.635,0,0,0
Australia and New Zealand,2010,1,800000.0,0.8,800000.0,0.8,0,1,0
Australia and New Zealand,2011,0,0.0,0.0,800000.0,0.8,0,0,0
Australia and New Zealand,2012,0,0.0,0.0,800000.0,0.8,0,0,0
Australia and New Zealand,2013,0,0.0,0.0,800000.0,0.8,0,0,0
Australia and New Zealand,2014,0,0.0,0.0,800000.0,0.8,0,0,0
Australia and New Zealand,2015,0,0.0,0.0,800000.0,0.8,0,0,0
Australia and New Zealand,2016,0,0.0,0.0,800000.0,0.8,0,0,0
Australia and New Zealand,2017,0,0.0,0.0,800000.0,0.8,0,0,0
Australia and New Zealand,2018,2,1000000.0,1.0,1800000.0,1.8,0,2,0
Australia and New Zealand,2019,1,1600000.0,1.6,3400000.0,3.4,1,0,0
Australia and New Zealand,2020,0,0.0,0.0,3400000.0,3.4,0,0,0
Australia and New Zealand,2021,6,22700000.0,22.7,26100000.0,26.1,0,4,0
Australia and New Zealand,2022,7,5850000.0,5.85,31950000.0,31.95,0,6,0
Australia and New Zealand,2023,3,500000.0,0.5,32450000.0,32.45,0,3,0
Australia and New Zealand,2024,6,2200000.0,2.2,34650000.0,34.65,1,5,0
Australia and New Zealand,2025,5,2825000.0,2.825,37475000.0,37.475,0,3,0
Australia and New Zealand,2026,1,110000.0,0.11,37585000.0,37.585,0,0,0
Australia and New Zealand,2027,1,100000.0,0.1,37685000.0,37.685,0,1,0
Australia and New Zealand,2028,9,14150000.0,14.15,51835000.0,51.835,0,9,0
Australia and New Zealand,2029,1,0.0,0.0,51835000.0,51.835,0,1,0
Australia and New Zealand,2030,7,21100000.0,21.1,72935000.0,72.935,0,6,0
Australia and New Zealand,2031,0,0.0,0.0,72935000.0,72.935,0,0,0
Australia and New Zealand,2032,0,0.0,0.0,72935000.0,72.935,0,0,0
Australia and New Zealand,2033,0,0.0,0.0,72935000.0,72.935,0,0,0
Australia and New Zealand,2034,0,0.0,0.0,72935000.0,72.935,0,0,0
Australia and New Zealand,2035,1,5000000.0,5.0,77935000.0,77.935,0,1,0
Australia and Other Asia Pacific,2010,0,0.0,0.0,0.0,0.0,0,0,0
Australia and Other Asia Pacific,2011,0,0.0,0.0,0.0,0.0,0,0,0
Australia and Other Asia Pacific,2012,0,0.0,0.0,0.0,0.0,0,0,0
Australia and Other Asia Pacific,2013,0,0.0,0.0,0.0,0.0,0,0,0
Australia and Other Asia Pacific,2014,0,0.0,0.0,0.0,0.0,0,0,0
Australia and Other Asia Pacific,2015,0,0.0,0.0,0.0,0.0,0,0,0
Australia and Other Asia Pacific,2016,0,0.0,0.0,0.0,0.0,0,0,0
Australia and Other Asia Pacific,2017,0,0.0,0.0,0.0,0.0,0,0,0
Australia and Other Asia Pacific,2018,0,0.0,0.0,0.0,0.0,0,0,0
Australia and Other Asia Pacific,2019,0,0.0,0.0,0.0,0.0,0,0,0
Australia and Other Asia Pacific,2020,0,0.0,0.0,0.0,0.0,0,0,0
Australia and Other Asia Pacific,2021,0,0.0,0.0,0.0,0.0,0,0,0
Australia and Other Asia Pacific,2022,1,2500000.0,2.5,2500000.0,2.5,0,1,0
Australia and Other Asia Pacific,2023,0,0.0,0.0,2500000.0,2.5,0,0,0
Australia and Other Asia Pacific,2024,0,0.0,0.0,2500000.0,2.5,0,0,0
Australia and Other Asia Pacific,2025,0,0.0,0.0,2500000.0,2.5,0,0,0
Australia and Other Asia Pacific,2026,0,0.0,0.0,2500000.0,2.5,0,0,0
Australia and Other Asia Pacific,2027,0,0.0,0.0,2500000.0,2.5,0,0,0
Australia and Other Asia Pacific,2028,0,0.0,0.0,2500000.0,2.5,0,0,0
Australia and Other Asia Pacific,2029,0,0.0,0.0,2500000.0,2.5,0,0,0
Australia and Other Asia Pacific,2030,0,0.0,0.0,2500000.0,2.5,0,0,0
Australia and Other Asia Pacific,2031,0,0.0,0.0,2500000.0,2.5,0,0,0
Australia and Other Asia Pacific,2032,0,0.0,0.0,2500000.0,2.5,0,0,0
Australia and Other Asia Pacific,2033,0,0.0,0.0,2500000.0,2.5,0,0,0
Australia and Other Asia Pacific,2034,0,0.0,0.0,2500000.0,2.5,0,0,0
Australia and Other Asia Pacific,2035,0,0.0,0.0,2500000.0,2.5,0,0,0
Australia-Japan,2010,0,0.0,0.0,0.0,0.0,0,0,0
Australia-Japan,2011,0,0.0,0.0,0.0,0.0,0,0,0
Australia-Japan,2012,0,0.0,0.0,0.0,0.0,0,0,0
Australia-Japan,2013,0,0.0,0.0,0.0,0.0,0,0,0
Australia-Japan,2014,0,0.0,0.0,0.0,0.0,0,0,0
Australia-Japan,2015,0,0.0,0.0,0.0,0.0,0,0,0
Australia-Japan,2016,0,0.0,0.0,0.0,0.0,0,0,0
Australia-Japan,2017,0,0.0,0.0,0.0,0.0,0,0,0
Australia-Japan,2018,0,0.0,0.0,0.0,0.0,0,0,0
Australia-Japan,2019,0,0.0,0.0,0.0,0.0,0,0,0
Australia-Japan,2020,0,0.0,0.0,0.0,0.0,0,0,0
Australia-Japan,2021,0,0.0,0.0,0.0,0.0,0,0,0
Australia-Japan,2022,0,0.0,0.0,0.0,0.0,0,0,0
Australia-Japan,2023,0,0.0,0.0,0.0,0.0,0,0,0
Australia-Japan,2024,1,0.0,0.0,0.0,0.0,0,1,0
Australia-Japan,2025,0,0.0,0.0,0.0,0.0,0,0,0
Australia-Japan,2026,0,0.0,0.0,0.0,0.0,0,0,0
Australia-Japan,2027,0,0.0,0.0,0.0,0.0,0,0,0
Australia-Japan,2028,0,0.0,0.0,0.0,0.0,0,0,0
Australia-Japan,2029,0,0.0,0.0,0.0,0.0,0,0,0
Australia-Japan,2030,0,0.0,0.0,0.0,0.0,0,0,0
Australia-Japan,2031,0,0.0,0.0,0.0,0.0,0,0,0
Australia-Japan,2032,0,0.0,0.0,0.0,0.0,0,0,0
Australia-Japan,2033,0,0.0,0.0,0.0,0.0,0,0,0
Australia-Japan,2034,0,0.0,0.0,0.0,0.0,0,0,0
Australia-Japan,2035,1,5000000.0,5.0,5000000.0,5.0,0,1,0
Australia-Timor Leste,2010,0,0.0,0.0,0.0,0.0,0,0,0
Australia-Timor Leste,2011,0,0.0,0.0,0.0,0.0,0,0,0
Australia-Timor Leste,2012,0,0.0,0.0,0.0,0.0,0,0,0
Australia-Timor Leste,2013,0,0.0,0.0,0.0,0.0,0,0,0
Australia-Timor Leste,2014,0,0.0,0.0,0.0,0.0,0,0,0
Australia-Timor Leste,2015,0,0.0,0.0,0.0,0.0,0,0,0
Australia-Timor Leste,2016,0,0.0,0.0,0.0,0.0,0,0,0
Australia-Timor Leste,2017,0,0.0,0.0,0.0,0.0,0,0,0
Australia-Timor Leste,2018,0,0.0,0.0,0.0,0.0,0,0,0
Australia-Timor Leste,2019,0,0.0,0.0,0.0,0.0,0,0,0
Australia-Timor Leste,2020,0,0.0,0.0,0.0,0.0,0,0,0
Australia-Timor Leste,2021,1,7700000.0,7.7,7700000.0,7.7,0,1,0
Australia-Timor Leste,2022,0,0.0,0.0,7700000.0,7.7,0,0,0
Australia-Timor Leste,2023,0,0.0,0.0,7700000.0,7.7,0,0,0
Australia-Timor Leste,2024,0,0.0,0.0,7700000.0,7.7,0,0,0
Australia-Timor Leste,2025,0,0.0,0.0,7700000.0,7.7,0,0,0
Australia-Timor Leste,2026,0,0.0,0.0,7700000.0,7.7,0,0,0
Australia-Timor Leste,2027,0,0.0,0.0,7700000.0,7.7,0,0,0
Australia-Timor Leste,2028,1,2300000.0,2.3,10000000.0,10.0,0,1,0
Australia-Timor Leste,2029,0,0.0,0.0,10000000.0,10.0,0,0,0
Australia-Timor Leste,2030,0,0.0,0.0,10000000.0,10.0,0,0,0
Australia-Timor Leste,2031,0,0.0,0.0,10000000.0,10.0,0,0,0
Australia-Timor Leste,2032,0,0.0,0.0,10000000.0,10.0,0,0,0
Australia-Timor Leste,2033,0,0.0,0.0,10000000.0,10.0,0,0,0
Australia-Timor Leste,2034,0,0.0,0.0,10000000.0,10.0,0,0,0
Australia-Timor Leste,2035,0,0.0,0.0,10000000.0,10.0,0,0,0
Austria,2010,0,0.0,0.0,0.0,0.0,0,0,0
Austria,2011,0,0.0,0.0,0.0,0.0,0,0,0
Austria,2012,0,0.0,0.0,0.0,0.0,0,0,0
Austria,2013,0,0.0,0.0,0.0,0.0,0,0,0
Austria,2014,0,0.0,0.0,0.0,0.0,0,0,0
Austria,2015,0,0.0,0.0,0.0,0.0,0,0,0
Austria,2016,0,0.0,0.0,0.0,0.0,0,0,0
Austria,2017,0,0.0,0.0,0.0,0.0,0,0,0
Austria,2018,0,0.0,0.0,0.0,0.0,0,0,0
Austria,2019,0,0.0,0.0,0.0,0.0,0,0,0
Austria,2020,0,0.0,0.0,0.0,0.0,0,0,0
Austria,2021,0,0.0,0.0,0.0,0.0,0,0,0
Austria,2022,0,0.0,0.0,0.0,0.0,0,0,0
Austria,2023,0,0.0,0.0,0.0,0.0,0,0,0
Austria,2024,0,0.0,0.0,0.0,0.0,0,0,0
Austria,2025,0,0.0,0.0,0.0,0.0,0,0,0
Austria,2026,0,0.0,0.0,0.0,0.0,0,0,0
Austria,2027,0,0.0,0.0,0.0,0.0,0,0,0
Austria,2028,0,0.0,0.0,0.0,0.0,0,0,0
Austria,2029,0,0.0,0.0,0.0,0.0,0,0,0
Austria,2030,1,750000.0,0.75,750000.0,0.75,0,1,0
Austria,2031,0,0.0,0.0,750000.0,0.75,0,0,0
Austria,2032,0,0.0,0.0,750000.0,0.75,0,0,0
Austria,2033,0,0.0,0.0,750000.0,0.75,0,0,0
Austria,2034,0,0.0,0.0,750000.0,0.75,0,0,0
Austria,2035,0,0.0,0.0,750000.0,0.75,0,0,0
Bahrain,2010,0,0.0,0.0,0.0,0.0,0,0,0
Bahrain,2011,0,0.0,0.0,0.0,0.0,0,0,0
Bahrain,2012,0,0.0,0.0,0.0,0.0,0,0,0
Bahrain,2013,0,0.0,0.0,0.0,0.0,0,0,0
Bahrain,2014,0,0.0,0.0,0.0,0.0,0,0,0
Bahrain,2015,0,0.0,0.0,0.0,0.0,0,0,0
Bahrain,2016,0,0.0,0.0,0.0,0.0,0,0,0
Bahrain,2017,0,0.0,0.0,0.0,0.0,0,0,0
Bahrain,2018,0,0.0,0.0,0.0,0.0,0,0,0
Bahrain,2019,0,0.0,0.0,0.0,0.0,0,0,0
Bahrain,2020,0,0.0,0.0,0.0,0.0,0,0,0
Bahrain,2021,0,0.0,0.0,0.0,0.0,0,0,0
Bahrain,2022,0,0.0,0.0,0.0,0.0,0,0,0
Bahrain,2023,1,0.0,0.0,0.0,0.0,0,1,0
Bahrain,2024,0,0.0,0.0,0.0,0.0,0,0,0
Bahrain,2025,0,0.0,0.0,0.0,0.0,0,0,0
Bahrain,2026,0,0.0,0.0,0.0,0.0,0,0,0
Bahrain,2027,0,0.0,0.0,0.0,0.0,0,0,0
Bahrain,2028,0,0.0,0.0,0.0,0.0,0,0,0
Bahrain,2029,0,0.0,0.0,0.0,0.0,0,0,0
Bahrain,2030,0,0.0,0.0,0.0,0.0,0,0,0
Bahrain,2031,0,0.0,0.0,0.0,0.0,0,0,0
Bahrain,2032,0,0.0,0.0,0.0,0.0,0,0,0
Bahrain,2033,0,0.0,0.0,0.0,0.0,0,0,0
Bahrain,2034,0,0.0,0.0,0.0,0.0,0,0,0
Bahrain,2035,0,0.0,0.0,0.0,0.0,0,0,0
Belgium-Germany,2010,0,0.0,0.0,0.0,0.0,0,0,0
Belgium-Germany,2011,0,0.0,0.0,0.0,0.0,0,0,0
Belgium-Germany,2012,0,0.0,0.0,0.0,0.0,0,0,0
Belgium-Germany,2013,0,0.0,0.0,0.0,0.0,0,0,0
Belgium-Germany,2014,0,0.0,0.0,0.0,0.0,0,0,0
Belgium-Germany,2015,0,0.0,0.0,0.0,0.0,0,0,0
Belgium-Germany,2016,0,0.0,0.0,0.0,0.0,0,0,0
Belgium-Germany,2017,0,0.0,0.0,0.0,0.0,0,0,0
Belgium-Germany,2018,0,0.0,0.0,0.0,0.0,0,0,0
Belgium-Germany,2019,0,0.0,0.0,0.0,0.0,0,0,0
Belgium-Germany,2020,0,0.0,0.0,0.0,0.0,0,0,0
Belgium-Germany,2021,0,0.0,0.0,0.0,0.0,0,0,0
Belgium-Germany,2022,0,0.0,0.0,0.0,0.0,0,0,0
Belgium-Germany,2023,0,0.0,0.0,0.0,0.0,0,0,0
Belgium-Germany,2024,0,0.0,0.0,0.0,0.0,0,0,0
Belgium-Germany,2025,0,0.0,0.0,0.0,0.0,0,0,0
Belgium-Germany,2026,0,0.0,0.0,0.0,0.0,0,0,0
Belgium-Germany,2027,0,0.0,0.0,0.0,0.0,0,0,0
Belgium-Germany,2028,0,0.0,0.0,0.0,0.0,0,0,0
Belgium-Germany,2029,0,0.0,0.0,0.0,0.0,0,0,0
Belgium-Germany,2030,1,20000000.0,20.0,20000000.0,20.0,0,1,0
Belgium-Germany,2031,0,0.0,0.0,20000000.0,20.0,0,0,0
Belgium-Germany,2032,0,0.0,0.0,20000000.0,20.0,0,0,0
Belgium-Germany,2033,0,0.0,0.0,20000000.0,20.0,0,0,0
Belgium-Germany,2034,0,0.0,0.0,20000000.0,20.0,0,0,0
Belgium-Germany,2035,0,0.0,0.0,20000000.0,20.0,0,0,0
Belgium-Netherlands,2010,0,0.0,0.0,0.0,0.0,0,0,0
Belgium-Netherlands,2011,0,0.0,0.0,0.0,0.0,0,0,0
Belgium-Netherlands,2012,0,0.0,0.0,0.0,0.0,0,0,0
Belgium-Netherlands,2013,0,0.0,0.0,0.0,0.0,0,0,0
Belgium-Netherlands,2014,0,0.0,0.0,0.0,0.0,0,0,0
Belgium-Netherlands,2015,0,0.0,0.0,0.0,0.0,0,0,0
Belgium-Netherlands,2016,0,0.0,0.0,0.0,0.0,0,0,0
Belgium-Netherlands,2017,0,0.0,0.0,0.0,0.0,0,0,0
Belgium-Netherlands,2018,0,0.0,0.0,0.0,0.0,0,0,0
Belgium-Netherlands,2019,0,0.0,0.0,0.0,0.0,0,0,0
Belgium-Netherlands,2020,0,0.0,0.0,0.0,0.0,0,0,0
Belgium-Netherlands,2021,0,0.0,0.0,0.0,0.0,0,0,0
Belgium-Netherlands,2022,1,5000000.0,5.0,5000000.0,5.0,0,1,0
Belgium-Netherlands,2023,0,0.0,0.0,5000000.0,5.0,0,0,0
Belgium-Netherlands,2024,0,0.0,0.0,5000000.0,5.0,0,0,0
Belgium-Netherlands,2025,0,0.0,0.0,5000000.0,5.0,0,0,0
Belgium-Netherlands,2026,0,0.0,0.0,5000000.0,5.0,0,0,0
Belgium-Netherlands,2027,0,0.0,0.0,5000000.0,5.0,0,0,0
Belgium-Netherlands,2028,0,0.0,0.0,5000000.0,5.0,0,0,0
Belgium-Netherlands,2029,0,0.0,0.0,5000000.0,5.0,0,0,0
Belgium-Netherlands,2030,0,0.0,0.0,5000000.0,5.0,0,0,0
Belgium-Netherlands,2031,0,0.0,0.0,5000000.0,5.0,0,0,0
Belgium-Netherlands,2032,0,0.0,0.0,5000000.0,5.0,0,0,0
Belgium-Netherlands,2033,0,0.0,0.0,5000000.0,5.0,0,0,0
Belgium-Netherlands,2034,0,0.0,0.0,5000000.0,5.0,0,0,0
Belgium-Netherlands,2035,0,0.0,0.0,5000000.0,5.0,0,0,0
Belgium-United Kingdom,2010,0,0.0,0.0,0.0,0.0,0,0,0
Belgium-United Kingdom,2011,0,0.0,0.0,0.0,0.0,0,0,0
Belgium-United Kingdom,2012,0,0.0,0.0,0.0,0.0,0,0,0
Belgium-United Kingdom,2013,0,0.0,0.0,0.0,0.0,0,0,0
Belgium-United Kingdom,2014,0,0.0,0.0,0.0,0.0,0,0,0
Belgium-United Kingdom,2015,0,0.0,0.0,0.0,0.0,0,0,0
Belgium-United Kingdom,2016,0,0.0,0.0,0.0,0.0,0,0,0
Belgium-United Kingdom,2017,0,0.0,0.0,0.0,0.0,0,0,0
Belgium-United Kingdom,2018,0,0.0,0.0,0.0,0.0,0,0,0
Belgium-United Kingdom,2019,0,0.0,0.0,0.0,0.0,0,0,0
Belgium-United Kingdom,2020,0,0.0,0.0,0.0,0.0,0,0,0
Belgium-United Kingdom,2021,0,0.0,0.0,0.0,0.0,0,0,0
Belgium-United Kingdom,2022,0,0.0,0.0,0.0,0.0,0,0,0
Belgium-United Kingdom,2023,0,0.0,0.0,0.0,0.0,0,0,0
Belgium-United Kingdom,2024,0,0.0,0.0,0.0,0.0,0,0,0
Belgium-United Kingdom,2025,0,0.0,0.0,0.0,0.0,0,0,0
Belgium-United Kingdom,2026,0,0.0,0.0,0.0,0.0,0,0,0
Belgium-United Kingdom,2027,0,0.0,0.0,0.0,0.0,0,0,0
Belgium-United Kingdom,2028,0,0.0,0.0,0.0,0.0,0,0,0
Belgium-United Kingdom,2029,0,0.0,0.0,0.0,0.0,0,0,0
Belgium-United Kingdom,2030,0,0.0,0.0,0.0,0.0,0,0,0
Belgium-United Kingdom,2031,0,0.0,0.0,0.0,0.0,0,0,0
Belgium-United Kingdom,2032,1,20000000.0,20.0,20000000.0,20.0,0,1,0
Belgium-United Kingdom,2033,0,0.0,0.0,20000000.0,20.0,0,0,0
Belgium-United Kingdom,2034,0,0.0,0.0,20000000.0,20.0,0,0,0
Belgium-United Kingdom,2035,0,0.0,0.0,20000000.0,20.0,0,0,0
Brazil,2010,0,0.0,0.0,0.0,0.0,0,0,0
Brazil,2011,0,0.0,0.0,0.0,0.0,0,0,0
Brazil,2012,0,0.0,0.0,0.0,0.0,0,0,0
Brazil,2013,1,14200000.0,14.2,14200000.0,14.2,1,0,0
Brazil,2014,0,0.0,0.0,14200000.0,14.2,0,0,0
Brazil,2015,0,0.0,0.0,14200000.0,14.2,0,0,0
Brazil,2016,0,0.0,0.0,14200000.0,14.2,0,0,0
Brazil,2017,0,0.0,0.0,14200000.0,14.2,0,0,0
Brazil,2018,0,0.0,0.0,14200000.0,14.2,0,0,0
Brazil,2019,0,0.0,0.0,14200000.0,14.2,0,0,0
Brazil,2020,0,0.0,0.0,14200000.0,14.2,0,0,0
Brazil,2021,0,0.0,0.0,14200000.0,14.2,0,0,0
Brazil,2022,0,0.0,0.0,14200000.0,14.2,0,0,0
Brazil,2023,1,0.0,0.0,14200000.0,14.2,0,1,0
Brazil,2024,1,0.0,0.0,14200000.0,14.2,0,1,0
Brazil,2025,0,0.0,0.0,14200000.0,14.2,0,0,0
Brazil,2026,0,0.0,0.0,14200000.0,14.2,0,0,0
Brazil,2027,1,5000.0,0.005,14205000.0,14.205,0,1,0
Brazil,2028,0,0.0,0.0,14205000.0,14.205,0,0,0
Brazil,2029,0,0.0,0.0,14205000.0,14.205,0,0,0
Brazil,2030,1,423000.0,0.423,14628000.0,14.628,0,1,0
Brazil,2031,0,0.0,0.0,14628000.0,14.628,0,0,0
Brazil,2032,0,0.0,0.0,14628000.0,14.628,0,0,0
Brazil,2033,0,0.0,0.0,14628000.0,14.628,0,0,0
Brazil,2034,0,0.0,0.0,14628000.0,14.628,0,0,0
Brazil,2035,0,0.0,0.0,14628000.0,14.628,0,0,0
Bulgaria,2010,0,0.0,0.0,0.0,0.0,0,0,0
Bulgaria,2011,0,0.0,0.0,0.0,0.0,0,0,0
Bulgaria,2012,0,0.0,0.0,0.0,0.0,0,0,0
Bulgaria,2013,0,0.0,0.0,0.0,0.0,0,0,0
Bulgaria,2014,0,0.0,0.0,0.0,0.0,0,0,0
Bulgaria,2015,0,0.0,0.0,0.0,0.0,0,0,0
Bulgaria,2016,0,0.0,0.0,0.0,0.0,0,0,0
Bulgaria,2017,0,0.0,0.0,0.0,0.0,0,0,0
Bulgaria,2018,0,0.0,0.0,0.0,0.0,0,0,0
Bulgaria,2019,0,0.0,0.0,0.0,0.0,0,0,0
Bulgaria,2020,0,0.0,0.0,0.0,0.0,0,0,0
Bulgaria,2021,0,0.0,0.0,0.0,0.0,0,0,0
Bulgaria,2022,0,0.0,0.0,0.0,0.0,0,0,0
Bulgaria,2023,0,0.0,0.0,0.0,0.0,0,0,0
Bulgaria,2024,1,0.0,0.0,0.0,0.0,0,1,0
Bulgaria,2025,0,0.0,0.0,0.0,0.0,0,0,0
Bulgaria,2026,0,0.0,0.0,0.0,0.0,0,0,0
Bulgaria,2027,0,0.0,0.0,0.0,0.0,0,0,0
Bulgaria,2028,1,800000.0,0.8,800000.0,0.8,0,1,0
Bulgaria,2029,0,0.0,0.0,800000.0,0.8,0,0,0
Bulgaria,2030,0,0.0,0.0,800000.0,0.8,0,0,0
Bulgaria,2031,0,0.0,0.0,800000.0,0.8,0,0,0
Bulgaria,2032,0,0.0,0.0,800000.0,0.8,0,0,0
Bulgaria,2033,0,0.0,0.0,800000.0,0.8,0,0,0
Bulgaria,2034,0,0.0,0.0,800000.0,0.8,0,0,0
Bulgaria,2035,0,0.0,0.0,800000.0,0.8,0,0,0
Canada,2010,0,0.0,0.0,0.0,0.0,0,0,0
Canada,2011,0,0.0,0.0,0.0,0.0,0,0,0
Canada,2012,0,0.0,0.0,0.0,0.0,0,0,0
Canada,2013,0,0.0,0.0,0.0,0.0,0,0,0
Canada,2014,1,1000000.0,1.0,1000000.0,1.0,1,0,0
Canada,2015,1,1000000.0,1.0,2000000.0,2.0,1,0,0
Canada,2016,0,0.0,0.0,2000000.0,2.0,0,0,0
Canada,2017,1,400000.0,0.4,2400000.0,2.4,1,0,0
Canada,2018,1,2000000.0,2.0,4400000.0,4.4,0,0,0
Canada,2019,0,0.0,0.0,4400000.0,4.4,0,0,0
Canada,2020,5,20700000.0,20.7,25100000.0,25.1,5,0,0
Canada,2021,8,14693000.0,14.693,39793000.0,39.793,0,7,0
Canada,2022,17,26500000.0,26.5,66293000.0,66.293,0,14,0
Canada,2023,4,0.0,0.0,66293000.0,66.293,0,3,0
Canada,2024,3,146000.0,0.146,66439000.0,66.439,0,2,1
Canada,2025,5,1704000.0,1.704,68143000.0,68.143,2,1,0
Canada,2026,5,7732000.0,7.732,75875000.0,75.875,0,1,4
Canada,2027,15,26275000.0,26.275,102150000.0,102.15,0,13,0
Canada,2028,15,33598000.0,33.598,135748000.0,135.748,0,12,3
Canada,2029,3,8000000.0,8.0,143748000.0,143.748,0,2,1
Canada,2030,4,51400000.0,51.4,195148000.0,195.148,0,4,0
Canada,2031,0,0.0,0.0,195148000.0,195.148,0,0,0
Canada,2032,0,0.0,0.0,195148000.0,195.148,0,0,0
Canada,2033,0,0.0,0.0,195148000.0,195.148,0,0,0
Canada,2034,1,1180000.0,1.18,196328000.0,196.328,0,1,0
Canada,2035,0,0.0,0.0,196328000.0,196.328,0,0,0
Central and South America,2010,0,0.0,0.0,0.0,0.0,0,0,0
Central and South America,2011,0,0.0,0.0,0.0,0.0,0,0,0
Central and South America,2012,0,0.0,0.0,0.0,0.0,0,0,0
Central and South America,2013,1,14200000.0,14.2,14200000.0,14.2,1,0,0
Central and South America,2014,0,0.0,0.0,14200000.0,14.2,0,0,0
Central and South America,2015,0,0.0,0.0,14200000.0,14.2,0,0,0
Central and South America,2016,0,0.0,0.0,14200000.0,14.2,0,0,0
Central and South America,2017,0,0.0,0.0,14200000.0,14.2,0,0,0
Central and South America,2018,0,0.0,0.0,14200000.0,14.2,0,0,0
Central and South America,2019,0,0.0,0.0,14200000.0,14.2,0,0,0
Central and South America,2020,0,0.0,0.0,14200000.0,14.2,0,0,0
Central and South America,2021,1,230000.0,0.23,14430000.0,14.43,0,1,0
Central and South America,2022,0,0.0,0.0,14430000.0,14.43,0,0,0
Central and South America,2023,1,0.0,0.0,14430000.0,14.43,0,1,0
Central and South America,2024,1,0.0,0.0,14430000.0,14.43,0,1,0
Central and South America,2025,0,0.0,0.0,14430000.0,14.43,0,0,0
Central and South America,2026,0,0.0,0.0,14430000.0,14.43,0,0,0
Central and South America,2027,2,155000.0,0.155,14585000.0,14.585,0,2,0
Central and South America,2028,0,0.0,0.0,14585000.0,14.585,0,0,0
Central and South America,2029,0,0.0,0.0,14585000.0,14.585,0,0,0
Central and South America,2030,1,423000.0,0.423,15008000.0,15.008,0,1,0
Central and South America,2031,0,0.0,0.0,15008000.0,15.008,0,0,0
Central and South America,2032,0,0.0,0.0,15008000.0,15.008,0,0,0
Central and South America,2033,0,0.0,0.0,15008000.0,15.008,0,0,0
Central and South America,2034,0,0.0,0.0,15008000.0,15.008,0,0,0
Central and South America,2035,0,0.0,0.0,15008000.0,15.008,0,0,0
Chile,2010,0,0.0,0.0,0.0,0.0,0,0,0
Chile,2011,0,0.0,0.0,0.0,0.0,0,0,0
Chile,2012,0,0.0,0.0,0.0,0.0,0,0,0
Chile,2013,0,0.0,0.0,0.0,0.0,0,0,0
Chile,2014,0,0.0,0.0,0.0,0.0,0,0,0
Chile,2015,0,0.0,0.0,0.0,0.0,0,0,0
Chile,2016,0,0.0,0.0,0.0,0.0,0,0,0
Chile,2017,0,0.0,0.0,0.0,0.0,0,0,0
Chile,2018,0,0.0,0.0,0.0,0.0,0,0,0
Chile,2019,0,0.0,0.0,0.0,0.0,0,0,0
Chile,2020,0,0.0,0.0,0.0,0.0,0,0,0
Chile,2021,1,230000.0,0.23,230000.0,0.23,0,1,0
Chile,2022,0,0.0,0.0,230000.0,0.23,0,0,0
Chile,2023,0,0.0,0.0,230000.0,0.23,0,0,0
Chile,2024,0,0.0,0.0,230000.0,0.23,0,0,0
Chile,2025,0,0.0,0.0,230000.0,0.23,0,0,0
Chile,2026,0,0.0,0.0,230000.0,0.23,0,0,0
Chile,2027,0,0.0,0.0,230000.0,0.23,0,0,0
Chile,2028,0,0.0,0.0,230000.0,0.23,0,0,0
Chile,2029,0,0.0,0.0,230000.0,0.23,0,0,0
Chile,2030,0,0.0,0.0,230000.0,0.23,0,0,0
Chile,2031,0,0.0,0.0,230000.0,0.23,0,0,0
Chile,2032,0,0.0,0.0,230000.0,0.23,0,0,0
Chile,2033,0,0.0,0.0,230000.0,0.23,0,0,0
Chile,2034,0,0.0,0.0,230000.0,0.23,0,0,0
Chile,2035,0,0.0,0.0,230000.0,0.23,0,0,0
China,2010,0,0.0,0.0,0.0,0.0,0,0,0
China,2011,0,0.0,0.0,0.0,0.0,0,0,0
China,2012,0,0.0,0.0,0.0,0.0,0,0,0
China,2013,0,0.0,0.0,0.0,0.0,0,0,0
China,2014,0,0.0,0.0,0.0,0.0,0,0,0
China,2015,0,0.0,0.0,0.0,0.0,0,0,0
China,2016,0,0.0,0.0,0.0,0.0,0,0,0
China,2017,0,0.0,0.0,0.0,0.0,0,0,0
China,2018,0,0.0,0.0,0.0,0.0,0,0,0
China,2019,0,0.0,0.0,0.0,0.0,0,0,0
China,2020,0,0.0,0.0,0.0,0.0,0,0,0
China,2021,0,0.0,0.0,0.0,0.0,0,0,0
China,2022,0,0.0,0.0,0.0,0.0,0,0,0
China,2023,0,0.0,0.0,0.0,0.0,0,0,0
China,2024,0,0.0,0.0,0.0,0.0,0,0,0
China,2025,0,0.0,0.0,0.0,0.0,0,0,0
China,2026,0,0.0,0.0,0.0,0.0,0,0,0
China,2027,0,0.0,0.0,0.0,0.0,0,0,0
China,2028,0,0.0,0.0,0.0,0.0,0,0,0
China,2029,0,0.0,0.0,0.0,0.0,0,0,0
China,2030,0,0.0,0.0,0.0,0.0,0,0,0
China,2031,0,0.0,0.0,0.0,0.0,0,0,0
China,2032,0,0.0,0.0,0.0,0.0,0,0,0
China,2033,0,0.0,0.0,0.0,0.0,0,0,0
China,2034,0,0.0,0.0,0.0,0.0,0,0,0
China,2035,0,0.0,0.0,0.0,0.0,0,0,0
Chinese Taipei,2010,0,0.0,0.0,0.0,0.0,0,0,0
Chinese Taipei,2011,0,0.0,0.0,0.0,0.0,0,0,0
Chinese Taipei,2012,0,0.0,0.0,0.0,0.0,0,0,0
Chinese Taipei,2013,0,0.0,0.0,0.0,0.0,0,0,0
Chinese Taipei,2014,0,0.0,0.0,0.0,0.0,0,0,0
Chinese Taipei,2015,0,0.0,0.0,0.0,0.0,0,0,0
Chinese Taipei,2016,0,0.0,0.0,0.0,0.0,0,0,0
Chinese Taipei,2017,0,0.0,0.0,0.0,0.0,0,0,0
Chinese Taipei,2018,0,0.0,0.0,0.0,0.0,0,0,0
Chinese Taipei,2019,0,0.0,0.0,0.0,0.0,0,0,0
Chinese Taipei,2020,0,0.0,0.0,0.0,0.0,0,0,0
Chinese Taipei,2021,0,0.0,0.0,0.0,0.0,0,0,0
Chinese Taipei,2022,0,0.0,0.0,0.0,0.0,0,0,0
Chinese Taipei,2023,0,0.0,0.0,0.0,0.0,0,0,0
Chinese Taipei,2024,0,0.0,0.0,0.0,0.0,0,0,0
Chinese Taipei,2025,0,0.0,0.0,0.0,0.0,0,0,0
Chinese Taipei,2026,0,0.0,0.0,0.0,0.0,0,0,0
Chinese Taipei,2027,0,0.0,0.0,0.0,0.0,0,0,0
Chinese Taipei,2028,1,100000.0,0.1,100000.0,0.1,0,1,0
Chinese Taipei,2029,0,0.0,0.0,100000.0,0.1,0,0,0
Chinese Taipei,2030,1,100000.0,0.1,200000.0,0.2,0,1,0
Chinese Taipei,2031,0,0.0,0.0,200000.0,0.2,0,0,0
Chinese Taipei,2032,0,0.0,0.0,200000.0,0.2,0,0,0
Chinese Taipei,2033,0,0.0,0.0,200000.0,0.2,0,0,0
Chinese Taipei,2034,0,0.0,0.0,200000.0,0.2,0,0,0
Chinese Taipei,2035,0,0.0,0.0,200000.0,0.2,0,0,0
Croatia,2010,0,0.0,0.0,0.0,0.0,0,0,0
Croatia,2011,0,0.0,0.0,0.0,0.0,0,0,0
Croatia,2012,0,0.0,0.0,0.0,0.0,0,0,0
Croatia,2013,0,0.0,0.0,0.0,0.0,0,0,0
Croatia,2014,0,0.0,0.0,0.0,0.0,0,0,0
Croatia,2015,0,0.0,0.0,0.0,0.0,0,0,0
Croatia,2016,0,0.0,0.0,0.0,0.0,0,0,0
Croatia,2017,0,0.0,0.0,0.0,0.0,0,0,0
Croatia,2018,0,0.0,0.0,0.0,0.0,0,0,0
Croatia,2019,0,0.0,0.0,0.0,0.0,0,0,0
Croatia,2020,1,0.0,0.0,0.0,0.0,1,0,0
Croatia,2021,1,460000.0,0.46,460000.0,0.46,0,1,0
Croatia,2022,0,0.0,0.0,460000.0,0.46,0,0,0
Croatia,2023,0,0.0,0.0,460000.0,0.46,0,0,0
Croatia,2024,0,0.0,0.0,460000.0,0.46,0,0,0
Croatia,2025,0,0.0,0.0,460000.0,0.46,0,0,0
Croatia,2026,0,0.0,0.0,460000.0,0.46,0,0,0
Croatia,2027,1,190000.0,0.19,650000.0,0.65,0,1,0
Croatia,2028,1,366000.0,0.366,1016000.0,1.016,0,1,0
Croatia,2029,1,739000.0,0.739,1755000.0,1.755,0,1,0
Croatia,2030,0,0.0,0.0,1755000.0,1.755,0,0,0
Croatia,2031,1,630000.0,0.63,2385000.0,2.385,0,1,0
Croatia,2032,0,0.0,0.0,2385000.0,2.385,0,0,0
Croatia,2033,0,0.0,0.0,2385000.0,2.385,0,0,0
Croatia,2034,0,0.0,0.0,2385000.0,2.385,0,0,0
Croatia,2035,0,0.0,0.0,2385000.0,2.385,0,0,0
Eurasia,2010,1,0.0,0.0,0.0,0.0,0,1,0
Eurasia,2011,0,0.0,0.0,0.0,0.0,0,0,0
Eurasia,2012,0,0.0,0.0,0.0,0.0,0,0,0
Eurasia,2013,0,0.0,0.0,0.0,0.0,0,0,0
Eurasia,2014,0,0.0,0.0,0.0,0.0,0,0,0
Eurasia,2015,0,0.0,0.0,0.0,0.0,0,0,0
Eurasia,2016,0,0.0,0.0,0.0,0.0,0,0,0
Eurasia,2017,0,0.0,0.0,0.0,0.0,0,0,0
Eurasia,2018,0,0.0,0.0,0.0,0.0,0,0,0
Eurasia,2019,0,0.0,0.0,0.0,0.0,0,0,0
Eurasia,2020,0,0.0,0.0,0.0,0.0,0,0,0
Eurasia,2021,0,0.0,0.0,0.0,0.0,0,0,0
Eurasia,2022,0,0.0,0.0,0.0,0.0,0,0,0
Eurasia,2023,0,0.0,0.0,0.0,0.0,0,0,0
Eurasia,2024,1,0.0,0.0,0.0,0.0,0,1,0
Eurasia,2025,0,0.0,0.0,0.0,0.0,0,0,0
Eurasia,2026,0,0.0,0.0,0.0,0.0,0,0,0
Eurasia,2027,0,0.0,0.0,0.0,0.0,0,0,0
Eurasia,2028,0,0.0,0.0,0.0,0.0,0,0,0
Eurasia,2029,0,0.0,0.0,0.0,0.0,0,0,0
Eurasia,2030,0,0.0,0.0,0.0,0.0,0,0,0
Eurasia,2031,0,0.0,0.0,0.0,0.0,0,0,0
Eurasia,2032,0,0.0,0.0,0.0,0.0,0,0,0
Eurasia,2033,0,0.0,0.0,0.0,0.0,0,0,0
Eurasia,2034,0,0.0,0.0,0.0,0.0,0,0,0
Eurasia,2035,0,0.0,0.0,0.0,0.0,0,0,0
Europe,2010,7,3240000.0,3.24,3240000.0,3.24,0,7,0
Europe,2011,0,0.0,0.0,3240000.0,3.24,0,0,0
Europe,2012,0,0.0,0.0,3240000.0,3.24,0,0,0
Europe,2013,0,0.0,0.0,3240000.0,3.24,0,0,0
Europe,2014,0,0.0,0.0,3240000.0,3.24,0,0,0
Europe,2015,0,0.0,0.0,3240000.0,3.24,0,0,0
Europe,2016,1,300000.0,0.3,3540000.0,3.54,0,1,0
Europe,2017,2,5300000.0,5.3,8840000.0,8.84,0,2,0
Europe,2018,4,1100000.0,1.1,9940000.0,9.94,0,2,0
Europe,2019,3,7844000.0,7.844,17784000.0,17.784,0,2,0
Europe,2020,13,22564000.0,22.564,40348000.0,40.348,1,6,0
Europe,2021,24,11984000.0,11.984,52332000.0,52.332,1,19,0
Europe,2022,19,32155000.0,32.155,84487000.0,84.487,1,18,0
Europe,2023,24,74105000.0,74.105,158592000.0,158.592,0,23,0
Europe,2024,21,29261000.0,29.261,187853000.0,187.853,1,18,0
Europe,2025,15,6620000.0,6.62,194473000.0,194.473,3,9,0
Europe,2026,23,45189000.0,45.189,239662000.0,239.662,0,0,16
Europe,2027,20,26377000.0,26.377,266039000.0,266.039,0,17,0
Europe,2028,45,128551000.0,128.551,394590000.0,394.59,0,38,6
Europe,2029,44,94828000.0,94.828,489418000.0,489.418,0,38,5
Europe,2030,86,235496000.0,235.496,724914000.0,724.914,0,81,0
Europe,2031,16,24070000.0,24.07,748984000.0,748.984,0,16,0
Europe,2032,22,100445000.0,100.445,849429000.0,849.429,0,22,0
Europe,2033,10,26700000.0,26.7,876129000.0,876.129,0,10,0
Europe,2034,3,10600000.0,10.6,886729000.0,886.729,0,3,0
Europe,2035,14,112690000.0,112.69,999419000.0,999.419,0,13,0
Finland,2010,0,0.0,0.0,0.0,0.0,0,0,0
Finland,2011,0,0.0,0.0,0.0,0.0,0,0,0
Finland,2012,0,0.0,0.0,0.0,0.0,0,0,0
Finland,2013,0,0.0,0.0,0.0,0.0,0,0,0
Finland,2014,0,0.0,0.0,0.0,0.0,0,0,0
Finland,2015,0,0.0,0.0,0.0,0.0,0,0,0
Finland,2016,0,0.0,0.0,0.0,0.0,0,0,0
Finland,2017,0,0.0,0.0,0.0,0.0,0,0,0
Finland,2018,0,0.0,0.0,0.0,0.0,0,0,0
Finland,2019,0,0.0,0.0,0.0,0.0,0,0,0
Finland,2020,0,0.0,0.0,0.0,0.0,0,0,0
Finland,2021,0,0.0,0.0,0.0,0.0,0,0,0
Finland,2022,0,0.0,0.0,0.0,0.0,0,0,0
Finland,2023,1,100000.0,0.1,100000.0,0.1,0,1,0
Finland,2024,2,4000000.0,4.0,4100000.0,4.1,0,2,0
Finland,2025,1,0.0,0.0,4100000.0,4.1,0,0,0
Finland,2026,0,0.0,0.0,4100000.0,4.1,0,0,0
Finland,2027,0,0.0,0.0,4100000.0,4.1,0,0,0
Finland,2028,2,210000.0,0.21,4310000.0,4.31,0,2,0
Finland,2029,3,330000.0,0.33,4640000.0,4.64,0,3,0
Finland,2030,0,0.0,0.0,4640000.0,4.64,0,0,0
Finland,2031,0,0.0,0.0,4640000.0,4.64,0,0,0
Finland,2032,0,0.0,0.0,4640000.0,4.64,0,0,0
Finland,2033,0,0.0,0.0,4640000.0,4.64,0,0,0
Finland,2034,0,0.0,0.0,4640000.0,4.64,0,0,0
Finland,2035,0,0.0,0.0,4640000.0,4.64,0,0,0
France-Belgium-Norway,2010,0,0.0,0.0,0.0,0.0,0,0,0
France-Belgium-Norway,2011,0,0.0,0.0,0.0,0.0,0,0,0
France-Belgium-Norway,2012,0,0.0,0.0,0.0,0.0,0,0,0
France-Belgium-Norway,2013,0,0.0,0.0,0.0,0.0,0,0,0
France-Belgium-Norway,2014,0,0.0,0.0,0.0,0.0,0,0,0
France-Belgium-Norway,2015,0,0.0,0.0,0.0,0.0,0,0,0
France-Belgium-Norway,2016,0,0.0,0.0,0.0,0.0,0,0,0
France-Belgium-Norway,2017,0,0.0,0.0,0.0,0.0,0,0,0
France-Belgium-Norway,2018,0,0.0,0.0,0.0,0.0,0,0,0
France-Belgium-Norway,2019,0,0.0,0.0,0.0,0.0,0,0,0
France-Belgium-Norway,2020,0,0.0,0.0,0.0,0.0,0,0,0
France-Belgium-Norway,2021,0,0.0,0.0,0.0,0.0,0,0,0
France-Belgium-Norway,2022,0,0.0,0.0,0.0,0.0,0,0,0
France-Belgium-Norway,2023,0,0.0,0.0,0.0,0.0,0,0,0
France-Belgium-Norway,2024,0,0.0,0.0,0.0,0.0,0,0,0
France-Belgium-Norway,2025,0,0.0,0.0,0.0,0.0,0,0,0
France-Belgium-Norway,2026,0,0.0,0.0,0.0,0.0,0,0,0
France-Belgium-Norway,2027,0,0.0,0.0,0.0,0.0,0,0,0
France-Belgium-Norway,2028,0,0.0,0.0,0.0,0.0,0,0,0
France-Belgium-Norway,2029,0,0.0,0.0,0.0,0.0,0,0,0
France-Belgium-Norway,2030,0,0.0,0.0,0.0,0.0,0,0,0
France-Belgium-Norway,2031,0,0.0,0.0,0.0,0.0,0,0,0
France-Belgium-Norway,2032,1,18000000.0,18.0,18000000.0,18.0,0,1,0
France-Belgium-Norway,2033,0,0.0,0.0,18000000.0,18.0,0,0,0
France-Belgium-Norway,2034,0,0.0,0.0,18000000.0,18.0,0,0,0
France-Belgium-Norway,2035,0,0.0,0.0,18000000.0,18.0,0,0,0
France-Italy,2010,0,0.0,0.0,0.0,0.0,0,0,0
France-Italy,2011,0,0.0,0.0,0.0,0.0,0,0,0
France-Italy,2012,0,0.0,0.0,0.0,0.0,0,0,0
France-Italy,2013,0,0.0,0.0,0.0,0.0,0,0,0
France-Italy,2014,0,0.0,0.0,0.0,0.0,0,0,0
France-Italy,2015,0,0.0,0.0,0.0,0.0,0,0,0
France-Italy,2016,0,0.0,0.0,0.0,0.0,0,0,0
France-Italy,2017,0,0.0,0.0,0.0,0.0,0,0,0
France-Italy,2018,0,0.0,0.0,0.0,0.0,0,0,0
France-Italy,2019,0,0.0,0.0,0.0,0.0,0,0,0
France-Italy,2020,0,0.0,0.0,0.0,0.0,0,0,0
France-Italy,2021,0,0.0,0.0,0.0,0.0,0,0,0
France-Italy,2022,0,0.0,0.0,0.0,0.0,0,0,0
France-Italy,2023,0,0.0,0.0,0.0,0.0,0,0,0
France-Italy,2024,0,0.0,0.0,0.0,0.0,0,0,0
France-Italy,2025,0,0.0,0.0,0.0,0.0,0,0,0
France-Italy,2026,0,0.0,0.0,0.0,0.0,0,0,0
France-Italy,2027,0,0.0,0.0,0.0,0.0,0,0,0
France-Italy,2028,0,0.0,0.0,0.0,0.0,0,0,0
France-Italy,2029,1,3600000.0,3.6,3600000.0,3.6,0,1,0
France-Italy,2030,0,0.0,0.0,3600000.0,3.6,0,0,0
France-Italy,2031,0,0.0,0.0,3600000.0,3.6,0,0,0
France-Italy,2032,0,0.0,0.0,3600000.0,3.6,0,0,0
France-Italy,2033,0,0.0,0.0,3600000.0,3.6,0,0,0
France-Italy,2034,0,0.0,0.0,3600000.0,3.6,0,0,0
France-Italy,2035,1,2800000.0,2.8,6400000.0,6.4,0,1,0
France-Spain,2010,0,0.0,0.0,0.0,0.0,0,0,0
France-Spain,2011,0,0.0,0.0,0.0,0.0,0,0,0
France-Spain,2012,0,0.0,0.0,0.0,0.0,0,0,0
France-Spain,2013,0,0.0,0.0,0.0,0.0,0,0,0
France-Spain,2014,0,0.0,0.0,0.0,0.0,0,0,0
France-Spain,2015,0,0.0,0.0,0.0,0.0,0,0,0
France-Spain,2016,0,0.0,0.0,0.0,0.0,0,0,0
France-Spain,2017,0,0.0,0.0,0.0,0.0,0,0,0
France-Spain,2018,0,0.0,0.0,0.0,0.0,0,0,0
France-Spain,2019,0,0.0,0.0,0.0,0.0,0,0,0
France-Spain,2020,0,0.0,0.0,0.0,0.0,0,0,0
France-Spain,2021,0,0.0,0.0,0.0,0.0,0,0,0
France-Spain,2022,0,0.0,0.0,0.0,0.0,0,0,0
France-Spain,2023,0,0.0,0.0,0.0,0.0,0,0,0
France-Spain,2024,0,0.0,0.0,0.0,0.0,0,0,0
France-Spain,2025,0,0.0,0.0,0.0,0.0,0,0,0
France-Spain,2026,0,0.0,0.0,0.0,0.0,0,0,0
France-Spain,2027,0,0.0,0.0,0.0,0.0,0,0,0
France-Spain,2028,0,0.0,0.0,0.0,0.0,0,0,0
France-Spain,2029,0,0.0,0.0,0.0,0.0,0,0,0
France-Spain,2030,0,0.0,0.0,0.0,0.0,0,0,0
France-Spain,2031,0,0.0,0.0,0.0,0.0,0,0,0
France-Spain,2032,0,0.0,0.0,0.0,0.0,0,0,0
France-Spain,2033,0,0.0,0.0,0.0,0.0,0,0,0
France-Spain,2034,0,0.0,0.0,0.0,0.0,0,0,0
France-Spain,2035,1,6000000.0,6.0,6000000.0,6.0,0,1,0
Georgia,2010,0,0.0,0.0,0.0,0.0,0,0,0
Georgia,2011,0,0.0,0.0,0.0,0.0,0,0,0
Georgia,2012,0,0.0,0.0,0.0,0.0,0,0,0
Georgia,2013,0,0.0,0.0,0.0,0.0,0,0,0
Georgia,2014,0,0.0,0.0,0.0,0.0,0,0,0
Georgia,2015,0,0.0,0.0,0.0,0.0,0,0,0
Georgia,2016,0,0.0,0.0,0.0,0.0,0,0,0
Georgia,2017,0,0.0,0.0,0.0,0.0,0,0,0
Georgia,2018,0,0.0,0.0,0.0,0.0,0,0,0
Georgia,2019,0,0.0,0.0,0.0,0.0,0,0,0
Georgia,2020,0,0.0,0.0,0.0,0.0,0,0,0
Georgia,2021,0,0.0,0.0,0.0,0.0,0,0,0
Georgia,2022,0,0.0,0.0,0.0,0.0,0,0,0
Georgia,2023,0,0.0,0.0,0.0,0.0,0,0,0
Georgia,2024,1,0.0,0.0,0.0,0.0,0,1,0
Georgia,2025,0,0.0,0.0,0.0,0.0,0,0,0
Georgia,2026,0,0.0,0.0,0.0,0.0,0,0,0
Georgia,2027,0,0.0,0.0,0.0,0.0,0,0,0
Georgia,2028,0,0.0,0.0,0.0,0.0,0,0,0
Georgia,2029,0,0.0,0.0,0.0,0.0,0,0,0
Georgia,2030,0,0.0,0.0,0.0,0.0,0,0,0
Georgia,2031,0,0.0,0.0,0.0,0.0,0,0,0
Georgia,2032,0,0.0,0.0,0.0,0.0,0,0,0
Georgia,2033,0,0.0,0.0,0.0,0.0,0,0,0
Georgia,2034,0,0.0,0.0,0.0,0.0,0,0,0
Georgia,2035,0,0.0,0.0,0.0,0.0,0,0,0
Germany-Netherlands,2010,0,0.0,0.0,0.0,0.0,0,0,0
Germany-Netherlands,2011,0,0.0,0.0,0.0,0.0,0,0,0
Germany-Netherlands,2012,0,0.0,0.0,0.0,0.0,0,0,0
Germany-Netherlands,2013,0,0.0,0.0,0.0,0.0,0,0,0
Germany-Netherlands,2014,0,0.0,0.0,0.0,0.0,0,0,0
Germany-Netherlands,2015,0,0.0,0.0,0.0,0.0,0,0,0
Germany-Netherlands,2016,0,0.0,0.0,0.0,0.0,0,0,0
Germany-Netherlands,2017,0,0.0,0.0,0.0,0.0,0,0,0
Germany-Netherlands,2018,0,0.0,0.0,0.0,0.0,0,0,0
Germany-Netherlands,2019,0,0.0,0.0,0.0,0.0,0,0,0
Germany-Netherlands,2020,0,0.0,0.0,0.0,0.0,0,0,0
Germany-Netherlands,2021,0,0.0,0.0,0.0,0.0,0,0,0
Germany-Netherlands,2022,0,0.0,0.0,0.0,0.0,0,0,0
Germany-Netherlands,2023,2,0.0,0.0,0.0,0.0,0,2,0
Germany-Netherlands,2024,0,0.0,0.0,0.0,0.0,0,0,0
Germany-Netherlands,2025,0,0.0,0.0,0.0,0.0,0,0,0
Germany-Netherlands,2026,0,0.0,0.0,0.0,0.0,0,0,0
Germany-Netherlands,2027,0,0.0,0.0,0.0,0.0,0,0,0
Germany-Netherlands,2028,0,0.0,0.0,0.0,0.0,0,0,0
Germany-Netherlands,2029,1,0.0,0.0,0.0,0.0,0,1,0
Germany-Netherlands,2030,0,0.0,0.0,0.0,0.0,0,0,0
Germany-Netherlands,2031,0,0.0,0.0,0.0,0.0,0,0,0
Germany-Netherlands,2032,1,22000000.0,22.0,22000000.0,22.0,0,1,0
Germany-Netherlands,2033,0,0.0,0.0,22000000.0,22.0,0,0,0
Germany-Netherlands,2034,0,0.0,0.0,22000000.0,22.0,0,0,0
Germany-Netherlands,2035,0,0.0,0.0,22000000.0,22.0,0,0,0
Greece,2010,0,0.0,0.0,0.0,0.0,0,0,0
Greece,2011,0,0.0,0.0,0.0,0.0,0,0,0
Greece,2012,0,0.0,0.0,0.0,0.0,0,0,0
Greece,2013,0,0.0,0.0,0.0,0.0,0,0,0
Greece,2014,0,0.0,0.0,0.0,0.0,0,0,0
Greece,2015,0,0.0,0.0,0.0,0.0,0,0,0
Greece,2016,0,0.0,0.0,0.0,0.0,0,0,0
Greece,2017,0,0.0,0.0,0.0,0.0,0,0,0
Greece,2018,0,0.0,0.0,0.0,0.0,0,0,0
Greece,2019,0,0.0,0.0,0.0,0.0,0,0,0
Greece,2020,0,0.0,0.0,0.0,0.0,0,0,0
Greece,2021,0,0.0,0.0,0.0,0.0,0,0,0
Greece,2022,0,0.0,0.0,0.0,0.0,0,0,0
Greece,2023,0,0.0,0.0,0.0,0.0,0,0,0
Greece,2024,0,0.0,0.0,0.0,0.0,0,0,0
Greece,2025,1,3000000.0,3.0,3000000.0,3.0,0,1,0
Greece,2026,0,0.0,0.0,3000000.0,3.0,0,0,0
Greece,2027,1,1000.0,0.001,3001000.0,3.001,0,1,0
Greece,2028,1,1000000.0,1.0,4001000.0,4.001,0,1,0
Greece,2029,5,4787000.0,4.787,8788000.0,8.788,0,4,1
Greece,2030,4,4970000.0,4.97,13758000.0,13.758,0,4,0
Greece,2031,0,0.0,0.0,13758000.0,13.758,0,0,0
Greece,2032,0,0.0,0.0,13758000.0,13.758,0,0,0
Greece,2033,0,0.0,0.0,13758000.0,13.758,0,0,0
Greece,2034,0,0.0,0.0,13758000.0,13.758,0,0,0
Greece,2035,0,0.0,0.0,13758000.0,13.758,0,0,0
Hungary,2010,0,0.0,0.0,0.0,0.0,0,0,0
Hungary,2011,0,0.0,0.0,0.0,0.0,0,0,0
Hungary,2012,0,0.0,0.0,0.0,0.0,0,0,0
Hungary,2013,0,0.0,0.0,0.0,0.0,0,0,0
Hungary,2014,0,0.0,0.0,0.0,0.0,0,0,0
Hungary,2015,0,0.0,0.0,0.0,0.0,0,0,0
Hungary,2016,0,0.0,0.0,0.0,0.0,0,0,0
Hungary,2017,0,0.0,0.0,0.0,0.0,0,0,0
Hungary,2018,0,0.0,0.0,0.0,0.0,0,0,0
Hungary,2019,0,0.0,0.0,0.0,0.0,0,0,0
Hungary,2020,0,0.0,0.0,0.0,0.0,0,0,0
Hungary,2021,0,0.0,0.0,0.0,0.0,0,0,0
Hungary,2022,0,0.0,0.0,0.0,0.0,0,0,0
Hungary,2023,0,0.0,0.0,0.0,0.0,0,0,0
Hungary,2024,0,0.0,0.0,0.0,0.0,0,0,0
Hungary,2025,0,0.0,0.0,0.0,0.0,0,0,0
Hungary,2026,1,500000.0,0.5,500000.0,0.5,0,0,1
Hungary,2027,0,0.0,0.0,500000.0,0.5,0,0,0
Hungary,2028,0,0.0,0.0,500000.0,0.5,0,0,0
Hungary,2029,0,0.0,0.0,500000.0,0.5,0,0,0
Hungary,2030,0,0.0,0.0,500000.0,0.5,0,0,0
Hungary,2031,0,0.0,0.0,500000.0,0.5,0,0,0
Hungary,2032,1,315000.0,0.315,815000.0,0.815,0,1,0
Hungary,2033,0,0.0,0.0,815000.0,0.815,0,0,0
Hungary,2034,0,0.0,0.0,815000.0,0.815,0,0,0
Hungary,2035,0,0.0,0.0,815000.0,0.815,0,0,0
Iceland,2010,0,0.0,0.0,0.0,0.0,0,0,0
Iceland,2011,0,0.0,0.0,0.0,0.0,0,0,0
Iceland,2012,0,0.0,0.0,0.0,0.0,0,0,0
Iceland,2013,0,0.0,0.0,0.0,0.0,0,0,0
Iceland,2014,0,0.0,0.0,0.0,0.0,0,0,0
Iceland,2015,0,0.0,0.0,0.0,0.0,0,0,0
Iceland,2016,0,0.0,0.0,0.0,0.0,0,0,0
Iceland,2017,0,0.0,0.0,0.0,0.0,0,0,0
Iceland,2018,0,0.0,0.0,0.0,0.0,0,0,0
Iceland,2019,0,0.0,0.0,0.0,0.0,0,0,0
Iceland,2020,0,0.0,0.0,0.0,0.0,0,0,0
Iceland,2021,1,4000.0,0.004,4000.0,0.004,1,0,0
Iceland,2022,0,0.0,0.0,4000.0,0.004,0,0,0
Iceland,2023,1,100000.0,0.1,104000.0,0.104,0,1,0
Iceland,2024,2,1006000.0,1.006,1110000.0,1.11,1,1,0
Iceland,2025,0,0.0,0.0,1110000.0,1.11,0,0,0
Iceland,2026,1,30000.0,0.03,1140000.0,1.14,0,0,1
Iceland,2027,1,2000.0,0.002,1142000.0,1.142,0,1,0
Iceland,2028,1,50000.0,0.05,1192000.0,1.192,0,1,0
Iceland,2029,0,0.0,0.0,1192000.0,1.192,0,0,0
Iceland,2030,0,0.0,0.0,1192000.0,1.192,0,0,0
Iceland,2031,0,0.0,0.0,1192000.0,1.192,0,0,0
Iceland,2032,0,0.0,0.0,1192000.0,1.192,0,0,0
Iceland,2033,0,0.0,0.0,1192000.0,1.192,0,0,0
Iceland,2034,0,0.0,0.0,1192000.0,1.192,0,0,0
Iceland,2035,0,0.0,0.0,1192000.0,1.192,0,0,0
India,2010,0,0.0,0.0,0.0,0.0,0,0,0
India,2011,0,0.0,0.0,0.0,0.0,0,0,0
India,2012,0,0.0,0.0,0.0,0.0,0,0,0
India,2013,0,0.0,0.0,0.0,0.0,0,0,0
India,2014,0,0.0,0.0,0.0,0.0,0,0,0
India,2015,0,0.0,0.0,0.0,0.0,0,0,0
India,2016,0,0.0,0.0,0.0,0.0,0,0,0
India,2017,0,0.0,0.0,0.0,0.0,0,0,0
India,2018,0,0.0,0.0,0.0,0.0,0,0,0
India,2019,0,0.0,0.0,0.0,0.0,0,0,0
India,2020,0,0.0,0.0,0.0,0.0,0,0,0
India,2021,0,0.0,0.0,0.0,0.0,0,0,0
India,2022,1,0.0,0.0,0.0,0.0,0,1,0
India,2023,0,0.0,0.0,0.0,0.0,0,0,0
India,2024,0,0.0,0.0,0.0,0.0,0,0,0
India,2025,0,0.0,0.0,0.0,0.0,0,0,0
India,2026,0,0.0,0.0,0.0,0.0,0,0,0
India,2027,0,0.0,0.0,0.0,0.0,0,0,0
India,2028,0,0.0,0.0,0.0,0.0,0,0,0
India,2029,0,0.0,0.0,0.0,0.0,0,0,0
India,2030,2,800000.0,0.8,800000.0,0.8,0,2,0
India,2031,0,0.0,0.0,800000.0,0.8,0,0,0
India,2032,0,0.0,0.0,800000.0,0.8,0,0,0
India,2033,0,0.0,0.0,800000.0,0.8,0,0,0
India,2034,0,0.0,0.0,800000.0,0.8,0,0,0
India,2035,0,0.0,0.0,800000.0,0.8,0,0,0
Indonesia,2010,1,0.0,0.0,0.0,0.0,0,1,0
Indonesia,2011,0,0.0,0.0,0.0,0.0,0,0,0
Indonesia,2012,0,0.0,0.0,0.0,0.0,0,0,0
Indonesia,2013,0,0.0,0.0,0.0,0.0,0,0,0
Indonesia,2014,0,0.0,0.0,0.0,0.0,0,0,0
Indonesia,2015,0,0.0,0.0,0.0,0.0,0,0,0
Indonesia,2016,0,0.0,0.0,0.0,0.0,0,0,0
Indonesia,2017,0,0.0,0.0,0.0,0.0,0,0,0
Indonesia,2018,0,0.0,0.0,0.0,0.0,0,0,0
Indonesia,2019,0,0.0,0.0,0.0,0.0,0,0,0
Indonesia,2020,0,0.0,0.0,0.0,0.0,0,0,0
Indonesia,2021,0,0.0,0.0,0.0,0.0,0,0,0
Indonesia,2022,0,0.0,0.0,0.0,0.0,0,0,0
Indonesia,2023,4,0.0,0.0,0.0,0.0,0,4,0
Indonesia,2024,1,0.0,0.0,0.0,0.0,0,1,0
Indonesia,2025,0,0.0,0.0,0.0,0.0,0,0,0
Indonesia,2026,0,0.0,0.0,0.0,0.0,0,0,0
Indonesia,2027,1,2410000.0,2.41,2410000.0,2.41,0,1,0
Indonesia,2028,4,4730000.0,4.73,7140000.0,7.14,0,3,1
Indonesia,2029,1,0.0,0.0,7140000.0,7.14,0,1,0
Indonesia,2030,6,1300000.0,1.3,8440000.0,8.44,0,6,0
Indonesia,2031,1,0.0,0.0,8440000.0,8.44,0,1,0
Indonesia,2032,1,0.0,0.0,8440000.0,8.44,0,1,0
Indonesia,2033,0,0.0,0.0,8440000.0,8.44,0,0,0
Indonesia,2034,0,0.0,0.0,8440000.0,8.44,0,0,0
Indonesia,2035,0,0.0,0.0,8440000.0,8.44,0,0,0
Ireland,2010,0,0.0,0.0,0.0,0.0,0,0,0
Ireland,2011,0,0.0,0.0,0.0,0.0,0,0,0
Ireland,2012,0,0.0,0.0,0.0,0.0,0,0,0
Ireland,2013,0,0.0,0.0,0.0,0.0,0,0,0
Ireland,2014,0,0.0,0.0,0.0,0.0,0,0,0
Ireland,2015,0,0.0,0.0,0.0,0.0,0,0,0
Ireland,2016,0,0.0,0.0,0.0,0.0,0,0,0
Ireland,2017,0,0.0,0.0,0.0,0.0,0,0,0
Ireland,2018,0,0.0,0.0,0.0,0.0,0,0,0
Ireland,2019,0,0.0,0.0,0.0,0.0,0,0,0
Ireland,2020,0,0.0,0.0,0.0,0.0,0,0,0
Ireland,2021,0,0.0,0.0,0.0,0.0,0,0,0
Ireland,2022,0,0.0,0.0,0.0,0.0,0,0,0
Ireland,2023,0,0.0,0.0,0.0,0.0,0,0,0
Ireland,2024,0,0.0,0.0,0.0,0.0,0,0,0
Ireland,2025,0,0.0,0.0,0.0,0.0,0,0,0
Ireland,2026,0,0.0,0.0,0.0,0.0,0,0,0
Ireland,2027,0,0.0,0.0,0.0,0.0,0,0,0
Ireland,2028,0,0.0,0.0,0.0,0.0,0,0,0
Ireland,2029,0,0.0,0.0,0.0,0.0,0,0,0
Ireland,2030,3,2500000.0,2.5,2500000.0,2.5,0,3,0
Ireland,2031,0,0.0,0.0,2500000.0,2.5,0,0,0
Ireland,2032,0,0.0,0.0,2500000.0,2.5,0,0,0
Ireland,2033,0,0.0,0.0,2500000.0,2.5,0,0,0
Ireland,2034,0,0.0,0.0,2500000.0,2.5,0,0,0
Ireland,2035,0,0.0,0.0,2500000.0,2.5,0,0,0
Island,2010,0,0.0,0.0,0.0,0.0,0,0,0
Island,2011,0,0.0,0.0,0.0,0.0,0,0,0
Island,2012,0,0.0,0.0,0.0,0.0,0,0,0
Island,2013,0,0.0,0.0,0.0,0.0,0,0,0
Island,2014,0,0.0,0.0,0.0,0.0,0,0,0
Island,2015,0,0.0,0.0,0.0,0.0,0,0,0
Island,2016,0,0.0,0.0,0.0,0.0,0,0,0
Island,2017,0,0.0,0.0,0.0,0.0,0,0,0
Island,2018,0,0.0,0.0,0.0,0.0,0,0,0
Island,2019,0,0.0,0.0,0.0,0.0,0,0,0
Island,2020,0,0.0,0.0,0.0,0.0,0,0,0
Island,2021,0,0.0,0.0,0.0,0.0,0,0,0
Island,2022,0,0.0,0.0,0.0,0.0,0,0,0
Island,2023,0,0.0,0.0,0.0,0.0,0,0,0
Island,2024,0,0.0,0.0,0.0,0.0,0,0,0
Island,2025,0,0.0,0.0,0.0,0.0,0,0,0
Island,2026,0,0.0,0.0,0.0,0.0,0,0,0
Island,2027,0,0.0,0.0,0.0,0.0,0,0,0
Island,2028,0,0.0,0.0,0.0,0.0,0,0,0
Island,2029,1,700000.0,0.7,700000.0,0.7,0,1,0
Island,2030,1,700000.0,0.7,1400000.0,1.4,0,1,0
Island,2031,0,0.0,0.0,1400000.0,1.4,0,0,0
Island,2032,1,1600000.0,1.6,3000000.0,3.0,0,1,0
Island,2033,0,0.0,0.0,3000000.0,3.0,0,0,0
Island,2034,0,0.0,0.0,3000000.0,3.0,0,0,0
Island,2035,0,0.0,0.0,3000000.0,3.0,0,0,0
Italy-Greece,2010,0,0.0,0.0,0.0,0.0,0,0,0
Italy-Greece,2011,0,0.0,0.0,0.0,0.0,0,0,0
Italy-Greece,2012,0,0.0,0.0,0.0,0.0,0,0,0
Italy-Greece,2013,0,0.0,0.0,0.0,0.0,0,0,0
Italy-Greece,2014,0,0.0,0.0,0.0,0.0,0,0,0
Italy-Greece,2015,0,0.0,0.0,0.0,0.0,0,0,0
Italy-Greece,2016,0,0.0,0.0,0.0,0.0,0,0,0
Italy-Greece,2017,0,0.0,0.0,0.0,0.0,0,0,0
Italy-Greece,2018,0,0.0,0.0,0.0,0.0,0,0,0
Italy-Greece,2019,0,0.0,0.0,0.0,0.0,0,0,0
Italy-Greece,2020,0,0.0,0.0,0.0,0.0,0,0,0
Italy-Greece,2021,0,0.0,0.0,0.0,0.0,0,0,0
Italy-Greece,2022,0,0.0,0.0,0.0,0.0,0,0,0
Italy-Greece,2023,0,0.0,0.0,0.0,0.0,0,0,0
Italy-Greece,2024,0,0.0,0.0,0.0,0.0,0,0,0
Italy-Greece,2025,0,0.0,0.0,0.0,0.0,0,0,0
Italy-Greece,2026,0,0.0,0.0,0.0,0.0,0,0,0
Italy-Greece,2027,0,0.0,0.0,0.0,0.0,0,0,0
Italy-Greece,2028,0,0.0,0.0,0.0,0.0,0,0,0
Italy-Greece,2029,1,200000.0,0.2,200000.0,0.2,0,1,0
Italy-Greece,2030,0,0.0,0.0,200000.0,0.2,0,0,0
Italy-Greece,2031,0,0.0,0.0,200000.0,0.2,0,0,0
Italy-Greece,2032,0,0.0,0.0,200000.0,0.2,0,0,0
Italy-Greece,2033,0,0.0,0.0,200000.0,0.2,0,0,0
Italy-Greece,2034,0,0.0,0.0,200000.0,0.2,0,0,0
Italy-Greece,2035,0,0.0,0.0,200000.0,0.2,0,0,0
Japan,2010,0,0.0,0.0,0.0,0.0,0,0,0
Japan,2011,0,0.0,0.0,0.0,0.0,0,0,0
Japan,2012,0,0.0,0.0,0.0,0.0,0,0,0
Japan,2013,0,0.0,0.0,0.0,0.0,0,0,0
Japan,2014,0,0.0,0.0,0.0,0.0,0,0,0
Japan,2015,0,0.0,0.0,0.0,0.0,0,0,0
Japan,2016,0,0.0,0.0,0.0,0.0,0,0,0
Japan,2017,0,0.0,0.0,0.0,0.0,0,0,0
Japan,2018,0,0.0,0.0,0.0,0.0,0,0,0
Japan,2019,0,0.0,0.0,0.0,0.0,0,0,0
Japan,2020,1,180000.0,0.18,180000.0,0.18,1,0,0
Japan,2021,0,0.0,0.0,180000.0,0.18,0,0,0
Japan,2022,0,0.0,0.0,180000.0,0.18,0,0,0
Japan,2023,3,2000000.0,2.0,2180000.0,2.18,0,3,0
Japan,2024,0,0.0,0.0,2180000.0,2.18,0,0,0
Japan,2025,0,0.0,0.0,2180000.0,2.18,0,0,0
Japan,2026,0,0.0,0.0,2180000.0,2.18,0,0,0
Japan,2027,1,0.0,0.0,2180000.0,2.18,0,1,0
Japan,2028,0,0.0,0.0,2180000.0,2.18,0,0,0
Japan,2029,0,0.0,0.0,2180000.0,2.18,0,0,0
Japan,2030,16,7700000.0,7.7,9880000.0,9.88,0,16,0
Japan,2031,0,0.0,0.0,9880000.0,9.88,0,0,0
Japan,2032,0,0.0,0.0,9880000.0,9.88,0,0,0
Japan,2033,0,0.0,0.0,9880000.0,9.88,0,0,0
Japan,2034,0,0.0,0.0,9880000.0,9.88,0,0,0
Japan,2035,0,0.0,0.0,9880000.0,9.88,0,0,0
Japan and Other Asia Pacific,2010,0,0.0,0.0,0.0,0.0,0,0,0
Japan and Other Asia Pacific,2011,0,0.0,0.0,0.0,0.0,0,0,0
Japan and Other Asia Pacific,2012,0,0.0,0.0,0.0,0.0,0,0,0
Japan and Other Asia Pacific,2013,0,0.0,0.0,0.0,0.0,0,0,0
Japan and Other Asia Pacific,2014,0,0.0,0.0,0.0,0.0,0,0,0
Japan and Other Asia Pacific,2015,0,0.0,0.0,0.0,0.0,0,0,0
Japan and Other Asia Pacific,2016,0,0.0,0.0,0.0,0.0,0,0,0
Japan and Other Asia Pacific,2017,0,0.0,0.0,0.0,0.0,0,0,0
Japan and Other Asia Pacific,2018,0,0.0,0.0,0.0,0.0,0,0,0
Japan and Other Asia Pacific,2019,0,0.0,0.0,0.0,0.0,0,0,0
Japan and Other Asia Pacific,2020,0,0.0,0.0,0.0,0.0,0,0,0
Japan and Other Asia Pacific,2021,0,0.0,0.0,0.0,0.0,0,0,0
Japan and Other Asia Pacific,2022,1,0.0,0.0,0.0,0.0,0,1,0
Japan and Other Asia Pacific,2023,0,0.0,0.0,0.0,0.0,0,0,0
Japan and Other Asia Pacific,2024,0,0.0,0.0,0.0,0.0,0,0,0
Japan and Other Asia Pacific,2025,0,0.0,0.0,0.0,0.0,0,0,0
Japan and Other Asia Pacific,2026,0,0.0,0.0,0.0,0.0,0,0,0
Japan and Other Asia Pacific,2027,0,0.0,0.0,0.0,0.0,0,0,0
Japan and Other Asia Pacific,2028,1,2000000.0,2.0,2000000.0,2.0,0,1,0
Japan and Other Asia Pacific,2029,0,0.0,0.0,2000000.0,2.0,0,0,0
Japan and Other Asia Pacific,2030,2,13000000.0,13.0,15000000.0,15.0,0,2,0
Japan and Other Asia Pacific,2031,0,0.0,0.0,15000000.0,15.0,0,0,0
Japan and Other Asia Pacific,2032,0,0.0,0.0,15000000.0,15.0,0,0,0
Japan and Other Asia Pacific,2033,0,0.0,0.0,15000000.0,15.0,0,0,0
Japan and Other Asia Pacific,2034,0,0.0,0.0,15000000.0,15.0,0,0,0
Japan and Other Asia Pacific,2035,0,0.0,0.0,15000000.0,15.0,0,0,0
Japan-Australia,2010,0,0.0,0.0,0.0,0.0,0,0,0
Japan-Australia,2011,0,0.0,0.0,0.0,0.0,0,0,0
Japan-Australia,2012,0,0.0,0.0,0.0,0.0,0,0,0
Japan-Australia,2013,0,0.0,0.0,0.0,0.0,0,0,0
Japan-Australia,2014,0,0.0,0.0,0.0,0.0,0,0,0
Japan-Australia,2015,0,0.0,0.0,0.0,0.0,0,0,0
Japan-Australia,2016,0,0.0,0.0,0.0,0.0,0,0,0
Japan-Australia,2017,0,0.0,0.0,0.0,0.0,0,0,0
Japan-Australia,2018,0,0.0,0.0,0.0,0.0,0,0,0
Japan-Australia,2019,0,0.0,0.0,0.0,0.0,0,0,0
Japan-Australia,2020,0,0.0,0.0,0.0,0.0,0,0,0
Japan-Australia,2021,0,0.0,0.0,0.0,0.0,0,0,0
Japan-Australia,2022,0,0.0,0.0,0.0,0.0,0,0,0
Japan-Australia,2023,0,0.0,0.0,0.0,0.0,0,0,0
Japan-Australia,2024,0,0.0,0.0,0.0,0.0,0,0,0
Japan-Australia,2025,0,0.0,0.0,0.0,0.0,0,0,0
Japan-Australia,2026,0,0.0,0.0,0.0,0.0,0,0,0
Japan-Australia,2027,0,0.0,0.0,0.0,0.0,0,0,0
Japan-Australia,2028,0,0.0,0.0,0.0,0.0,0,0,0
Japan-Australia,2029,0,0.0,0.0,0.0,0.0,0,0,0
Japan-Australia,2030,2,3300000.0,3.3,3300000.0,3.3,0,2,0
Japan-Australia,2031,0,0.0,0.0,3300000.0,3.3,0,0,0
Japan-Australia,2032,0,0.0,0.0,3300000.0,3.3,0,0,0
Japan-Australia,2033,0,0.0,0.0,3300000.0,3.3,0,0,0
Japan-Australia,2034,0,0.0,0.0,3300000.0,3.3,0,0,0
Japan-Australia,2035,0,0.0,0.0,3300000.0,3.3,0,0,0
Japan-Indonesia,2010,0,0.0,0.0,0.0,0.0,0,0,0
Japan-Indonesia,2011,0,0.0,0.0,0.0,0.0,0,0,0
Japan-Indonesia,2012,0,0.0,0.0,0.0,0.0,0,0,0
Japan-Indonesia,2013,0,0.0,0.0,0.0,0.0,0,0,0
Japan-Indonesia,2014,0,0.0,0.0,0.0,0.0,0,0,0
Japan-Indonesia,2015,0,0.0,0.0,0.0,0.0,0,0,0
Japan-Indonesia,2016,0,0.0,0.0,0.0,0.0,0,0,0
Japan-Indonesia,2017,0,0.0,0.0,0.0,0.0,0,0,0
Japan-Indonesia,2018,0,0.0,0.0,0.0,0.0,0,0,0
Japan-Indonesia,2019,0,0.0,0.0,0.0,0.0,0,0,0
Japan-Indonesia,2020,0,0.0,0.0,0.0,0.0,0,0,0
Japan-Indonesia,2021,0,0.0,0.0,0.0,0.0,0,0,0
Japan-Indonesia,2022,0,0.0,0.0,0.0,0.0,0,0,0
Japan-Indonesia,2023,1,0.0,0.0,0.0,0.0,0,1,0
Japan-Indonesia,2024,0,0.0,0.0,0.0,0.0,0,0,0
Japan-Indonesia,2025,0,0.0,0.0,0.0,0.0,0,0,0
Japan-Indonesia,2026,0,0.0,0.0,0.0,0.0,0,0,0
Japan-Indonesia,2027,0,0.0,0.0,0.0,0.0,0,0,0
Japan-Indonesia,2028,0,0.0,0.0,0.0,0.0,0,0,0
Japan-Indonesia,2029,0,0.0,0.0,0.0,0.0,0,0,0
Japan-Indonesia,2030,0,0.0,0.0,0.0,0.0,0,0,0
Japan-Indonesia,2031,0,0.0,0.0,0.0,0.0,0,0,0
Japan-Indonesia,2032,0,0.0,0.0,0.0,0.0,0,0,0
Japan-Indonesia,2033,0,0.0,0.0,0.0,0.0,0,0,0
Japan-Indonesia,2034,0,0.0,0.0,0.0,0.0,0,0,0
Japan-Indonesia,2035,0,0.0,0.0,0.0,0.0,0,0,0
Japan-Malaysia,2010,0,0.0,0.0,0.0,0.0,0,0,0
Japan-Malaysia,2011,0,0.0,0.0,0.0,0.0,0,0,0
Japan-Malaysia,2012,0,0.0,0.0,0.0,0.0,0,0,0
Japan-Malaysia,2013,0,0.0,0.0,0.0,0.0,0,0,0
Japan-Malaysia,2014,0,0.0,0.0,0.0,0.0,0,0,0
Japan-Malaysia,2015,0,0.0,0.0,0.0,0.0,0,0,0
Japan-Malaysia,2016,0,0.0,0.0,0.0,0.0,0,0,0
Japan-Malaysia,2017,0,0.0,0.0,0.0,0.0,0,0,0
Japan-Malaysia,2018,0,0.0,0.0,0.0,0.0,0,0,0
Japan-Malaysia,2019,0,0.0,0.0,0.0,0.0,0,0,0
Japan-Malaysia,2020,0,0.0,0.0,0.0,0.0,0,0,0
Japan-Malaysia,2021,0,0.0,0.0,0.0,0.0,0,0,0
Japan-Malaysia,2022,1,0.0,0.0,0.0,0.0,0,1,0
Japan-Malaysia,2023,0,0.0,0.0,0.0,0.0,0,0,0
Japan-Malaysia,2024,0,0.0,0.0,0.0,0.0,0,0,0
Japan-Malaysia,2025,0,0.0,0.0,0.0,0.0,0,0,0
Japan-Malaysia,2026,0,0.0,0.0,0.0,0.0,0,0,0
Japan-Malaysia,2027,0,0.0,0.0,0.0,0.0,0,0,0
Japan-Malaysia,2028,1,2000000.0,2.0,2000000.0,2.0,0,1,0
Japan-Malaysia,2029,0,0.0,0.0,2000000.0,2.0,0,0,0
Japan-Malaysia,2030,2,13000000.0,13.0,15000000.0,15.0,0,2,0
Japan-Malaysia,2031,0,0.0,0.0,15000000.0,15.0,0,0,0
Japan-Malaysia,2032,0,0.0,0.0,15000000.0,15.0,0,0,0
Japan-Malaysia,2033,0,0.0,0.0,15000000.0,15.0,0,0,0
Japan-Malaysia,2034,0,0.0,0.0,15000000.0,15.0,0,0,0
Japan-Malaysia,2035,0,0.0,0.0,15000000.0,15.0,0,0,0
Japan-United States,2010,0,0.0,0.0,0.0,0.0,0,0,0
Japan-United States,2011,0,0.0,0.0,0.0,0.0,0,0,0
Japan-United States,2012,0,0.0,0.0,0.0,0.0,0,0,0
Japan-United States,2013,0,0.0,0.0,0.0,0.0,0,0,0
Japan-United States,2014,0,0.0,0.0,0.0,0.0,0,0,0
Japan-United States,2015,0,0.0,0.0,0.0,0.0,0,0,0
Japan-United States,2016,0,0.0,0.0,0.0,0.0,0,0,0
Japan-United States,2017,0,0.0,0.0,0.0,0.0,0,0,0
Japan-United States,2018,0,0.0,0.0,0.0,0.0,0,0,0
Japan-United States,2019,0,0.0,0.0,0.0,0.0,0,0,0
Japan-United States,2020,0,0.0,0.0,0.0,0.0,0,0,0
Japan-United States,2021,0,0.0,0.0,0.0,0.0,0,0,0
Japan-United States,2022,0,0.0,0.0,0.0,0.0,0,0,0
Japan-United States,2023,0,0.0,0.0,0.0,0.0,0,0,0
Japan-United States,2024,1,0.0,0.0,0.0,0.0,0,1,0
Japan-United States,2025,0,0.0,0.0,0.0,0.0,0,0,0
Japan-United States,2026,0,0.0,0.0,0.0,0.0,0,0,0
Japan-United States,2027,0,0.0,0.0,0.0,0.0,0,0,0
Japan-United States,2028,0,0.0,0.0,0.0,0.0,0,0,0
Japan-United States,2029,0,0.0,0.0,0.0,0.0,0,0,0
Japan-United States,2030,0,0.0,0.0,0.0,0.0,0,0,0
Japan-United States,2031,0,0.0,0.0,0.0,0.0,0,0,0
Japan-United States,2032,0,0.0,0.0,0.0,0.0,0,0,0
Japan-United States,2033,0,0.0,0.0,0.0,0.0,0,0,0
Japan-United States,2034,0,0.0,0.0,0.0,0.0,0,0,0
Japan-United States,2035,0,0.0,0.0,0.0,0.0,0,0,0
Kenya,2010,0,0.0,0.0,0.0,0.0,0,0,0
Kenya,2011,0,0.0,0.0,0.0,0.0,0,0,0
Kenya,2012,0,0.0,0.0,0.0,0.0,0,0,0
Kenya,2013,0,0.0,0.0,0.0,0.0,0,0,0
Kenya,2014,0,0.0,0.0,0.0,0.0,0,0,0
Kenya,2015,0,0.0,0.0,0.0,0.0,0,0,0
Kenya,2016,0,0.0,0.0,0.0,0.0,0,0,0
Kenya,2017,0,0.0,0.0,0.0,0.0,0,0,0
Kenya,2018,0,0.0,0.0,0.0,0.0,0,0,0
Kenya,2019,0,0.0,0.0,0.0,0.0,0,0,0
Kenya,2020,0,0.0,0.0,0.0,0.0,0,0,0
Kenya,2021,0,0.0,0.0,0.0,0.0,0,0,0
Kenya,2022,0,0.0,0.0,0.0,0.0,0,0,0
Kenya,2023,0,0.0,0.0,0.0,0.0,0,0,0
Kenya,2024,3,50000.0,0.05,50000.0,0.05,0,3,0
Kenya,2025,0,0.0,0.0,50000.0,0.05,0,0,0
Kenya,2026,1,1000.0,0.001,51000.0,0.051,0,1,0
Kenya,2027,2,7000.0,0.007,58000.0,0.058,0,1,1
Kenya,2028,2,1023000.0,1.023,1081000.0,1.081,0,2,0
Kenya,2029,1,70000.0,0.07,1151000.0,1.151,0,1,0
Kenya,2030,0,0.0,0.0,1151000.0,1.151,0,0,0
Kenya,2031,0,0.0,0.0,1151000.0,1.151,0,0,0
Kenya,2032,0,0.0,0.0,1151000.0,1.151,0,0,0
Kenya,2033,0,0.0,0.0,1151000.0,1.151,0,0,0
Kenya,2034,0,0.0,0.0,1151000.0,1.151,0,0,0
Kenya,2035,0,0.0,0.0,1151000.0,1.151,0,0,0
Latvia,2010,0,0.0,0.0,0.0,0.0,0,0,0
Latvia,2011,0,0.0,0.0,0.0,0.0,0,0,0
Latvia,2012,0,0.0,0.0,0.0,0.0,0,0,0
Latvia,2013,0,0.0,0.0,0.0,0.0,0,0,0
Latvia,2014,0,0.0,0.0,0.0,0.0,0,0,0
Latvia,2015,0,0.0,0.0,0.0,0.0,0,0,0
Latvia,2016,0,0.0,0.0,0.0,0.0,0,0,0
Latvia,2017,0,0.0,0.0,0.0,0.0,0,0,0
Latvia,2018,0,0.0,0.0,0.0,0.0,0,0,0
Latvia,2019,0,0.0,0.0,0.0,0.0,0,0,0
Latvia,2020,0,0.0,0.0,0.0,0.0,0,0,0
Latvia,2021,0,0.0,0.0,0.0,0.0,0,0,0
Latvia,2022,0,0.0,0.0,0.0,0.0,0,0,0
Latvia,2023,0,0.0,0.0,0.0,0.0,0,0,0
Latvia,2024,0,0.0,0.0,0.0,0.0,0,0,0
Latvia,2025,0,0.0,0.0,0.0,0.0,0,0,0
Latvia,2026,0,0.0,0.0,0.0,0.0,0,0,0
Latvia,2027,0,0.0,0.0,0.0,0.0,0,0,0
Latvia,2028,0,0.0,0.0,0.0,0.0,0,0,0
Latvia,2029,0,0.0,0.0,0.0,0.0,0,0,0
Latvia,2030,1,800000.0,0.8,800000.0,0.8,0,1,0
Latvia,2031,0,0.0,0.0,800000.0,0.8,0,0,0
Latvia,2032,0,0.0,0.0,800000.0,0.8,0,0,0
Latvia,2033,0,0.0,0.0,800000.0,0.8,0,0,0
Latvia,2034,0,0.0,0.0,800000.0,0.8,0,0,0
Latvia,2035,0,0.0,0.0,800000.0,0.8,0,0,0
Latvia-Lithuania,2010,0,0.0,0.0,0.0,0.0,0,0,0
Latvia-Lithuania,2011,0,0.0,0.0,0.0,0.0,0,0,0
Latvia-Lithuania,2012,0,0.0,0.0,0.0,0.0,0,0,0
Latvia-Lithuania,2013,0,0.0,0.0,0.0,0.0,0,0,0
Latvia-Lithuania,2014,0,0.0,0.0,0.0,0.0,0,0,0
Latvia-Lithuania,2015,0,0.0,0.0,0.0,0.0,0,0,0
Latvia-Lithuania,2016,0,0.0,0.0,0.0,0.0,0,0,0
Latvia-Lithuania,2017,0,0.0,0.0,0.0,0.0,0,0,0
Latvia-Lithuania,2018,0,0.0,0.0,0.0,0.0,0,0,0
Latvia-Lithuania,2019,0,0.0,0.0,0.0,0.0,0,0,0
Latvia-Lithuania,2020,0,0.0,0.0,0.0,0.0,0,0,0
Latvia-Lithuania,2021,0,0.0,0.0,0.0,0.0,0,0,0
Latvia-Lithuania,2022,0,0.0,0.0,0.0,0.0,0,0,0
Latvia-Lithuania,2023,0,0.0,0.0,0.0,0.0,0,0,0
Latvia-Lithuania,2024,0,0.0,0.0,0.0,0.0,0,0,0
Latvia-Lithuania,2025,0,0.0,0.0,0.0,0.0,0,0,0
Latvia-Lithuania,2026,0,0.0,0.0,0.0,0.0,0,0,0
Latvia-Lithuania,2027,0,0.0,0.0,0.0,0.0,0,0,0
Latvia-Lithuania,2028,0,0.0,0.0,0.0,0.0,0,0,0
Latvia-Lithuania,2029,0,0.0,0.0,0.0,0.0,0,0,0
Latvia-Lithuania,2030,0,0.0,0.0,0.0,0.0,0,0,0
Latvia-Lithuania,2031,1,4000000.0,4.0,4000000.0,4.0,0,1,0
Latvia-Lithuania,2032,0,0.0,0.0,4000000.0,4.0,0,0,0
Latvia-Lithuania,2033,0,0.0,0.0,4000000.0,4.0,0,0,0
Latvia-Lithuania,2034,0,0.0,0.0,4000000.0,4.0,0,0,0
Latvia-Lithuania,2035,0,0.0,0.0,4000000.0,4.0,0,0,0
Lithuania,2010,0,0.0,0.0,0.0,0.0,0,0,0
Lithuania,2011,0,0.0,0.0,0.0,0.0,0,0,0
Lithuania,2012,0,0.0,0.0,0.0,0.0,0,0,0
Lithuania,2013,0,0.0,0.0,0.0,0.0,0,0,0
Lithuania,2014,0,0.0,0.0,0.0,0.0,0,0,0
Lithuania,2015,0,0.0,0.0,0.0,0.0,0,0,0
Lithuania,2016,0,0.0,0.0,0.0,0.0,0,0,0
Lithuania,2017,0,0.0,0.0,0.0,0.0,0,0,0
Lithuania,2018,0,0.0,0.0,0.0,0.0,0,0,0
Lithuania,2019,0,0.0,0.0,0.0,0.0,0,0,0
Lithuania,2020,0,0.0,0.0,0.0,0.0,0,0,0
Lithuania,2021,0,0.0,0.0,0.0,0.0,0,0,0
Lithuania,2022,0,0.0,0.0,0.0,0.0,0,0,0
Lithuania,2023,0,0.0,0.0,0.0,0.0,0,0,0
Lithuania,2024,0,0.0,0.0,0.0,0.0,0,0,0
Lithuania,2025,0,0.0,0.0,0.0,0.0,0,0,0
Lithuania,2026,0,0.0,0.0,0.0,0.0,0,0,0
Lithuania,2027,0,0.0,0.0,0.0,0.0,0,0,0
Lithuania,2028,0,0.0,0.0,0.0,0.0,0,0,0
Lithuania,2029,0,0.0,0.0,0.0,0.0,0,0,0
Lithuania,2030,1,300000.0,0.3,300000.0,0.3,0,1,0
Lithuania,2031,0,0.0,0.0,300000.0,0.3,0,0,0
Lithuania,2032,0,0.0,0.0,300000.0,0.3,0,0,0
Lithuania,2033,0,0.0,0.0,300000.0,0.3,0,0,0
Lithuania,2034,0,0.0,0.0,300000.0,0.3,0,0,0
Lithuania,2035,0,0.0,0.0,300000.0,0.3,0,0,0
Luxembourg,2010,1,0.0,0.0,0.0,0.0,0,1,0
Luxembourg,2011,0,0.0,0.0,0.0,0.0,0,0,0
Luxembourg,2012,0,0.0,0.0,0.0,0.0,0,0,0
Luxembourg,2013,0,0.0,0.0,0.0,0.0,0,0,0
Luxembourg,2014,0,0.0,0.0,0.0,0.0,0,0,0
Luxembourg,2015,0,0.0,0.0,0.0,0.0,0,0,0
Luxembourg,2016,0,0.0,0.0,0.0,0.0,0,0,0
Luxembourg,2017,0,0.0,0.0,0.0,0.0,0,0,0
Luxembourg,2018,0,0.0,0.0,0.0,0.0,0,0,0
Luxembourg,2019,0,0.0,0.0,0.0,0.0,0,0,0
Luxembourg,2020,0,0.0,0.0,0.0,0.0,0,0,0
Luxembourg,2021,0,0.0,0.0,0.0,0.0,0,0,0
Luxembourg,2022,0,0.0,0.0,0.0,0.0,0,0,0
Luxembourg,2023,0,0.0,0.0,0.0,0.0,0,0,0
Luxembourg,2024,0,0.0,0.0,0.0,0.0,0,0,0
Luxembourg,2025,0,0.0,0.0,0.0,0.0,0,0,0
Luxembourg,2026,0,0.0,0.0,0.0,0.0,0,0,0
Luxembourg,2027,0,0.0,0.0,0.0,0.0,0,0,0
Luxembourg,2028,0,0.0,0.0,0.0,0.0,0,0,0
Luxembourg,2029,0,0.0,0.0,0.0,0.0,0,0,0
Luxembourg,2030,0,0.0,0.0,0.0,0.0,0,0,0
Luxembourg,2031,0,0.0,0.0,0.0,0.0,0,0,0
Luxembourg,2032,0,0.0,0.0,0.0,0.0,0,0,0
Luxembourg,2033,0,0.0,0.0,0.0,0.0,0,0,0
Luxembourg,2034,0,0.0,0.0,0.0,0.0,0,0,0
Luxembourg,2035,0,0.0,0.0,0.0,0.0,0,0,0
Lybia,2010,0,0.0,0.0,0.0,0.0,0,0,0
Lybia,2011,0,0.0,0.0,0.0,0.0,0,0,0
Lybia,2012,0,0.0,0.0,0.0,0.0,0,0,0
Lybia,2013,0,0.0,0.0,0.0,0.0,0,0,0
Lybia,2014,0,0.0,0.0,0.0,0.0,0,0,0
Lybia,2015,0,0.0,0.0,0.0,0.0,0,0,0
Lybia,2016,0,0.0,0.0,0.0,0.0,0,0,0
Lybia,2017,0,0.0,0.0,0.0,0.0,0,0,0
Lybia,2018,0,0.0,0.0,0.0,0.0,0,0,0
Lybia,2019,0,0.0,0.0,0.0,0.0,0,0,0
Lybia,2020,0,0.0,0.0,0.0,0.0,0,0,0
Lybia,2021,0,0.0,0.0,0.0,0.0,0,0,0
Lybia,2022,0,0.0,0.0,0.0,0.0,0,0,0
Lybia,2023,0,0.0,0.0,0.0,0.0,0,0,0
Lybia,2024,0,0.0,0.0,0.0,0.0,0,0,0
Lybia,2025,0,0.0,0.0,0.0,0.0,0,0,0
Lybia,2026,0,0.0,0.0,0.0,0.0,0,0,0
Lybia,2027,0,0.0,0.0,0.0,0.0,0,0,0
Lybia,2028,0,0.0,0.0,0.0,0.0,0,0,0
Lybia,2029,0,0.0,0.0,0.0,0.0,0,0,0
Lybia,2030,1,1600000.0,1.6,1600000.0,1.6,0,1,0
Lybia,2031,0,0.0,0.0,1600000.0,1.6,0,0,0
Lybia,2032,0,0.0,0.0,1600000.0,1.6,0,0,0
Lybia,2033,0,0.0,0.0,1600000.0,1.6,0,0,0
Lybia,2034,0,0.0,0.0,1600000.0,1.6,0,0,0
Lybia,2035,0,0.0,0.0,1600000.0,1.6,0,0,0
Malaysia,2010,0,0.0,0.0,0.0,0.0,0,0,0
Malaysia,2011,0,0.0,0.0,0.0,0.0,0,0,0
Malaysia,2012,0,0.0,0.0,0.0,0.0,0,0,0
Malaysia,2013,0,0.0,0.0,0.0,0.0,0,0,0
Malaysia,2014,0,0.0,0.0,0.0,0.0,0,0,0
Malaysia,2015,0,0.0,0.0,0.0,0.0,0,0,0
Malaysia,2016,0,0.0,0.0,0.0,0.0,0,0,0
Malaysia,2017,0,0.0,0.0,0.0,0.0,0,0,0
Malaysia,2018,0,0.0,0.0,0.0,0.0,0,0,0
Malaysia,2019,0,0.0,0.0,0.0,0.0,0,0,0
Malaysia,2020,0,0.0,0.0,0.0,0.0,0,0,0
Malaysia,2021,0,0.0,0.0,0.0,0.0,0,0,0
Malaysia,2022,1,0.0,0.0,0.0,0.0,0,1,0
Malaysia,2023,0,0.0,0.0,0.0,0.0,0,0,0
Malaysia,2024,0,0.0,0.0,0.0,0.0,0,0,0
Malaysia,2025,0,0.0,0.0,0.0,0.0,0,0,0
Malaysia,2026,0,0.0,0.0,0.0,0.0,0,0,0
Malaysia,2027,0,0.0,0.0,0.0,0.0,0,0,0
Malaysia,2028,0,0.0,0.0,0.0,0.0,0,0,0
Malaysia,2029,1,0.0,0.0,0.0,0.0,0,1,0
Malaysia,2030,2,8300000.0,8.3,8300000.0,8.3,0,1,1
Malaysia,2031,0,0.0,0.0,8300000.0,8.3,0,0,0
Malaysia,2032,0,0.0,0.0,8300000.0,8.3,0,0,0
Malaysia,2033,0,0.0,0.0,8300000.0,8.3,0,0,0
Malaysia,2034,0,0.0,0.0,8300000.0,8.3,0,0,0
Malaysia,2035,0,0.0,0.0,8300000.0,8.3,0,0,0
Mexico,2010,1,0.0,0.0,0.0,0.0,0,1,0
Mexico,2011,0,0.0,0.0,0.0,0.0,0,0,0
Mexico,2012,0,0.0,0.0,0.0,0.0,0,0,0
Mexico,2013,0,0.0,0.0,0.0,0.0,0,0,0
Mexico,2014,0,0.0,0.0,0.0,0.0,0,0,0
Mexico,2015,0,0.0,0.0,0.0,0.0,0,0,0
Mexico,2016,0,0.0,0.0,0.0,0.0,0,0,0
Mexico,2017,0,0.0,0.0,0.0,0.0,0,0,0
Mexico,2018,0,0.0,0.0,0.0,0.0,0,0,0
Mexico,2019,0,0.0,0.0,0.0,0.0,0,0,0
Mexico,2020,0,0.0,0.0,0.0,0.0,0,0,0
Mexico,2021,0,0.0,0.0,0.0,0.0,0,0,0
Mexico,2022,0,0.0,0.0,0.0,0.0,0,0,0
Mexico,2023,0,0.0,0.0,0.0,0.0,0,0,0
Mexico,2024,0,0.0,0.0,0.0,0.0,0,0,0
Mexico,2025,0,0.0,0.0,0.0,0.0,0,0,0
Mexico,2026,0,0.0,0.0,0.0,0.0,0,0,0
Mexico,2027,0,0.0,0.0,0.0,0.0,0,0,0
Mexico,2028,0,0.0,0.0,0.0,0.0,0,0,0
Mexico,2029,0,0.0,0.0,0.0,0.0,0,0,0
Mexico,2030,0,0.0,0.0,0.0,0.0,0,0,0
Mexico,2031,0,0.0,0.0,0.0,0.0,0,0,0
Mexico,2032,0,0.0,0.0,0.0,0.0,0,0,0
Mexico,2033,0,0.0,0.0,0.0,0.0,0,0,0
Mexico,2034,0,0.0,0.0,0.0,0.0,0,0,0
Mexico,2035,0,0.0,0.0,0.0,0.0,0,0,0
Middle East,2010,0,0.0,0.0,0.0,0.0,0,0,0
Middle East,2011,0,0.0,0.0,0.0,0.0,0,0,0
Middle East,2012,0,0.0,0.0,0.0,0.0,0,0,0
Middle East,2013,0,0.0,0.0,0.0,0.0,0,0,0
Middle East,2014,0,0.0,0.0,0.0,0.0,0,0,0
Middle East,2015,1,800000.0,0.8,800000.0,0.8,1,0,0
Middle East,2016,1,800000.0,0.8,1600000.0,1.6,1,0,0
Middle East,2017,0,0.0,0.0,1600000.0,1.6,0,0,0
Middle East,2018,0,0.0,0.0,1600000.0,1.6,0,0,0
Middle East,2019,1,2200000.0,2.2,3800000.0,3.8,1,0,0
Middle East,2020,0,0.0,0.0,3800000.0,3.8,0,0,0
Middle East,2021,0,0.0,0.0,3800000.0,3.8,0,0,0
Middle East,2022,1,460000.0,0.46,4260000.0,4.26,0,1,0
Middle East,2023,4,1000000.0,1.0,5260000.0,5.26,0,4,0
Middle East,2024,5,5436000.0,5.436,10696000.0,10.696,0,5,0
Middle East,2025,2,1000.0,0.001,10697000.0,10.697,1,1,0
Middle East,2026,3,3000000.0,3.0,13697000.0,13.697,0,0,3
Middle East,2027,3,19300000.0,19.3,32997000.0,32.997,0,0,3
Middle East,2028,1,1500000.0,1.5,34497000.0,34.497,0,0,1
Middle East,2029,0,0.0,0.0,34497000.0,34.497,0,0,0
Middle East,2030,3,8875000.0,8.875,43372000.0,43.372,0,3,0
Middle East,2031,0,0.0,0.0,43372000.0,43.372,0,0,0
Middle East,2032,0,0.0,0.0,43372000.0,43.372,0,0,0
Middle East,2033,0,0.0,0.0,43372000.0,43.372,0,0,0
Middle East,2034,0,0.0,0.0,43372000.0,43.372,0,0,0
Middle East,2035,0,0.0,0.0,43372000.0,43.372,0,0,0
Multiple Europe,2010,0,0.0,0.0,0.0,0.0,0,0,0
Multiple Europe,2011,0,0.0,0.0,0.0,0.0,0,0,0
Multiple Europe,2012,0,0.0,0.0,0.0,0.0,0,0,0
Multiple Europe,2013,0,0.0,0.0,0.0,0.0,0,0,0
Multiple Europe,2014,0,0.0,0.0,0.0,0.0,0,0,0
Multiple Europe,2015,0,0.0,0.0,0.0,0.0,0,0,0
Multiple Europe,2016,0,0.0,0.0,0.0,0.0,0,0,0
Multiple Europe,2017,0,0.0,0.0,0.0,0.0,0,0,0
Multiple Europe,2018,0,0.0,0.0,0.0,0.0,0,0,0
Multiple Europe,2019,0,0.0,0.0,0.0,0.0,0,0,0
Multiple Europe,2020,0,0.0,0.0,0.0,0.0,0,0,0
Multiple Europe,2021,0,0.0,0.0,0.0,0.0,0,0,0
Multiple Europe,2022,0,0.0,0.0,0.0,0.0,0,0,0
Multiple Europe,2023,0,0.0,0.0,0.0,0.0,0,0,0
Multiple Europe,2024,0,0.0,0.0,0.0,0.0,0,0,0
Multiple Europe,2025,0,0.0,0.0,0.0,0.0,0,0,0
Multiple Europe,2026,0,0.0,0.0,0.0,0.0,0,0,0
Multiple Europe,2027,0,0.0,0.0,0.0,0.0,0,0,0
Multiple Europe,2028,0,0.0,0.0,0.0,0.0,0,0,0
Multiple Europe,2029,1,10000000.0,10.0,10000000.0,10.0,0,1,0
Multiple Europe,2030,0,0.0,0.0,10000000.0,10.0,0,0,0
Multiple Europe,2031,0,0.0,0.0,10000000.0,10.0,0,0,0
Multiple Europe,2032,0,0.0,0.0,10000000.0,10.0,0,0,0
Multiple Europe,2033,0,0.0,0.0,10000000.0,10.0,0,0,0
Multiple Europe,2034,0,0.0,0.0,10000000.0,10.0,0,0,0
Multiple Europe,2035,0,0.0,0.0,10000000.0,10.0,0,0,0
Netherlands-Belgium,2010,0,0.0,0.0,0.0,0.0,0,0,0
Netherlands-Belgium,2011,0,0.0,0.0,0.0,0.0,0,0,0
Netherlands-Belgium,2012,0,0.0,0.0,0.0,0.0,0,0,0
Netherlands-Belgium,2013,0,0.0,0.0,0.0,0.0,0,0,0
Netherlands-Belgium,2014,0,0.0,0.0,0.0,0.0,0,0,0
Netherlands-Belgium,2015,0,0.0,0.0,0.0,0.0,0,0,0
Netherlands-Belgium,2016,0,0.0,0.0,0.0,0.0,0,0,0
Netherlands-Belgium,2017,0,0.0,0.0,0.0,0.0,0,0,0
Netherlands-Belgium,2018,0,0.0,0.0,0.0,0.0,0,0,0
Netherlands-Belgium,2019,0,0.0,0.0,0.0,0.0,0,0,0
Netherlands-Belgium,2020,1,6500000.0,6.5,6500000.0,6.5,0,0,0
Netherlands-Belgium,2021,0,0.0,0.0,6500000.0,6.5,0,0,0
Netherlands-Belgium,2022,0,0.0,0.0,6500000.0,6.5,0,0,0
Netherlands-Belgium,2023,0,0.0,0.0,6500000.0,6.5,0,0,0
Netherlands-Belgium,2024,0,0.0,0.0,6500000.0,6.5,0,0,0
Netherlands-Belgium,2025,0,0.0,0.0,6500000.0,6.5,0,0,0
Netherlands-Belgium,2026,0,0.0,0.0,6500000.0,6.5,0,0,0
Netherlands-Belgium,2027,0,0.0,0.0,6500000.0,6.5,0,0,0
Netherlands-Belgium,2028,0,0.0,0.0,6500000.0,6.5,0,0,0
Netherlands-Belgium,2029,0,0.0,0.0,6500000.0,6.5,0,0,0
Netherlands-Belgium,2030,0,0.0,0.0,6500000.0,6.5,0,0,0
Netherlands-Belgium,2031,0,0.0,0.0,6500000.0,6.5,0,0,0
Netherlands-Belgium,2032,0,0.0,0.0,6500000.0,6.5,0,0,0
Netherlands-Belgium,2033,0,0.0,0.0,6500000.0,6.5,0,0,0
Netherlands-Belgium,2034,0,0.0,0.0,6500000.0,6.5,0,0,0
Netherlands-Belgium,2035,0,0.0,0.0,6500000.0,6.5,0,0,0
Netherlands-Norway,2010,0,0.0,0.0,0.0,0.0,0,0,0
Netherlands-Norway,2011,0,0.0,0.0,0.0,0.0,0,0,0
Netherlands-Norway,2012,0,0.0,0.0,0.0,0.0,0,0,0
Netherlands-Norway,2013,0,0.0,0.0,0.0,0.0,0,0,0
Netherlands-Norway,2014,0,0.0,0.0,0.0,0.0,0,0,0
Netherlands-Norway,2015,0,0.0,0.0,0.0,0.0,0,0,0
Netherlands-Norway,2016,0,0.0,0.0,0.0,0.0,0,0,0
Netherlands-Norway,2017,0,0.0,0.0,0.0,0.0,0,0,0
Netherlands-Norway,2018,0,0.0,0.0,0.0,0.0,0,0,0
Netherlands-Norway,2019,0,0.0,0.0,0.0,0.0,0,0,0
Netherlands-Norway,2020,0,0.0,0.0,0.0,0.0,0,0,0
Netherlands-Norway,2021,0,0.0,0.0,0.0,0.0,0,0,0
Netherlands-Norway,2022,0,0.0,0.0,0.0,0.0,0,0,0
Netherlands-Norway,2023,0,0.0,0.0,0.0,0.0,0,0,0
Netherlands-Norway,2024,0,0.0,0.0,0.0,0.0,0,0,0
Netherlands-Norway,2025,0,0.0,0.0,0.0,0.0,0,0,0
Netherlands-Norway,2026,0,0.0,0.0,0.0,0.0,0,0,0
Netherlands-Norway,2027,0,0.0,0.0,0.0,0.0,0,0,0
Netherlands-Norway,2028,0,0.0,0.0,0.0,0.0,0,0,0
Netherlands-Norway,2029,0,0.0,0.0,0.0,0.0,0,0,0
Netherlands-Norway,2030,0,0.0,0.0,0.0,0.0,0,0,0
Netherlands-Norway,2031,0,0.0,0.0,0.0,0.0,0,0,0
Netherlands-Norway,2032,0,0.0,0.0,0.0,0.0,0,0,0
Netherlands-Norway,2033,0,0.0,0.0,0.0,0.0,0,0,0
Netherlands-Norway,2034,0,0.0,0.0,0.0,0.0,0,0,0
Netherlands-Norway,2035,1,20000000.0,20.0,20000000.0,20.0,0,1,0
New Zealand,2010,0,0.0,0.0,0.0,0.0,0,0,0
New Zealand,2011,0,0.0,0.0,0.0,0.0,0,0,0
New Zealand,2012,0,0.0,0.0,0.0,0.0,0,0,0
New Zealand,2013,0,0.0,0.0,0.0,0.0,0,0,0
New Zealand,2014,0,0.0,0.0,0.0,0.0,0,0,0
New Zealand,2015,0,0.0,0.0,0.0,0.0,0,0,0
New Zealand,2016,0,0.0,0.0,0.0,0.0,0,0,0
New Zealand,2017,0,0.0,0.0,0.0,0.0,0,0,0
New Zealand,2018,1,1000000.0,1.0,1000000.0,1.0,0,1,0
New Zealand,2019,0,0.0,0.0,1000000.0,1.0,0,0,0
New Zealand,2020,0,0.0,0.0,1000000.0,1.0,0,0,0
New Zealand,2021,0,0.0,0.0,1000000.0,1.0,0,0,0
New Zealand,2022,0,0.0,0.0,1000000.0,1.0,0,0,0
New Zealand,2023,0,0.0,0.0,1000000.0,1.0,0,0,0
New Zealand,2024,0,0.0,0.0,1000000.0,1.0,0,0,0
New Zealand,2025,0,0.0,0.0,1000000.0,1.0,0,0,0
New Zealand,2026,0,0.0,0.0,1000000.0,1.0,0,0,0
New Zealand,2027,0,0.0,0.0,1000000.0,1.0,0,0,0
New Zealand,2028,0,0.0,0.0,1000000.0,1.0,0,0,0
New Zealand,2029,0,0.0,0.0,1000000.0,1.0,0,0,0
New Zealand,2030,0,0.0,0.0,1000000.0,1.0,0,0,0
New Zealand,2031,0,0.0,0.0,1000000.0,1.0,0,0,0
New Zealand,2032,0,0.0,0.0,1000000.0,1.0,0,0,0
New Zealand,2033,0,0.0,0.0,1000000.0,1.0,0,0,0
New Zealand,2034,0,0.0,0.0,1000000.0,1.0,0,0,0
New Zealand,2035,0,0.0,0.0,1000000.0,1.0,0,0,0
North America,2010,3,7820000.0,7.82,7820000.0,7.82,2,1,0
North America,2011,1,330000.0,0.33,8150000.0,8.15,0,0,0
North America,2012,1,160000.0,0.16,8310000.0,8.31,1,0,0
North America,2013,6,7300000.0,7.3,15610000.0,15.61,4,2,0
North America,2014,1,1000000.0,1.0,16610000.0,16.61,1,0,0
North America,2015,1,1000000.0,1.0,17610000.0,17.61,1,0,0
North America,2016,1,1400000.0,1.4,19010000.0,19.01,1,0,0
North America,2017,6,13790000.0,13.79,32800000.0,32.8,2,2,0
North America,2018,2,2000000.0,2.0,34800000.0,34.8,0,1,0
North America,2019,6,11350000.0,11.35,46150000.0,46.15,0,6,0
North America,2020,10,30361000.0,30.361,76511000.0,76.511,5,5,0
North America,2021,29,29008000.0,29.008,105519000.0,105.519,0,28,0
North America,2022,54,61848000.0,61.848,167367000.0,167.367,1,49,1
North America,2023,77,437949000.0,437.949,605316000.0,605.316,5,66,0
North America,2024,28,7482000.0,7.482,612798000.0,612.798,3,22,1
North America,2025,25,42850000.0,42.85,655648000.0,655.648,12,8,0
North America,2026,19,49724000.0,49.724,705372000.0,705.372,0,3,12
North America,2027,46,120947000.0,120.947,826319000.0,826.319,0,43,0
North America,2028,85,155524000.0,155.524,981843000.0,981.843,0,76,5
North America,2029,23,50715000.0,50.715,1032558000.0,1032.558,0,18,4
North America,2030,29,134140000.0,134.14,1166698000.0,1166.698,0,29,0
North America,2031,1,1924000.0,1.924,1168622000.0,1168.622,0,1,0
North America,2032,3,3850000.0,3.85,1172472000.0,1172.472,0,3,0
North America,2033,0,0.0,0.0,1172472000.0,1172.472,0,0,0
North America,2034,1,1180000.0,1.18,1173652000.0,1173.652,0,1,0
North America,2035,1,500000.0,0.5,1174152000.0,1174.152,0,1,0
Oman,2010,0,0.0,0.0,0.0,0.0,0,0,0
Oman,2011,0,0.0,0.0,0.0,0.0,0,0,0
Oman,2012,0,0.0,0.0,0.0,0.0,0,0,0
Oman,2013,0,0.0,0.0,0.0,0.0,0,0,0
Oman,2014,0,0.0,0.0,0.0,0.0,0,0,0
Oman,2015,0,0.0,0.0,0.0,0.0,0,0,0
Oman,2016,0,0.0,0.0,0.0,0.0,0,0,0
Oman,2017,0,0.0,0.0,0.0,0.0,0,0,0
Oman,2018,0,0.0,0.0,0.0,0.0,0,0,0
Oman,2019,0,0.0,0.0,0.0,0.0,0,0,0
Oman,2020,0,0.0,0.0,0.0,0.0,0,0,0
Oman,2021,0,0.0,0.0,0.0,0.0,0,0,0
Oman,2022,0,0.0,0.0,0.0,0.0,0,0,0
Oman,2023,1,0.0,0.0,0.0,0.0,0,1,0
Oman,2024,1,0.0,0.0,0.0,0.0,0,1,0
Oman,2025,0,0.0,0.0,0.0,0.0,0,0,0
Oman,2026,0,0.0,0.0,0.0,0.0,0,0,0
Oman,2027,0,0.0,0.0,0.0,0.0,0,0,0
Oman,2028,0,0.0,0.0,0.0,0.0,0,0,0
Oman,2029,0,0.0,0.0,0.0,0.0,0,0,0
Oman,2030,0,0.0,0.0,0.0,0.0,0,0,0
Oman,2031,0,0.0,0.0,0.0,0.0,0,0,0
Oman,2032,0,0.0,0.0,0.0,0.0,0,0,0
Oman,2033,0,0.0,0.0,0.0,0.0,0,0,0
Oman,2034,0,0.0,0.0,0.0,0.0,0,0,0
Oman,2035,0,0.0,0.0,0.0,0.0,0,0,0
Oman-United Arab Emirates,2010,0,0.0,0.0,0.0,0.0,0,0,0
Oman-United Arab Emirates,2011,0,0.0,0.0,0.0,0.0,0,0,0
Oman-United Arab Emirates,2012,0,0.0,0.0,0.0,0.0,0,0,0
Oman-United Arab Emirates,2013,0,0.0,0.0,0.0,0.0,0,0,0
Oman-United Arab Emirates,2014,0,0.0,0.0,0.0,0.0,0,0,0
Oman-United Arab Emirates,2015,0,0.0,0.0,0.0,0.0,0,0,0
Oman-United Arab Emirates,2016,0,0.0,0.0,0.0,0.0,0,0,0
Oman-United Arab Emirates,2017,0,0.0,0.0,0.0,0.0,0,0,0
Oman-United Arab Emirates,2018,0,0.0,0.0,0.0,0.0,0,0,0
Oman-United Arab Emirates,2019,0,0.0,0.0,0.0,0.0,0,0,0
Oman-United Arab Emirates,2020,0,0.0,0.0,0.0,0.0,0,0,0
Oman-United Arab Emirates,2021,0,0.0,0.0,0.0,0.0,0,0,0
Oman-United Arab Emirates,2022,0,0.0,0.0,0.0,0.0,0,0,0
Oman-United Arab Emirates,2023,0,0.0,0.0,0.0,0.0,0,0,0
Oman-United Arab Emirates,2024,0,0.0,0.0,0.0,0.0,0,0,0
Oman-United Arab Emirates,2025,1,1000.0,0.001,1000.0,0.001,1,0,0
Oman-United Arab Emirates,2026,1,0.0,0.0,1000.0,0.001,0,0,1
Oman-United Arab Emirates,2027,0,0.0,0.0,1000.0,0.001,0,0,0
Oman-United Arab Emirates,2028,0,0.0,0.0,1000.0,0.001,0,0,0
Oman-United Arab Emirates,2029,0,0.0,0.0,1000.0,0.001,0,0,0
Oman-United Arab Emirates,2030,0,0.0,0.0,1000.0,0.001,0,0,0
Oman-United Arab Emirates,2031,0,0.0,0.0,1000.0,0.001,0,0,0
Oman-United Arab Emirates,2032,0,0.0,0.0,1000.0,0.001,0,0,0
Oman-United Arab Emirates,2033,0,0.0,0.0,1000.0,0.001,0,0,0
Oman-United Arab Emirates,2034,0,0.0,0.0,1000.0,0.001,0,0,0
Oman-United Arab Emirates,2035,0,0.0,0.0,1000.0,0.001,0,0,0
Other Asia Pacific,2010,4,1600000.0,1.6,1600000.0,1.6,0,3,0
Other Asia Pacific,2011,0,0.0,0.0,1600000.0,1.6,0,0,0
Other Asia Pacific,2012,0,0.0,0.0,1600000.0,1.6,0,0,0
Other Asia Pacific,2013,0,0.0,0.0,1600000.0,1.6,0,0,0
Other Asia Pacific,2014,0,0.0,0.0,1600000.0,1.6,0,0,0
Other Asia Pacific,2015,1,100000.0,0.1,1700000.0,1.7,1,0,0
Other Asia Pacific,2016,0,0.0,0.0,1700000.0,1.7,0,0,0
Other Asia Pacific,2017,0,0.0,0.0,1700000.0,1.7,0,0,0
Other Asia Pacific,2018,1,600000.0,0.6,2300000.0,2.3,1,0,0
Other Asia Pacific,2019,0,0.0,0.0,2300000.0,2.3,0,0,0
Other Asia Pacific,2020,1,180000.0,0.18,2480000.0,2.48,1,0,0
Other Asia Pacific,2021,3,2350000.0,2.35,4830000.0,4.83,2,1,0
Other Asia Pacific,2022,8,11300000.0,11.3,16130000.0,16.13,2,6,0
Other Asia Pacific,2023,17,6360000.0,6.36,22490000.0,22.49,6,11,0
Other Asia Pacific,2024,12,3650000.0,3.65,26140000.0,26.14,6,6,0
Other Asia Pacific,2025,4,2260000.0,2.26,28400000.0,28.4,3,1,0
Other Asia Pacific,2026,4,2500000.0,2.5,30900000.0,30.9,0,0,4
Other Asia Pacific,2027,6,6410000.0,6.41,37310000.0,37.31,0,5,1
Other Asia Pacific,2028,10,7980000.0,7.98,45290000.0,45.29,0,9,1
Other Asia Pacific,2029,3,600000.0,0.6,45890000.0,45.89,0,2,1
Other Asia Pacific,2030,36,30230000.0,30.23,76120000.0,76.12,0,35,1
Other Asia Pacific,2031,1,0.0,0.0,76120000.0,76.12,0,1,0
Other Asia Pacific,2032,1,0.0,0.0,76120000.0,76.12,0,1,0
Other Asia Pacific,2033,1,3000000.0,3.0,79120000.0,79.12,0,1,0
Other Asia Pacific,2034,0,0.0,0.0,79120000.0,79.12,0,0,0
Other Asia Pacific,2035,0,0.0,0.0,79120000.0,79.12,0,0,0
Papua New Guinea,2010,0,0.0,0.0,0.0,0.0,0,0,0
Papua New Guinea,2011,0,0.0,0.0,0.0,0.0,0,0,0
Papua New Guinea,2012,0,0.0,0.0,0.0,0.0,0,0,0
Papua New Guinea,2013,0,0.0,0.0,0.0,0.0,0,0,0
Papua New Guinea,2014,0,0.0,0.0,0.0,0.0,0,0,0
Papua New Guinea,2015,0,0.0,0.0,0.0,0.0,0,0,0
Papua New Guinea,2016,0,0.0,0.0,0.0,0.0,0,0,0
Papua New Guinea,2017,0,0.0,0.0,0.0,0.0,0,0,0
Papua New Guinea,2018,0,0.0,0.0,0.0,0.0,0,0,0
Papua New Guinea,2019,0,0.0,0.0,0.0,0.0,0,0,0
Papua New Guinea,2020,0,0.0,0.0,0.0,0.0,0,0,0
Papua New Guinea,2021,0,0.0,0.0,0.0,0.0,0,0,0
Papua New Guinea,2022,0,0.0,0.0,0.0,0.0,0,0,0
Papua New Guinea,2023,0,0.0,0.0,0.0,0.0,0,0,0
Papua New Guinea,2024,0,0.0,0.0,0.0,0.0,0,0,0
Papua New Guinea,2025,0,0.0,0.0,0.0,0.0,0,0,0
Papua New Guinea,2026,0,0.0,0.0,0.0,0.0,0,0,0
Papua New Guinea,2027,1,1000000.0,1.0,1000000.0,1.0,0,1,0
Papua New Guinea,2028,0,0.0,0.0,1000000.0,1.0,0,0,0
Papua New Guinea,2029,0,0.0,0.0,1000000.0,1.0,0,0,0
Papua New Guinea,2030,0,0.0,0.0,1000000.0,1.0,0,0,0
Papua New Guinea,2031,0,0.0,0.0,1000000.0,1.0,0,0,0
Papua New Guinea,2032,0,0.0,0.0,1000000.0,1.0,0,0,0
Papua New Guinea,2033,0,0.0,0.0,1000000.0,1.0,0,0,0
Papua New Guinea,2034,0,0.0,0.0,1000000.0,1.0,0,0,0
Papua New Guinea,2035,0,0.0,0.0,1000000.0,1.0,0,0,0
People's Republic of China,2010,1,200000.0,0.2,200000.0,0.2,0,1,0
People's Republic of China,2011,0,0.0,0.0,200000.0,0.2,0,0,0
People's Republic of China,2012,0,0.0,0.0,200000.0,0.2,0,0,0
People's Republic of China,2013,0,0.0,0.0,200000.0,0.2,0,0,0
People's Republic of China,2014,0,0.0,0.0,200000.0,0.2,0,0,0
People's Republic of China,2015,1,100000.0,0.1,300000.0,0.3,1,0,0
People's Republic of China,2016,0,0.0,0.0,300000.0,0.3,0,0,0
People's Republic of China,2017,0,0.0,0.0,300000.0,0.3,0,0,0
People's Republic of China,2018,1,600000.0,0.6,900000.0,0.9,1,0,0
People's Republic of China,2019,0,0.0,0.0,900000.0,0.9,0,0,0
People's Republic of China,2020,0,0.0,0.0,900000.0,0.9,0,0,0
People's Republic of China,2021,2,350000.0,0.35,1250000.0,1.25,2,0,0
People's Republic of China,2022,5,11300000.0,11.3,12550000.0,12.55,2,3,0
People's Republic of China,2023,8,4360000.0,4.36,16910000.0,16.91,6,2,0
People's Republic of China,2024,6,1150000.0,1.15,18060000.0,18.06,6,0,0
People's Republic of China,2025,3,2100000.0,2.1,20160000.0,20.16,3,0,0
People's Republic of China,2026,4,2500000.0,2.5,22660000.0,22.66,0,0,4
People's Republic of China,2027,3,3000000.0,3.0,25660000.0,25.66,0,2,1
People's Republic of China,2028,4,2150000.0,2.15,27810000.0,27.81,0,4,0
People's Republic of China,2029,1,600000.0,0.6,28410000.0,28.41,0,0,1
People's Republic of China,2030,7,10400000.0,10.4,38810000.0,38.81,0,7,0
People's Republic of China,2031,0,0.0,0.0,38810000.0,38.81,0,0,0
People's Republic of China,2032,0,0.0,0.0,38810000.0,38.81,0,0,0
People's Republic of China,2033,1,3000000.0,3.0,41810000.0,41.81,0,1,0
People's Republic of China,2034,0,0.0,0.0,41810000.0,41.81,0,0,0
People's Republic of China,2035,0,0.0,0.0,41810000.0,41.81,0,0,0
Poland,2010,0,0.0,0.0,0.0,0.0,0,0,0
Poland,2011,0,0.0,0.0,0.0,0.0,0,0,0
Poland,2012,0,0.0,0.0,0.0,0.0,0,0,0
Poland,2013,0,0.0,0.0,0.0,0.0,0,0,0
Poland,2014,0,0.0,0.0,0.0,0.0,0,0,0
Poland,2015,0,0.0,0.0,0.0,0.0,0,0,0
Poland,2016,0,0.0,0.0,0.0,0.0,0,0,0
Poland,2017,0,0.0,0.0,0.0,0.0,0,0,0
Poland,2018,0,0.0,0.0,0.0,0.0,0,0,0
Poland,2019,0,0.0,0.0,0.0,0.0,0,0,0
Poland,2020,0,0.0,0.0,0.0,0.0,0,0,0
Poland,2021,0,0.0,0.0,0.0,0.0,0,0,0
Poland,2022,0,0.0,0.0,0.0,0.0,0,0,0
Poland,2023,0,0.0,0.0,0.0,0.0,0,0,0
Poland,2024,0,0.0,0.0,0.0,0.0,0,0,0
Poland,2025,0,0.0,0.0,0.0,0.0,0,0,0
Poland,2026,0,0.0,0.0,0.0,0.0,0,0,0
Poland,2027,1,1000000.0,1.0,1000000.0,1.0,0,1,0
Poland,2028,0,0.0,0.0,1000000.0,1.0,0,0,0
Poland,2029,0,0.0,0.0,1000000.0,1.0,0,0,0
Poland,2030,1,0.0,0.0,1000000.0,1.0,0,1,0
Poland,2031,1,1200000.0,1.2,2200000.0,2.2,0,1,0
Poland,2032,0,0.0,0.0,2200000.0,2.2,0,0,0
Poland,2033,0,0.0,0.0,2200000.0,2.2,0,0,0
Poland,2034,0,0.0,0.0,2200000.0,2.2,0,0,0
Poland,2035,0,0.0,0.0,2200000.0,2.2,0,0,0
"Poland, Latvia, Lithuania",2010,0,0.0,0.0,0.0,0.0,0,0,0
"Poland, Latvia, Lithuania",2011,0,0.0,0.0,0.0,0.0,0,0,0
"Poland, Latvia, Lithuania",2012,0,0.0,0.0,0.0,0.0,0,0,0
"Poland, Latvia, Lithuania",2013,0,0.0,0.0,0.0,0.0,0,0,0
"Poland, Latvia, Lithuania",2014,0,0.0,0.0,0.0,0.0,0,0,0
"Poland, Latvia, Lithuania",2015,0,0.0,0.0,0.0,0.0,0,0,0
"Poland, Latvia, Lithuania",2016,0,0.0,0.0,0.0,0.0,0,0,0
"Poland, Latvia, Lithuania",2017,0,0.0,0.0,0.0,0.0,0,0,0
"Poland, Latvia, Lithuania",2018,0,0.0,0.0,0.0,0.0,0,0,0
"Poland, Latvia, Lithuania",2019,0,0.0,0.0,0.0,0.0,0,0,0
"Poland, Latvia, Lithuania",2020,0,0.0,0.0,0.0,0.0,0,0,0
"Poland, Latvia, Lithuania",2021,0,0.0,0.0,0.0,0.0,0,0,0
"Poland, Latvia, Lithuania",2022,0,0.0,0.0,0.0,0.0,0,0,0
"Poland, Latvia, Lithuania",2023,0,0.0,0.0,0.0,0.0,0,0,0
"Poland, Latvia, Lithuania",2024,0,0.0,0.0,0.0,0.0,0,0,0
"Poland, Latvia, Lithuania",2025,0,0.0,0.0,0.0,0.0,0,0,0
"Poland, Latvia, Lithuania",2026,0,0.0,0.0,0.0,0.0,0,0,0
"Poland, Latvia, Lithuania",2027,1,3000000.0,3.0,3000000.0,3.0,0,1,0
"Poland, Latvia, Lithuania",2028,0,0.0,0.0,3000000.0,3.0,0,0,0
"Poland, Latvia, Lithuania",2029,0,0.0,0.0,3000000.0,3.0,0,0,0
"Poland, Latvia, Lithuania",2030,0,0.0,0.0,3000000.0,3.0,0,0,0
"Poland, Latvia, Lithuania",2031,1,6000000.0,6.0,9000000.0,9.0,0,1,0
"Poland, Latvia, Lithuania",2032,0,0.0,0.0,9000000.0,9.0,0,0,0
"Poland, Latvia, Lithuania",2033,1,300000.0,0.3,9300000.0,9.3,0,1,0
"Poland, Latvia, Lithuania",2034,0,0.0,0.0,9300000.0,9.3,0,0,0
"Poland, Latvia, Lithuania",2035,0,0.0,0.0,9300000.0,9.3,0,0,0
Portugal,2010,0,0.0,0.0,0.0,0.0,0,0,0
Portugal,2011,0,0.0,0.0,0.0,0.0,0,0,0
Portugal,2012,0,0.0,0.0,0.0,0.0,0,0,0
Portugal,2013,0,0.0,0.0,0.0,0.0,0,0,0
Portugal,2014,0,0.0,0.0,0.0,0.0,0,0,0
Portugal,2015,0,0.0,0.0,0.0,0.0,0,0,0
Portugal,2016,0,0.0,0.0,0.0,0.0,0,0,0
Portugal,2017,0,0.0,0.0,0.0,0.0,0,0,0
Portugal,2018,0,0.0,0.0,0.0,0.0,0,0,0
Portugal,2019,0,0.0,0.0,0.0,0.0,0,0,0
Portugal,2020,0,0.0,0.0,0.0,0.0,0,0,0
Portugal,2021,0,0.0,0.0,0.0,0.0,0,0,0
Portugal,2022,1,100000.0,0.1,100000.0,0.1,0,1,0
Portugal,2023,0,0.0,0.0,100000.0,0.1,0,0,0
Portugal,2024,0,0.0,0.0,100000.0,0.1,0,0,0
Portugal,2025,0,0.0,0.0,100000.0,0.1,0,0,0
Portugal,2026,0,0.0,0.0,100000.0,0.1,0,0,0
Portugal,2027,0,0.0,0.0,100000.0,0.1,0,0,0
Portugal,2028,0,0.0,0.0,100000.0,0.1,0,0,0
Portugal,2029,0,0.0,0.0,100000.0,0.1,0,0,0
Portugal,2030,0,0.0,0.0,100000.0,0.1,0,0,0
Portugal,2031,0,0.0,0.0,100000.0,0.1,0,0,0
Portugal,2032,0,0.0,0.0,100000.0,0.1,0,0,0
Portugal,2033,0,0.0,0.0,100000.0,0.1,0,0,0
Portugal,2034,0,0.0,0.0,100000.0,0.1,0,0,0
Portugal,2035,0,0.0,0.0,100000.0,0.1,0,0,0
Qatar,2010,0,0.0,0.0,0.0,0.0,0,0,0
Qatar,2011,0,0.0,0.0,0.0,0.0,0,0,0
Qatar,2012,0,0.0,0.0,0.0,0.0,0,0,0
Qatar,2013,0,0.0,0.0,0.0,0.0,0,0,0
Qatar,2014,0,0.0,0.0,0.0,0.0,0,0,0
Qatar,2015,0,0.0,0.0,0.0,0.0,0,0,0
Qatar,2016,0,0.0,0.0,0.0,0.0,0,0,0
Qatar,2017,0,0.0,0.0,0.0,0.0,0,0,0
Qatar,2018,0,0.0,0.0,0.0,0.0,0,0,0
Qatar,2019,1,2200000.0,2.2,2200000.0,2.2,1,0,0
Qatar,2020,0,0.0,0.0,2200000.0,2.2,0,0,0
Qatar,2021,0,0.0,0.0,2200000.0,2.2,0,0,0
Qatar,2022,0,0.0,0.0,2200000.0,2.2,0,0,0
Qatar,2023,0,0.0,0.0,2200000.0,2.2,0,0,0
Qatar,2024,0,0.0,0.0,2200000.0,2.2,0,0,0
Qatar,2025,0,0.0,0.0,2200000.0,2.2,0,0,0
Qatar,2026,1,1500000.0,1.5,3700000.0,3.7,0,0,1
Qatar,2027,1,4300000.0,4.3,8000000.0,8.0,0,0,1
Qatar,2028,0,0.0,0.0,8000000.0,8.0,0,0,0
Qatar,2029,0,0.0,0.0,8000000.0,8.0,0,0,0
Qatar,2030,0,0.0,0.0,8000000.0,8.0,0,0,0
Qatar,2031,0,0.0,0.0,8000000.0,8.0,0,0,0
Qatar,2032,0,0.0,0.0,8000000.0,8.0,0,0,0
Qatar,2033,0,0.0,0.0,8000000.0,8.0,0,0,0
Qatar,2034,0,0.0,0.0,8000000.0,8.0,0,0,0
Qatar,2035,0,0.0,0.0,8000000.0,8.0,0,0,0
Romania,2010,1,1300000.0,1.3,1300000.0,1.3,0,1,0
Romania,2011,0,0.0,0.0,1300000.0,1.3,0,0,0
Romania,2012,0,0.0,0.0,1300000.0,1.3,0,0,0
Romania,2013,0,0.0,0.0,1300000.0,1.3,0,0,0
Romania,2014,0,0.0,0.0,1300000.0,1.3,0,0,0
Romania,2015,0,0.0,0.0,1300000.0,1.3,0,0,0
Romania,2016,0,0.0,0.0,1300000.0,1.3,0,0,0
Romania,2017,0,0.0,0.0,1300000.0,1.3,0,0,0
Romania,2018,0,0.0,0.0,1300000.0,1.3,0,0,0
Romania,2019,0,0.0,0.0,1300000.0,1.3,0,0,0
Romania,2020,0,0.0,0.0,1300000.0,1.3,0,0,0
Romania,2021,0,0.0,0.0,1300000.0,1.3,0,0,0
Romania,2022,0,0.0,0.0,1300000.0,1.3,0,0,0
Romania,2023,0,0.0,0.0,1300000.0,1.3,0,0,0
Romania,2024,0,0.0,0.0,1300000.0,1.3,0,0,0
Romania,2025,0,0.0,0.0,1300000.0,1.3,0,0,0
Romania,2026,0,0.0,0.0,1300000.0,1.3,0,0,0
Romania,2027,0,0.0,0.0,1300000.0,1.3,0,0,0
Romania,2028,0,0.0,0.0,1300000.0,1.3,0,0,0
Romania,2029,1,600000.0,0.6,1900000.0,1.9,0,1,0
Romania,2030,0,0.0,0.0,1900000.0,1.9,0,0,0
Romania,2031,0,0.0,0.0,1900000.0,1.9,0,0,0
Romania,2032,1,1000000.0,1.0,2900000.0,2.9,0,1,0
Romania,2033,0,0.0,0.0,2900000.0,2.9,0,0,0
Romania,2034,0,0.0,0.0,2900000.0,2.9,0,0,0
Romania,2035,0,0.0,0.0,2900000.0,2.9,0,0,0
Russia,2010,1,0.0,0.0,0.0,0.0,0,1,0
Russia,2011,0,0.0,0.0,0.0,0.0,0,0,0
Russia,2012,0,0.0,0.0,0.0,0.0,0,0,0
Russia,2013,0,0.0,0.0,0.0,0.0,0,0,0
Russia,2014,0,0.0,0.0,0.0,0.0,0,0,0
Russia,2015,0,0.0,0.0,0.0,0.0,0,0,0
Russia,2016,0,0.0,0.0,0.0,0.0,0,0,0
Russia,2017,0,0.0,0.0,0.0,0.0,0,0,0
Russia,2018,0,0.0,0.0,0.0,0.0,0,0,0
Russia,2019,0,0.0,0.0,0.0,0.0,0,0,0
Russia,2020,0,0.0,0.0,0.0,0.0,0,0,0
Russia,2021,0,0.0,0.0,0.0,0.0,0,0,0
Russia,2022,0,0.0,0.0,0.0,0.0,0,0,0
Russia,2023,0,0.0,0.0,0.0,0.0,0,0,0
Russia,2024,0,0.0,0.0,0.0,0.0,0,0,0
Russia,2025,0,0.0,0.0,0.0,0.0,0,0,0
Russia,2026,0,0.0,0.0,0.0,0.0,0,0,0
Russia,2027,0,0.0,0.0,0.0,0.0,0,0,0
Russia,2028,0,0.0,0.0,0.0,0.0,0,0,0
Russia,2029,0,0.0,0.0,0.0,0.0,0,0,0
Russia,2030,0,0.0,0.0,0.0,0.0,0,0,0
Russia,2031,0,0.0,0.0,0.0,0.0,0,0,0
Russia,2032,0,0.0,0.0,0.0,0.0,0,0,0
Russia,2033,0,0.0,0.0,0.0,0.0,0,0,0
Russia,2034,0,0.0,0.0,0.0,0.0,0,0,0
Russia,2035,0,0.0,0.0,0.0,0.0,0,0,0
Saudi Arabia,2010,0,0.0,0.0,0.0,0.0,0,0,0
Saudi Arabia,2011,0,0.0,0.0,0.0,0.0,0,0,0
Saudi Arabia,2012,0,0.0,0.0,0.0,0.0,0,0,0
Saudi Arabia,2013,0,0.0,0.0,0.0,0.0,0,0,0
Saudi Arabia,2014,0,0.0,0.0,0.0,0.0,0,0,0
Saudi Arabia,2015,1,800000.0,0.8,800000.0,0.8,1,0,0
Saudi Arabia,2016,0,0.0,0.0,800000.0,0.8,0,0,0
Saudi Arabia,2017,0,0.0,0.0,800000.0,0.8,0,0,0
Saudi Arabia,2018,0,0.0,0.0,800000.0,0.8,0,0,0
Saudi Arabia,2019,0,0.0,0.0,800000.0,0.8,0,0,0
Saudi Arabia,2020,0,0.0,0.0,800000.0,0.8,0,0,0
Saudi Arabia,2021,0,0.0,0.0,800000.0,0.8,0,0,0
Saudi Arabia,2022,0,0.0,0.0,800000.0,0.8,0,0,0
Saudi Arabia,2023,0,0.0,0.0,800000.0,0.8,0,0,0
Saudi Arabia,2024,3,5436000.0,5.436,6236000.0,6.236,0,3,0
Saudi Arabia,2025,1,0.0,0.0,6236000.0,6.236,0,1,0
Saudi Arabia,2026,0,0.0,0.0,6236000.0,6.236,0,0,0
Saudi Arabia,2027,2,15000000.0,15.0,21236000.0,21.236,0,0,2
Saudi Arabia,2028,0,0.0,0.0,21236000.0,21.236,0,0,0
Saudi Arabia,2029,0,0.0,0.0,21236000.0,21.236,0,0,0
Saudi Arabia,2030,0,0.0,0.0,21236000.0,21.236,0,0,0
Saudi Arabia,2031,0,0.0,0.0,21236000.0,21.236,0,0,0
Saudi Arabia,2032,0,0.0,0.0,21236000.0,21.236,0,0,0
Saudi Arabia,2033,0,0.0,0.0,21236000.0,21.236,0,0,0
Saudi Arabia,2034,0,0.0,0.0,21236000.0,21.236,0,0,0
Saudi Arabia,2035,0,0.0,0.0,21236000.0,21.236,0,0,0
Singapore,2010,0,0.0,0.0,0.0,0.0,0,0,0
Singapore,2011,0,0.0,0.0,0.0,0.0,0,0,0
Singapore,2012,0,0.0,0.0,0.0,0.0,0,0,0
Singapore,2013,0,0.0,0.0,0.0,0.0,0,0,0
Singapore,2014,0,0.0,0.0,0.0,0.0,0,0,0
Singapore,2015,0,0.0,0.0,0.0,0.0,0,0,0
Singapore,2016,0,0.0,0.0,0.0,0.0,0,0,0
Singapore,2017,0,0.0,0.0,0.0,0.0,0,0,0
Singapore,2018,0,0.0,0.0,0.0,0.0,0,0,0
Singapore,2019,0,0.0,0.0,0.0,0.0,0,0,0
Singapore,2020,0,0.0,0.0,0.0,0.0,0,0,0
Singapore,2021,0,0.0,0.0,0.0,0.0,0,0,0
Singapore,2022,0,0.0,0.0,0.0,0.0,0,0,0
Singapore,2023,0,0.0,0.0,0.0,0.0,0,0,0
Singapore,2024,2,2500000.0,2.5,2500000.0,2.5,0,2,0
Singapore,2025,0,0.0,0.0,2500000.0,2.5,0,0,0
Singapore,2026,0,0.0,0.0,2500000.0,2.5,0,0,0
Singapore,2027,0,0.0,0.0,2500000.0,2.5,0,0,0
Singapore,2028,0,0.0,0.0,2500000.0,2.5,0,0,0
Singapore,2029,0,0.0,0.0,2500000.0,2.5,0,0,0
Singapore,2030,0,0.0,0.0,2500000.0,2.5,0,0,0
Singapore,2031,0,0.0,0.0,2500000.0,2.5,0,0,0
Singapore,2032,0,0.0,0.0,2500000.0,2.5,0,0,0
Singapore,2033,0,0.0,0.0,2500000.0,2.5,0,0,0
Singapore,2034,0,0.0,0.0,2500000.0,2.5,0,0,0
Singapore,2035,0,0.0,0.0,2500000.0,2.5,0,0,0
Singapore-Australia,2010,0,0.0,0.0,0.0,0.0,0,0,0
Singapore-Australia,2011,0,0.0,0.0,0.0,0.0,0,0,0
Singapore-Australia,2012,0,0.0,0.0,0.0,0.0,0,0,0
Singapore-Australia,2013,0,0.0,0.0,0.0,0.0,0,0,0
Singapore-Australia,2014,0,0.0,0.0,0.0,0.0,0,0,0
Singapore-Australia,2015,0,0.0,0.0,0.0,0.0,0,0,0
Singapore-Australia,2016,0,0.0,0.0,0.0,0.0,0,0,0
Singapore-Australia,2017,0,0.0,0.0,0.0,0.0,0,0,0
Singapore-Australia,2018,0,0.0,0.0,0.0,0.0,0,0,0
Singapore-Australia,2019,0,0.0,0.0,0.0,0.0,0,0,0
Singapore-Australia,2020,0,0.0,0.0,0.0,0.0,0,0,0
Singapore-Australia,2021,0,0.0,0.0,0.0,0.0,0,0,0
Singapore-Australia,2022,1,2500000.0,2.5,2500000.0,2.5,0,1,0
Singapore-Australia,2023,0,0.0,0.0,2500000.0,2.5,0,0,0
Singapore-Australia,2024,0,0.0,0.0,2500000.0,2.5,0,0,0
Singapore-Australia,2025,0,0.0,0.0,2500000.0,2.5,0,0,0
Singapore-Australia,2026,0,0.0,0.0,2500000.0,2.5,0,0,0
Singapore-Australia,2027,0,0.0,0.0,2500000.0,2.5,0,0,0
Singapore-Australia,2028,0,0.0,0.0,2500000.0,2.5,0,0,0
Singapore-Australia,2029,0,0.0,0.0,2500000.0,2.5,0,0,0
Singapore-Australia,2030,0,0.0,0.0,2500000.0,2.5,0,0,0
Singapore-Australia,2031,0,0.0,0.0,2500000.0,2.5,0,0,0
Singapore-Australia,2032,0,0.0,0.0,2500000.0,2.5,0,0,0
Singapore-Australia,2033,0,0.0,0.0,2500000.0,2.5,0,0,0
Singapore-Australia,2034,0,0.0,0.0,2500000.0,2.5,0,0,0
Singapore-Australia,2035,0,0.0,0.0,2500000.0,2.5,0,0,0
Slovakia,2010,1,1500000.0,1.5,1500000.0,1.5,0,1,0
Slovakia,2011,0,0.0,0.0,1500000.0,1.5,0,0,0
Slovakia,2012,0,0.0,0.0,1500000.0,1.5,0,0,0
Slovakia,2013,0,0.0,0.0,1500000.0,1.5,0,0,0
Slovakia,2014,0,0.0,0.0,1500000.0,1.5,0,0,0
Slovakia,2015,0,0.0,0.0,1500000.0,1.5,0,0,0
Slovakia,2016,0,0.0,0.0,1500000.0,1.5,0,0,0
Slovakia,2017,0,0.0,0.0,1500000.0,1.5,0,0,0
Slovakia,2018,0,0.0,0.0,1500000.0,1.5,0,0,0
Slovakia,2019,0,0.0,0.0,1500000.0,1.5,0,0,0
Slovakia,2020,0,0.0,0.0,1500000.0,1.5,0,0,0
Slovakia,2021,0,0.0,0.0,1500000.0,1.5,0,0,0
Slovakia,2022,0,0.0,0.0,1500000.0,1.5,0,0,0
Slovakia,2023,0,0.0,0.0,1500000.0,1.5,0,0,0
Slovakia,2024,0,0.0,0.0,1500000.0,1.5,0,0,0
Slovakia,2025,0,0.0,0.0,1500000.0,1.5,0,0,0
Slovakia,2026,0,0.0,0.0,1500000.0,1.5,0,0,0
Slovakia,2027,0,0.0,0.0,1500000.0,1.5,0,0,0
Slovakia,2028,0,0.0,0.0,1500000.0,1.5,0,0,0
Slovakia,2029,0,0.0,0.0,1500000.0,1.5,0,0,0
Slovakia,2030,0,0.0,0.0,1500000.0,1.5,0,0,0
Slovakia,2031,0,0.0,0.0,1500000.0,1.5,0,0,0
Slovakia,2032,0,0.0,0.0,1500000.0,1.5,0,0,0
Slovakia,2033,0,0.0,0.0,1500000.0,1.5,0,0,0
Slovakia,2034,0,0.0,0.0,1500000.0,1.5,0,0,0
Slovakia,2035,0,0.0,0.0,1500000.0,1.5,0,0,0
South Korea,2010,2,1400000.0,1.4,1400000.0,1.4,0,1,0
South Korea,2011,0,0.0,0.0,1400000.0,1.4,0,0,0
South Korea,2012,0,0.0,0.0,1400000.0,1.4,0,0,0
South Korea,2013,0,0.0,0.0,1400000.0,1.4,0,0,0
South Korea,2014,0,0.0,0.0,1400000.0,1.4,0,0,0
South Korea,2015,0,0.0,0.0,1400000.0,1.4,0,0,0
South Korea,2016,0,0.0,0.0,1400000.0,1.4,0,0,0
South Korea,2017,0,0.0,0.0,1400000.0,1.4,0,0,0
South Korea,2018,0,0.0,0.0,1400000.0,1.4,0,0,0
South Korea,2019,0,0.0,0.0,1400000.0,1.4,0,0,0
South Korea,2020,0,0.0,0.0,1400000.0,1.4,0,0,0
South Korea,2021,1,2000000.0,2.0,3400000.0,3.4,0,1,0
South Korea,2022,0,0.0,0.0,3400000.0,3.4,0,0,0
South Korea,2023,1,0.0,0.0,3400000.0,3.4,0,1,0
South Korea,2024,1,0.0,0.0,3400000.0,3.4,0,1,0
South Korea,2025,0,0.0,0.0,3400000.0,3.4,0,0,0
South Korea,2026,0,0.0,0.0,3400000.0,3.4,0,0,0
South Korea,2027,0,0.0,0.0,3400000.0,3.4,0,0,0
South Korea,2028,0,0.0,0.0,3400000.0,3.4,0,0,0
South Korea,2029,0,0.0,0.0,3400000.0,3.4,0,0,0
South Korea,2030,2,1630000.0,1.63,5030000.0,5.03,0,2,0
South Korea,2031,0,0.0,0.0,5030000.0,5.03,0,0,0
South Korea,2032,0,0.0,0.0,5030000.0,5.03,0,0,0
South Korea,2033,0,0.0,0.0,5030000.0,5.03,0,0,0
South Korea,2034,0,0.0,0.0,5030000.0,5.03,0,0,0
South Korea,2035,0,0.0,0.0,5030000.0,5.03,0,0,0
South Korea-Malaysia,2010,0,0.0,0.0,0.0,0.0,0,0,0
South Korea-Malaysia,2011,0,0.0,0.0,0.0,0.0,0,0,0
South Korea-Malaysia,2012,0,0.0,0.0,0.0,0.0,0,0,0
South Korea-Malaysia,2013,0,0.0,0.0,0.0,0.0,0,0,0
South Korea-Malaysia,2014,0,0.0,0.0,0.0,0.0,0,0,0
South Korea-Malaysia,2015,0,0.0,0.0,0.0,0.0,0,0,0
South Korea-Malaysia,2016,0,0.0,0.0,0.0,0.0,0,0,0
South Korea-Malaysia,2017,0,0.0,0.0,0.0,0.0,0,0,0
South Korea-Malaysia,2018,0,0.0,0.0,0.0,0.0,0,0,0
South Korea-Malaysia,2019,0,0.0,0.0,0.0,0.0,0,0,0
South Korea-Malaysia,2020,0,0.0,0.0,0.0,0.0,0,0,0
South Korea-Malaysia,2021,0,0.0,0.0,0.0,0.0,0,0,0
South Korea-Malaysia,2022,1,0.0,0.0,0.0,0.0,0,1,0
South Korea-Malaysia,2023,0,0.0,0.0,0.0,0.0,0,0,0
South Korea-Malaysia,2024,0,0.0,0.0,0.0,0.0,0,0,0
South Korea-Malaysia,2025,0,0.0,0.0,0.0,0.0,0,0,0
South Korea-Malaysia,2026,0,0.0,0.0,0.0,0.0,0,0,0
South Korea-Malaysia,2027,0,0.0,0.0,0.0,0.0,0,0,0
South Korea-Malaysia,2028,0,0.0,0.0,0.0,0.0,0,0,0
South Korea-Malaysia,2029,0,0.0,0.0,0.0,0.0,0,0,0
South Korea-Malaysia,2030,0,0.0,0.0,0.0,0.0,0,0,0
South Korea-Malaysia,2031,0,0.0,0.0,0.0,0.0,0,0,0
South Korea-Malaysia,2032,0,0.0,0.0,0.0,0.0,0,0,0
South Korea-Malaysia,2033,0,0.0,0.0,0.0,0.0,0,0,0
South Korea-Malaysia,2034,0,0.0,0.0,0.0,0.0,0,0,0
South Korea-Malaysia,2035,0,0.0,0.0,0.0,0.0,0,0,0
Spain,2010,1,0.0,0.0,0.0,0.0,0,1,0
Spain,2011,0,0.0,0.0,0.0,0.0,0,0,0
Spain,2012,0,0.0,0.0,0.0,0.0,0,0,0
Spain,2013,0,0.0,0.0,0.0,0.0,0,0,0
Spain,2014,0,0.0,0.0,0.0,0.0,0,0,0
Spain,2015,0,0.0,0.0,0.0,0.0,0,0,0
Spain,2016,0,0.0,0.0,0.0,0.0,0,0,0
Spain,2017,0,0.0,0.0,0.0,0.0,0,0,0
Spain,2018,0,0.0,0.0,0.0,0.0,0,0,0
Spain,2019,0,0.0,0.0,0.0,0.0,0,0,0
Spain,2020,1,600000.0,0.6,600000.0,0.6,0,0,0
Spain,2021,0,0.0,0.0,600000.0,0.6,0,0,0
Spain,2022,0,0.0,0.0,600000.0,0.6,0,0,0
Spain,2023,0,0.0,0.0,600000.0,0.6,0,0,0
Spain,2024,0,0.0,0.0,600000.0,0.6,0,0,0
Spain,2025,0,0.0,0.0,600000.0,0.6,0,0,0
Spain,2026,0,0.0,0.0,600000.0,0.6,0,0,0
Spain,2027,1,340000.0,0.34,940000.0,0.94,0,1,0
Spain,2028,0,0.0,0.0,940000.0,0.94,0,0,0
Spain,2029,0,0.0,0.0,940000.0,0.94,0,0,0
Spain,2030,1,1100000.0,1.1,2040000.0,2.04,0,1,0
Spain,2031,3,3700000.0,3.7,5740000.0,5.74,0,3,0
Spain,2032,2,1300000.0,1.3,7040000.0,7.04,0,2,0
Spain,2033,0,0.0,0.0,7040000.0,7.04,0,0,0
Spain,2034,0,0.0,0.0,7040000.0,7.04,0,0,0
Spain,2035,0,0.0,0.0,7040000.0,7.04,0,0,0
Sweden-Finland,2010,0,0.0,0.0,0.0,0.0,0,0,0
Sweden-Finland,2011,0,0.0,0.0,0.0,0.0,0,0,0
Sweden-Finland,2012,0,0.0,0.0,0.0,0.0,0,0,0
Sweden-Finland,2013,0,0.0,0.0,0.0,0.0,0,0,0
Sweden-Finland,2014,0,0.0,0.0,0.0,0.0,0,0,0
Sweden-Finland,2015,0,0.0,0.0,0.0,0.0,0,0,0
Sweden-Finland,2016,0,0.0,0.0,0.0,0.0,0,0,0
Sweden-Finland,2017,0,0.0,0.0,0.0,0.0,0,0,0
Sweden-Finland,2018,0,0.0,0.0,0.0,0.0,0,0,0
Sweden-Finland,2019,0,0.0,0.0,0.0,0.0,0,0,0
Sweden-Finland,2020,0,0.0,0.0,0.0,0.0,0,0,0
Sweden-Finland,2021,0,0.0,0.0,0.0,0.0,0,0,0
Sweden-Finland,2022,0,0.0,0.0,0.0,0.0,0,0,0
Sweden-Finland,2023,0,0.0,0.0,0.0,0.0,0,0,0
Sweden-Finland,2024,0,0.0,0.0,0.0,0.0,0,0,0
Sweden-Finland,2025,0,0.0,0.0,0.0,0.0,0,0,0
Sweden-Finland,2026,0,0.0,0.0,0.0,0.0,0,0,0
Sweden-Finland,2027,0,0.0,0.0,0.0,0.0,0,0,0
Sweden-Finland,2028,0,0.0,0.0,0.0,0.0,0,0,0
Sweden-Finland,2029,0,0.0,0.0,0.0,0.0,0,0,0
Sweden-Finland,2030,1,20000000.0,20.0,20000000.0,20.0,0,1,0
Sweden-Finland,2031,0,0.0,0.0,20000000.0,20.0,0,0,0
Sweden-Finland,2032,0,0.0,0.0,20000000.0,20.0,0,0,0
Sweden-Finland,2033,0,0.0,0.0,20000000.0,20.0,0,0,0
Sweden-Finland,2034,0,0.0,0.0,20000000.0,20.0,0,0,0
Sweden-Finland,2035,0,0.0,0.0,20000000.0,20.0,0,0,0
Switzerland,2010,0,0.0,0.0,0.0,0.0,0,0,0
Switzerland,2011,0,0.0,0.0,0.0,0.0,0,0,0
Switzerland,2012,0,0.0,0.0,0.0,0.0,0,0,0
Switzerland,2013,0,0.0,0.0,0.0,0.0,0,0,0
Switzerland,2014,0,0.0,0.0,0.0,0.0,0,0,0
Switzerland,2015,0,0.0,0.0,0.0,0.0,0,0,0
Switzerland,2016,0,0.0,0.0,0.0,0.0,0,0,0
Switzerland,2017,0,0.0,0.0,0.0,0.0,0,0,0
Switzerland,2018,0,0.0,0.0,0.0,0.0,0,0,0
Switzerland,2019,0,0.0,0.0,0.0,0.0,0,0,0
Switzerland,2020,0,0.0,0.0,0.0,0.0,0,0,0
Switzerland,2021,0,0.0,0.0,0.0,0.0,0,0,0
Switzerland,2022,0,0.0,0.0,0.0,0.0,0,0,0
Switzerland,2023,1,0.0,0.0,0.0,0.0,0,1,0
Switzerland,2024,0,0.0,0.0,0.0,0.0,0,0,0
Switzerland,2025,2,120000.0,0.12,120000.0,0.12,0,2,0
Switzerland,2026,0,0.0,0.0,120000.0,0.12,0,0,0
Switzerland,2027,0,0.0,0.0,120000.0,0.12,0,0,0
Switzerland,2028,0,0.0,0.0,120000.0,0.12,0,0,0
Switzerland,2029,1,100000.0,0.1,220000.0,0.22,0,1,0
Switzerland,2030,0,0.0,0.0,220000.0,0.22,0,0,0
Switzerland,2031,0,0.0,0.0,220000.0,0.22,0,0,0
Switzerland,2032,0,0.0,0.0,220000.0,0.22,0,0,0
Switzerland,2033,0,0.0,0.0,220000.0,0.22,0,0,0
Switzerland,2034,0,0.0,0.0,220000.0,0.22,0,0,0
Switzerland,2035,0,0.0,0.0,220000.0,0.22,0,0,0
Thailand,2010,0,0.0,0.0,0.0,0.0,0,0,0
Thailand,2011,0,0.0,0.0,0.0,0.0,0,0,0
Thailand,2012,0,0.0,0.0,0.0,0.0,0,0,0
Thailand,2013,0,0.0,0.0,0.0,0.0,0,0,0
Thailand,2014,0,0.0,0.0,0.0,0.0,0,0,0
Thailand,2015,0,0.0,0.0,0.0,0.0,0,0,0
Thailand,2016,0,0.0,0.0,0.0,0.0,0,0,0
Thailand,2017,0,0.0,0.0,0.0,0.0,0,0,0
Thailand,2018,0,0.0,0.0,0.0,0.0,0,0,0
Thailand,2019,0,0.0,0.0,0.0,0.0,0,0,0
Thailand,2020,0,0.0,0.0,0.0,0.0,0,0,0
Thailand,2021,0,0.0,0.0,0.0,0.0,0,0,0
Thailand,2022,0,0.0,0.0,0.0,0.0,0,0,0
Thailand,2023,0,0.0,0.0,0.0,0.0,0,0,0
Thailand,2024,1,0.0,0.0,0.0,0.0,0,1,0
Thailand,2025,0,0.0,0.0,0.0,0.0,0,0,0
Thailand,2026,0,0.0,0.0,0.0,0.0,0,0,0
Thailand,2027,0,0.0,0.0,0.0,0.0,0,0,0
Thailand,2028,1,1000000.0,1.0,1000000.0,1.0,0,1,0
Thailand,2029,0,0.0,0.0,1000000.0,1.0,0,0,0
Thailand,2030,0,0.0,0.0,1000000.0,1.0,0,0,0
Thailand,2031,0,0.0,0.0,1000000.0,1.0,0,0,0
Thailand,2032,0,0.0,0.0,1000000.0,1.0,0,0,0
Thailand,2033,0,0.0,0.0,1000000.0,1.0,0,0,0
Thailand,2034,0,0.0,0.0,1000000.0,1.0,0,0,0
Thailand,2035,0,0.0,0.0,1000000.0,1.0,0,0,0
United States,2010,2,7820000.0,7.82,7820000.0,7.82,2,0,0
United States,2011,1,330000.0,0.33,8150000.0,8.15,0,0,0
United States,2012,1,160000.0,0.16,8310000.0,8.31,1,0,0
United States,2013,6,7300000.0,7.3,15610000.0,15.61,4,2,0
United States,2014,0,0.0,0.0,15610000.0,15.61,0,0,0
United States,2015,0,0.0,0.0,15610000.0,15.61,0,0,0
United States,2016,1,1400000.0,1.4,17010000.0,17.01,1,0,0
United States,2017,5,13390000.0,13.39,30400000.0,30.4,1,2,0
United States,2018,1,0.0,0.0,30400000.0,30.4,0,1,0
United States,2019,6,11350000.0,11.35,41750000.0,41.75,0,6,0
United States,2020,5,9661000.0,9.661,51411000.0,51.411,0,5,0
United States,2021,21,14315000.0,14.315,65726000.0,65.726,0,21,0
United States,2022,37,35348000.0,35.348,101074000.0,101.074,1,35,1
United States,2023,73,437949000.0,437.949,539023000.0,539.023,5,63,0
United States,2024,25,7336000.0,7.336,546359000.0,546.359,3,20,0
United States,2025,20,41146000.0,41.146,587505000.0,587.505,10,7,0
United States,2026,14,41992000.0,41.992,629497000.0,629.497,0,2,8
United States,2027,31,94672000.0,94.672,724169000.0,724.169,0,30,0
United States,2028,70,121926000.0,121.926,846095000.0,846.095,0,64,2
United States,2029,20,42715000.0,42.715,888810000.0,888.81,0,16,3
United States,2030,25,82740000.0,82.74,971550000.0,971.55,0,25,0
United States,2031,1,1924000.0,1.924,973474000.0,973.474,0,1,0
United States,2032,3,3850000.0,3.85,977324000.0,977.324,0,3,0
United States,2033,0,0.0,0.0,977324000.0,977.324,0,0,0
United States,2034,0,0.0,0.0,977324000.0,977.324,0,0,0
United States,2035,1,500000.0,0.5,977824000.0,977.824,0,1,0
United States-Canada,2010,0,0.0,0.0,0.0,0.0,0,0,0
United States-Canada,2011,0,0.0,0.0,0.0,0.0,0,0,0
United States-Canada,2012,0,0.0,0.0,0.0,0.0,0,0,0
United States-Canada,2013,0,0.0,0.0,0.0,0.0,0,0,0
United States-Canada,2014,0,0.0,0.0,0.0,0.0,0,0,0
United States-Canada,2015,0,0.0,0.0,0.0,0.0,0,0,0
United States-Canada,2016,0,0.0,0.0,0.0,0.0,0,0,0
United States-Canada,2017,0,0.0,0.0,0.0,0.0,0,0,0
United States-Canada,2018,0,0.0,0.0,0.0,0.0,0,0,0
United States-Canada,2019,0,0.0,0.0,0.0,0.0,0,0,0
United States-Canada,2020,0,0.0,0.0,0.0,0.0,0,0,0
United States-Canada,2021,0,0.0,0.0,0.0,0.0,0,0,0
United States-Canada,2022,0,0.0,0.0,0.0,0.0,0,0,0
United States-Canada,2023,0,0.0,0.0,0.0,0.0,0,0,0
United States-Canada,2024,0,0.0,0.0,0.0,0.0,0,0,0
United States-Canada,2025,0,0.0,0.0,0.0,0.0,0,0,0
United States-Canada,2026,0,0.0,0.0,0.0,0.0,0,0,0
United States-Canada,2027,0,0.0,0.0,0.0,0.0,0,0,0
United States-Canada,2028,0,0.0,0.0,0.0,0.0,0,0,0
United States-Canada,2029,0,0.0,0.0,0.0,0.0,0,0,0
United States-Canada,2030,0,0.0,0.0,0.0,0.0,0,0,0
United States-Canada,2031,0,0.0,0.0,0.0,0.0,0,0,0
United States-Canada,2032,0,0.0,0.0,0.0,0.0,0,0,0
United States-Canada,2033,0,0.0,0.0,0.0,0.0,0,0,0
United States-Canada,2034,0,0.0,0.0,0.0,0.0,0,0,0
United States-Canada,2035,0,0.0,0.0,0.0,0.0,0,0,0
Unknown,2010,0,0.0,0.0,0.0,0.0,0,0,0
Unknown,2011,0,0.0,0.0,0.0,0.0,0,0,0
Unknown,2012,0,0.0,0.0,0.0,0.0,0,0,0
Unknown,2013,0,0.0,0.0,0.0,0.0,0,0,0
Unknown,2014,0,0.0,0.0,0.0,0.0,0,0,0
Unknown,2015,0,0.0,0.0,0.0,0.0,0,0,0
Unknown,2016,0,0.0,0.0,0.0,0.0,0,0,0
Unknown,2017,0,0.0,0.0,0.0,0.0,0,0,0
Unknown,2018,0,0.0,0.0,0.0,0.0,0,0,0
Unknown,2019,0,0.0,0.0,0.0,0.0,0,0,0
Unknown,2020,0,0.0,0.0,0.0,0.0,0,0,0
Unknown,2021,0,0.0,0.0,0.0,0.0,0,0,0
Unknown,2022,0,0.0,0.0,0.0,0.0,0,0,0
Unknown,2023,1,14000000.0,14.0,14000000.0,14.0,0,1,0
Unknown,2024,1,0.0,0.0,14000000.0,14.0,0,1,0
Unknown,2025,0,0.0,0.0,14000000.0,14.0,0,0,0
Unknown,2026,0,0.0,0.0,14000000.0,14.0,0,0,0
Unknown,2027,0,0.0,0.0,14000000.0,14.0,0,0,0
Unknown,2028,0,0.0,0.0,14000000.0,14.0,0,0,0
Unknown,2029,0,0.0,0.0,14000000.0,14.0,0,0,0
Unknown,2030,0,0.0,0.0,14000000.0,14.0,0,0,0
Unknown,2031,0,0.0,0.0,14000000.0,14.0,0,0,0
Unknown,2032,0,0.0,0.0,14000000.0,14.0,0,0,0
Unknown,2033,0,0.0,0.0,14000000.0,14.0,0,0,0
Unknown,2034,0,0.0,0.0,14000000.0,14.0,0,0,0
Unknown,2035,0,0.0,0.0,14000000.0,14.0,0,0,0
Uruguay,2010,0,0.0,0.0,0.0,0.0,0,0,0
Uruguay,2011,0,0.0,0.0,0.0,0.0,0,0,0
Uruguay,2012,0,0.0,0.0,0.0,0.0,0,0,0
Uruguay,2013,0,0.0,0.0,0.0,0.0,0,0,0
Uruguay,2014,0,0.0,0.0,0.0,0.0,0,0,0
Uruguay,2015,0,0.0,0.0,0.0,0.0,0,0,0
Uruguay,2016,0,0.0,0.0,0.0,0.0,0,0,0
Uruguay,2017,0,0.0,0.0,0.0,0.0,0,0,0
Uruguay,2018,0,0.0,0.0,0.0,0.0,0,0,0
Uruguay,2019,0,0.0,0.0,0.0,0.0,0,0,0
Uruguay,2020,0,0.0,0.0,0.0,0.0,0,0,0
Uruguay,2021,0,0.0,0.0,0.0,0.0,0,0,0
Uruguay,2022,0,0.0,0.0,0.0,0.0,0,0,0
Uruguay,2023,0,0.0,0.0,0.0,0.0,0,0,0
Uruguay,2024,0,0.0,0.0,0.0,0.0,0,0,0
Uruguay,2025,0,0.0,0.0,0.0,0.0,0,0,0
Uruguay,2026,0,0.0,0.0,0.0,0.0,0,0,0
Uruguay,2027,1,150000.0,0.15,150000.0,0.15,0,1,0
Uruguay,2028,0,0.0,0.0,150000.0,0.15,0,0,0
Uruguay,2029,0,0.0,0.0,150000.0,0.15,0,0,0
Uruguay,2030,0,0.0,0.0,150000.0,0.15,0,0,0
Uruguay,2031,0,0.0,0.0,150000.0,0.15,0,0,0
Uruguay,2032,0,0.0,0.0,150000.0,0.15,0,0,0
Uruguay,2033,0,0.0,0.0,150000.0,0.15,0,0,0
Uruguay,2034,0,0.0,0.0,150000.0,0.15,0,0,0
Uruguay,2035,0,0.0,0.0,150000.0,0.15,0,0,0
Vietnam,2010,0,0.0,0.0,0.0,0.0,0,0,0
Vietnam,2011,0,0.0,0.0,0.0,0.0,0,0,0
Vietnam,2012,0,0.0,0.0,0.0,0.0,0,0,0
Vietnam,2013,0,0.0,0.0,0.0,0.0,0,0,0
Vietnam,2014,0,0.0,0.0,0.0,0.0,0,0,0
Vietnam,2015,0,0.0,0.0,0.0,0.0,0,0,0
Vietnam,2016,0,0.0,0.0,0.0,0.0,0,0,0
Vietnam,2017,0,0.0,0.0,0.0,0.0,0,0,0
Vietnam,2018,0,0.0,0.0,0.0,0.0,0,0,0
Vietnam,2019,0,0.0,0.0,0.0,0.0,0,0,0
Vietnam,2020,0,0.0,0.0,0.0,0.0,0,0,0
Vietnam,2021,0,0.0,0.0,0.0,0.0,0,0,0
Vietnam,2022,0,0.0,0.0,0.0,0.0,0,0,0
Vietnam,2023,0,0.0,0.0,0.0,0.0,0,0,0
Vietnam,2024,0,0.0,0.0,0.0,0.0,0,0,0
Vietnam,2025,1,160000.0,0.16,160000.0,0.16,0,1,0
Vietnam,2026,0,0.0,0.0,160000.0,0.16,0,0,0
Vietnam,2027,0,0.0,0.0,160000.0,0.16,0,0,0
Vietnam,2028,0,0.0,0.0,160000.0,0.16,0,0,0
Vietnam,2029,0,0.0,0.0,160000.0,0.16,0,0,0
Vietnam,2030,0,0.0,0.0,160000.0,0.16,0,0,0
Vietnam,2031,0,0.0,0.0,160000.0,0.16,0,0,0
Vietnam,2032,0,0.0,0.0,160000.0,0.16,0,0,0
Vietnam,2033,0,0.0,0.0,160000.0,0.16,0,0,0
Vietnam,2034,0,0.0,0.0,160000.0,0.16,0,0,0
Vietnam,2035,0,0.0,0.0,160000.0,0.16,0,0,0
World,2010,16,13460000.0,13.46,13460000.0,13.46,2,13,0
World,2011,1,330000.0,0.33,13790000.0,13.79,0,0,0
World,2012,1,160000.0,0.16,13950000.0,13.95,1,0,0
World,2013,7,21500000.0,21.5,35450000.0,35.45,5,2,0
World,2014,1,1000000.0,1.0,36450000.0,36.45,1,0,0
World,2015,3,1900000.0,1.9,38350000.0,38.35,3,0,0
World,2016,3,2500000.0,2.5,40850000.0,40.85,2,1,0
World,2017,8,19090000.0,19.09,59940000.0,59.94,2,4,0
World,2018,9,4700000.0,4.7,64640000.0,64.64,1,5,0
World,2019,11,22994000.0,22.994,87634000.0,87.634,2,8,0
World,2020,24,53105000.0,53.105,140739000.0,140.739,7,11,0
World,2021,63,66272000.0,66.272,207011000.0,207.011,3,53,0
World,2022,91,114113000.0,114.113,321124000.0,321.124,4,82,1
World,2023,127,533914000.0,533.914,855038000.0,855.038,11,109,0
World,2024,78,48079000.0,48.079,903117000.0,903.117,11,62,1
World,2025,51,54556000.0,54.556,957673000.0,957.673,19,22,0
World,2026,51,100524000.0,100.524,1058197000.0,1058.197,0,4,35
World,2027,80,173296000.0,173.296,1231493000.0,1231.493,0,69,5
World,2028,153,310728000.0,310.728,1542221000.0,1542.221,0,135,13
World,2029,72,146213000.0,146.213,1688434000.0,1688.434,0,60,10
World,2030,165,444864000.0,444.864,2133298000.0,2133.298,0,158,1
World,2031,18,25994000.0,25.994,2159292000.0,2159.292,0,18,0
World,2032,26,104295000.0,104.295,2263587000.0,2263.587,0,26,0
World,2033,11,29700000.0,29.7,2293287000.0,2293.287,0,11,0
World,2034,4,11780000.0,11.78,2305067000.0,2305.067,0,4,0
World,2035,16,118190000.0,118.19,2423257000.0,2423.257,0,15,0
